<?xml version="1.0" encoding="utf-8"?>
<!-- 
  Copyright (c) 2013 Ericsson AB.
  All rights reserved
  
  DX ECIM Tool-chain generated this file on Jan 2, 2013 8:15:48 AM using 
    * ecim.m2m (2.3.1.201206201134)
    * ecim.m2t (2.3.1.201206201134) 
    * ecim.dsl (2.3.1.201206201134) 
    * ecim.edm (2.3.1.201206201134) 
--><!DOCTYPE models SYSTEM "mp.dtd">
<models>
    <dtdVersion>E</dtdVersion>
    <momMetaData>
        <momTitle>title</momTitle>
        <momSubTitle>sub title</momSubTitle>
        <momIdentity>
            <docNum>0</docNum>
            <docLang>English</docLang>
            <docRev>0</docRev>
            <docDate>date</docDate>
        </momIdentity>
    </momMetaData>
    <interMim>
        <relationship name="SystemFunctions_to_FileM">
            <containment>
                <parent>
                    <hasClass name="SystemFunctions">
                        <mimName>ComTop</mimName>
                    </hasClass>
                </parent>
                <child>
                    <hasClass name="FileM">
                        <mimName>ComFileM</mimName>
                    </hasClass>
                    <cardinality>
                        <min>1</min>
                        <max>1</max>
                    </cardinality>
                </child>
            </containment>
        </relationship>
    </interMim>
    <mim author="ERAASC" contact="EAB/FLE/CD Anders Carlsson" date="2012-03-09" docNo="" name="ComFileM" namespace="urn:com:ericsson:ecim:ComFileM" namespacePrefix="comfilem" organization="EAB/FLE/CD" release="0" revision="" version="10">
        <description>The COM FileM model which is based on ECIM FileM.</description>
        <domainExtension domain="ECIM">
            <extension name="ecimMomName" value="ECIM_FileM"/>
            <extension name="ecimMomVersion" value="2"/>
            <extension name="ecimMomRelease" value="0"/>
            <extension name="immNamespace" value="NONE"/>
        </domainExtension>
        <enum name="FullAction">
            <description>Specifies the different alternatives when a file group or tree of file groups is full.
The word "full" means that the file group would exceed a defined limit unless an action is taken.</description>
            <enumMember name="DISCARD_NEWEST">
                <description>Do not store a file if that would cause the defined limit to be exceeded.
Instead current (the newest) file is discarded.</description>
                <value>1</value>
            </enumMember>
            <enumMember name="DISCARD_OLDEST">
                <description>The oldest file(s) are removed to give space for the newest file.
If the file group or the hierarchical tree of file groups would exceed its limit, when a new file is stored, then the oldest file in the file group or tree of file groups is deleted before storing the new file.</description>
                <value>2</value>
            </enumMember>
        </enum>
        <enum name="HousekeepingAspect">
            <description>Defines the different aspects of housekeeping of a file group that can be monitored.</description>
            <enumMember name="SIZE">
                <description>The sum of the size of all files is the monitored aspect.</description>
                <value>1</value>
            </enumMember>
            <enumMember name="QUANTITY">
                <description>The sum of the number of files is the monitored aspect.</description>
                <value>2</value>
            </enumMember>
        </enum>
        <enum name="Severity">
            <description>Specifies the severity of passing a threshold.</description>
            <enumMember name="WARNING">
                <description>There is some risk for system failure.</description>
                <value>6</value>
            </enumMember>
            <enumMember name="MINOR">
                <description>There is a minor risk for system failure.</description>
                <value>5</value>
            </enumMember>
            <enumMember name="MAJOR">
                <description>There is a major risk for system failure.</description>
                <value>4</value>
            </enumMember>
            <enumMember name="CRITICAL">
                <description>There is a critical risk for system failure.</description>
                <value>3</value>
            </enumMember>
        </enum>
        <class name="FileGroupPolicy">
            <description>FileGroupPolicy defines rules for housekeeping of file groups.</description>
            <attribute name="fileGroupPolicyId">
                <description>The value component of the RDN.</description>
                <mandatory/>
                <noNotification/>
                <restricted/>
                <key/>
                <dataType>
                    <string/>
                </dataType>
            </attribute>
            <attribute name="userLabel">
                <description>An additional descriptive text.</description>
                <domainExtension domain="ECIM">
                    <extension name="isNillable" value="true"/>
                </domainExtension>
                <dataType>
                    <string/>
                </dataType>
            </attribute>
            <attribute name="maxNumberFiles">
                <description>Defines the maximum number of files of each tree of file groups related to this FileGroupPolicy.
0 indicates that no limit is set.
If the tree of file groups referenced by this policy, includes a (tree of) file group(s) with a policy of its own, then these file group(s) are excluded when the number of files for this policy are calculated.</description>
                <mandatory/>
                <dataType>
                    <int32/>
                </dataType>
            </attribute>
            <attribute name="retentionTime">
                <description>Indicates for how long the files belonging to this group are kept before being automatically deleted. 
The unit is minutes.
0 indicates that the files are kept for ever.</description>
                <mandatory/>
                <dataType>
                    <int32/>
                </dataType>
            </attribute>
            <attribute name="fullFileGroupAction">
                <description>This attribute defines the action taken by the housekeeping logic when a limit is reached.
Two limits can be defined by attributes maxFileGroupSize or maxNumberFiles.
Possible values are:
-DISCARD_NEWEST: The system does not allow storing a new file if that would cause the limit to be exceeded.
-DISCARD_OLDEST: If the limit would be exceeded by storing a new file, then the oldest file(s) in the group is deleted before storing the new file.</description>
                <domainExtension domain="ECIM">
                    <extension name="isNillable" value="true"/>
                </domainExtension>
                <dataType>
                    <enumRef name="FullAction">
                        <defaultValue>DISCARD_OLDEST</defaultValue>
                        <mimName>ComFileM</mimName>
                    </enumRef>
                </dataType>
            </attribute>
            <attribute name="fileGroup">
                <description>A reference to one or more file groups for which the housekeeping policy defined here applies.</description>
                <dataType>
                    <sequence>
                        <moRef name="FileGroup">
                            <mimName>ComFileM</mimName>
                        </moRef>
                        <minLength>0</minLength>
                        <nonUnique/>
                    </sequence>
                </dataType>
            </attribute>
        </class>
        <class name="FileM">
            <description>The top class of the the FileM model.</description>
            <systemCreated/>
            <root/>
            <attribute name="fileMId">
                <description>The value component of the RDN.</description>
                <mandatory/>
                <noNotification/>
                <restricted/>
                <key/>
                <dataType>
                    <string/>
                </dataType>
            </attribute>
            <attribute name="userLabel">
                <description>An additional descriptive text.</description>
                <domainExtension domain="ECIM">
                    <extension name="isNillable" value="true"/>
                </domainExtension>
                <dataType>
                    <string/>
                </dataType>
            </attribute>
        </class>
        <class name="LogicalFs">
            <description>This class represents the root of a file system, where files exposed over the NBI are represented.
The contained class FileGroup allows grouping of logically related files and class Fileinformation is representing individual files.</description>
            <systemCreated/>
            <attribute name="logicalFsId">
                <description>The value component of the RDN.</description>
                <mandatory/>
                <noNotification/>
                <restricted/>
                <key/>
                <dataType>
                    <string/>
                </dataType>
            </attribute>
            <attribute name="userLabel">
                <description>An additional descriptive text.</description>
                <domainExtension domain="ECIM">
                    <extension name="isNillable" value="true"/>
                </domainExtension>
                <dataType>
                    <string/>
                </dataType>
            </attribute>
        </class>
        <class name="FileGroup">
            <description>A file group is a set of files, which are logically related and possible to manage by a common policy. 
In order to allow a tree structured hierarchical representation of groups of files, the FileGroup class has an association to itself. Over the northbound interface of the managed element, the instances of classes LogicalFs, FileGroup and FileInformation represent a file system.
</description>
            <action name="removeFile">
                <description>Removes a named file in this file group.
The file name may contain a regular expression and thus a set of files within the file group matching the expression can be removed. The regular expression is interpreted according to POSIX definition of pattern used for file name expansion. removeFile() returns True when the file(s) are removed otherwise False.</description>
                <domainExtension domain="CoreMW">
                    <extension name="admOpId" value="0"/>
                </domainExtension>
                <returnType>
                    <boolean/>
                </returnType>
                <parameter name="file">
                    <description>This parameter specifies the file within the FileGroup to be removed. The file string is interpreted as a regular expression and all files matching the expression will be removed.</description>
                    <in/>
                    <dataType>
                        <string/>
                    </dataType>
                </parameter>
            </action>
            <attribute name="fileGroupId">
                <description>The value component of the RDN.</description>
                <mandatory/>
                <noNotification/>
                <restricted/>
                <key/>
                <dataType>
                    <string/>
                </dataType>
            </attribute>
            <attribute name="reservedByPolicy">
                <description>This attribute lists the DN of all MOs within the FileM MOM referring to this file group.
To be explicit, all instances of the classes FileGroupPolicy, TransferPolicyForConsumer and TransferPolicyForProducer that reference this file group.</description>
                <noNotification/>
                <nonPersistent/>
                <readOnly/>
                <dataType>
                    <sequence>
                        <moRef name="ManagedObject"/>
                        <minLength>0</minLength>
                        <nonUnique/>
                    </sequence>
                </dataType>
            </attribute>
        </class>
        <class name="FileInformation">
            <description>An instance of FileInformation represents a file. 
</description>
            <systemCreated/>
            <attribute name="fileInformationId">
                <description>The value component of the RDN.</description>
                <mandatory/>
                <noNotification/>
                <restricted/>
                <key/>
                <dataType>
                    <string/>
                </dataType>
            </attribute>
            <attribute name="modificationTime">
                <description>Date and time of latest modification.</description>
                <noNotification/>
                <readOnly/>
                <dataType>
                    <derivedDataTypeRef name="DateTimeWithoutOffset">
                        <mimName>ECIM_CommonLibrary</mimName>
                    </derivedDataTypeRef>
                </dataType>
            </attribute>
            <attribute name="size">
                <description>The size of the file in kB.</description>
                <noNotification/>
                <readOnly/>
                <dataType>
                    <int64/>
                </dataType>
            </attribute>
            <attribute name="type">
                <description>The type of the file.
The type specifies how the content of the file is structured and shall follow common practice. For example, "xml" indicates that the content of the file is structured according to the eXtensible Markup Language.</description>
                <noNotification/>
                <readOnly/>
                <dataType>
                    <string/>
                </dataType>
            </attribute>
        </class>
        <class name="ThresholdMonitoring">
            <description>This class handles the thresholds for housekeeping of files in a file group.</description>
            <attribute name="thresholdMonitoringId">
                <description>The value component of the RDN.</description>
                <mandatory/>
                <noNotification/>
                <restricted/>
                <key/>
                <dataType>
                    <string/>
                </dataType>
            </attribute>
            <attribute name="userLabel">
                <description>An additional descriptive text.</description>
                <domainExtension domain="ECIM">
                    <extension name="isNillable" value="true"/>
                </domainExtension>
                <dataType>
                    <string/>
                </dataType>
            </attribute>
            <attribute name="monitoredAspect">
                <description>Defines what aspect this alarm is monitoring.
Possible values are: SIZE | QUANTITY</description>
                <domainExtension domain="ECIM">
                    <extension name="isNillable" value="true"/>
                </domainExtension>
                <dataType>
                    <enumRef name="HousekeepingAspect">
                        <defaultValue>SIZE</defaultValue>
                        <mimName>ComFileM</mimName>
                    </enumRef>
                </dataType>
            </attribute>
            <attribute name="thresholdHigh">
                <description>Defines the upper threshold for the configured monitored aspect and severity of associated alarm.
A new alarm shall be sent or an existing alarm shall change severity, if the monitored value has reached or exceeded this threshold. The alarm shall change severity if there is another MO of the same monitored aspect with a higher threshold value than this MO. The unit of the configured value depends on the selected monitored aspect; SIZE is given in kilo bytes (kB) and QUANTITY has no unit.</description>
                <mandatory/>
                <dataType>
                    <uint32/>
                </dataType>
            </attribute>
            <attribute name="thresholdLow">
                <description>Defines the lower threshold for the configured monitored aspect and severity of associated alarm. 
If there is an outstanding alarm, that alarm shall change severity or be cleared when the monitored value has reached or fallen below this threshold.  The alarm shall be cleared if there is no other MO of the same monitored aspect with a lower threshold value else only a new alarm with lower severity shall be sent. The unit of the configured value depends on the selected monitored aspect; SIZE is given in kilo bytes (kB) and QUANTITY has no unit.</description>
                <domainExtension domain="ECIM">
                    <extension name="isNillable" value="true"/>
                </domainExtension>
                <dataType>
                    <uint32>
                        <defaultValue>0</defaultValue>
                    </uint32>
                </dataType>
            </attribute>
            <attribute name="thresholdSeverity">
                <description>The severity of the alarm.

Possible values are: WARNING | MINOR| MAJOR| CRITICAL</description>
                <domainExtension domain="ECIM">
                    <extension name="isNillable" value="true"/>
                </domainExtension>
                <dataType>
                    <enumRef name="Severity">
                        <defaultValue>WARNING</defaultValue>
                        <mimName>ComFileM</mimName>
                    </enumRef>
                </dataType>
            </attribute>
        </class>
        <class name="FileMConfigData">
            <description>Hidden MOC for fileM configuration</description>
            <systemCreated/>
            <filter>filemData</filter>
            <attribute name="fileMConfigDataId">
                <description>The value component of the RDN.</description>
                <mandatory/>
                <noNotification/>
                <restricted/>
                <key/>
                <dataType>
                    <string/>
                </dataType>
                <filter>filemData</filter>
            </attribute>
            <attribute name="internalRoot">
                <description>Internal root for File Management</description>
                <noNotification/>
                <readOnly/>
                <dataType>
                    <string/>
                </dataType>
                <filter>filemData</filter>
            </attribute>
        </class>
        <relationship name="FileM_to_LogicalFs">
            <containment>
                <parent>
                    <hasClass name="FileM">
                        <mimName>ComFileM</mimName>
                    </hasClass>
                </parent>
                <child>
                    <hasClass name="LogicalFs">
                        <mimName>ComFileM</mimName>
                    </hasClass>
                    <cardinality>
                        <min>1</min>
                        <max>1</max>
                    </cardinality>
                </child>
            </containment>
        </relationship>
        <relationship name="FileM_to_FileGroupPolicy">
            <containment>
                <parent>
                    <hasClass name="FileM">
                        <mimName>ComFileM</mimName>
                    </hasClass>
                </parent>
                <child>
                    <hasClass name="FileGroupPolicy">
                        <mimName>ComFileM</mimName>
                    </hasClass>
                    <cardinality>
                        <min>0</min>
                    </cardinality>
                </child>
            </containment>
        </relationship>
        <relationship name="FileGroup_to_FileGroup">
            <description>Recursive association allowing creation and represenation of nested directories.</description>
            <containment>
                <parent>
                    <hasClass name="FileGroup">
                        <mimName>ComFileM</mimName>
                    </hasClass>
                </parent>
                <child>
                    <hasClass name="FileGroup">
                        <mimName>ComFileM</mimName>
                    </hasClass>
                    <cardinality>
                        <min>0</min>
                    </cardinality>
                </child>
            </containment>
        </relationship>
        <relationship name="FileGroup_to_FileInformation">
            <containment>
                <parent>
                    <hasClass name="FileGroup">
                        <mimName>ComFileM</mimName>
                    </hasClass>
                </parent>
                <child>
                    <hasClass name="FileInformation">
                        <mimName>ComFileM</mimName>
                    </hasClass>
                    <cardinality>
                        <min>0</min>
                    </cardinality>
                </child>
            </containment>
        </relationship>
        <relationship name="LogicalFs_to_FileGroup">
            <containment>
                <parent>
                    <hasClass name="LogicalFs">
                        <mimName>ComFileM</mimName>
                    </hasClass>
                </parent>
                <child>
                    <hasClass name="FileGroup">
                        <mimName>ComFileM</mimName>
                    </hasClass>
                    <cardinality>
                        <min>0</min>
                    </cardinality>
                </child>
            </containment>
        </relationship>
        <relationship name="FileGroupPolicy_to_ThresholdMonitoring">
            <containment>
                <parent>
                    <hasClass name="FileGroupPolicy">
                        <mimName>ComFileM</mimName>
                    </hasClass>
                </parent>
                <child>
                    <hasClass name="ThresholdMonitoring">
                        <mimName>ComFileM</mimName>
                    </hasClass>
                    <cardinality>
                        <min>0</min>
                        <max>8</max>
                    </cardinality>
                </child>
            </containment>
        </relationship>
        <relationship name="LogicalFs_to_FileMConfigData">
            <containment>
                <parent>
                    <hasClass name="LogicalFs">
                        <mimName>ComFileM</mimName>
                    </hasClass>
                </parent>
                <child>
                    <hasClass name="FileMConfigData">
                        <mimName>ComFileM</mimName>
                    </hasClass>
                    <cardinality>
                        <min>1</min>
                        <max>1</max>
                    </cardinality>
                </child>
            </containment>
        </relationship>
    </mim>
</models>