<?xml version="1.0" encoding="utf-8"?>
<!-- 
  Copyright (c) 2013 Ericsson AB.
  All rights reserved
  
  DX ECIM Tool-chain generated this file on Jan 2, 2013 8:15:19 AM using 
    * ecim.m2m (2.3.1.201206201134)
    * ecim.m2t (2.3.1.201206201134) 
    * ecim.dsl (2.3.1.201206201134) 
    * ecim.edm (2.3.1.201206201134) 
--><!DOCTYPE models SYSTEM "mp.dtd">
<models>
    <dtdVersion>E</dtdVersion>
    <momMetaData>
        <momTitle>ECIM Security Management: LDAP Authentication Method</momTitle>
        <momSubTitle>sub title</momSubTitle>
        <momIdentity>
            <docNum>0</docNum>
            <docLang>English</docLang>
            <docRev>0</docRev>
            <docDate>date</docDate>
        </momIdentity>
    </momMetaData>
    <interMim>
        <relationship name="UserManagement_to_LdapAuthenticationMethod">
            <containment>
                <parent>
                    <hasClass name="UserManagement">
                        <mimName>ComSecM</mimName>
                    </hasClass>
                </parent>
                <child>
                    <hasClass name="LdapAuthenticationMethod">
                        <mimName>ComLdapAuthentication</mimName>
                    </hasClass>
                    <cardinality>
                        <min>1</min>
                        <max>1</max>
                    </cardinality>
                </child>
            </containment>
        </relationship>
    </interMim>
    <mim author="QPEREBJ" contact="" date="2011-04-18" docNo="" name="ComLdapAuthentication" namespace="urn:com:ericsson:ecim:ComLdapAuthentication" namespacePrefix="comldapauthentication" organization="EAB/FLE/CB" release="0" revision="" version="10">
        <description>LDAP Authentication model</description>
        <domainExtension domain="ECIM">
            <extension name="ecimMomName" value="ECIM_LDAP_Authentication"/>
            <extension name="ecimMomVersion" value="1"/>
            <extension name="ecimMomRelease" value="1"/>
            <extension name="immNamespace" value="NONE"/>
        </domainExtension>
        <enum name="FilterType">
            <description>-</description>
            <enumMember name="POSIX_GROUPS">
                <description>Roles for authorization are selected from LDAP database based on standard Posix account and Posix Group schemas. The cn attribute of the Posix Group object is treated as role.</description>
                <value>1</value>
            </enumMember>
            <enumMember name="ERICSSON_ROLES">
                <description>Roles for authorization are selected from LDAP database based on Posix account extended with auxiliary attribute ericssonUserAuthorizationScope.</description>
                <value>2</value>
            </enumMember>
            <enumMember name="FLEXIBLE">
                <description>Roles for authorization are selected from LDAP database based on attributes specified in the contained Filter object.</description>
                <value>3</value>
            </enumMember>
        </enum>
        <class name="Filter">
            <description>Filter class.  This LDAP filter is used to define the filter search used to locate the user's role definitions in the LDAP directory. 
Users roles are mapped to posixGroup in the LDAP schema. Each posixGroup contains a set of users; by this association, users are mapped into one or more roles.
For resolving the set of groups a user is member of the following search filter should be used:

ldapsearch (&amp;(objectClass=posixGroup)(memberUid="UID")) cn

where 
UID is the user ID parameter used during authentication;
cn is the common name value returned for the posixGroup which shall match a role name in an authorization method;
(&amp;(objectClass=posixGroup)(memberUid="")) is the search filter contained by the filter attribute.

</description>
            <systemCreated/>
            <attribute name="filterId">
                <description>The value component of the RDN.</description>
                <mandatory/>
                <noNotification/>
                <restricted/>
                <key/>
                <dataType>
                    <string/>
                </dataType>
            </attribute>
            <attribute name="userLabel">
                <description>Freetext for filter information</description>
                <domainExtension domain="ECIM">
                    <extension name="isNillable" value="true"/>
                </domainExtension>
                <noNotification/>
                <dataType>
                    <string/>
                </dataType>
            </attribute>
            <attribute name="filter">
                <description>The filter that will be used when searching in the LDAP tree. 


</description>
                <domainExtension domain="ECIM">
                    <extension name="isNillable" value="true"/>
                </domainExtension>
                <noNotification/>
                <dataType>
                    <string/>
                </dataType>
            </attribute>
            <attribute name="type">
                <description>This can be any parameter in the LDAP schema. It determines which attribute to retrieved from an element in the database. </description>
                <domainExtension domain="ECIM">
                    <extension name="isNillable" value="true"/>
                </domainExtension>
                <noNotification/>
                <dataType>
                    <string/>
                </dataType>
            </attribute>
        </class>
        <class name="Ldap">
            <description>LDAP MOC.  This class contains the configurable information on primary and secondary LDAP directories.  </description>
            <systemCreated/>
            <attribute name="ldapId">
                <description>The value component of the RDN.</description>
                <mandatory/>
                <noNotification/>
                <restricted/>
                <key/>
                <dataType>
                    <string/>
                </dataType>
            </attribute>
            <attribute name="userLabel">
                <description>Freetext label</description>
                <domainExtension domain="ECIM">
                    <extension name="isNillable" value="true"/>
                </domainExtension>
                <noNotification/>
                <dataType>
                    <string/>
                </dataType>
            </attribute>
            <attribute name="bindDn">
                <description>Default bind DN used for user authentication towards the LDAP target(s).

The bind DN must be specified in an LDAP Dn format, e.g. dc=people,dc=mycompany,dc=com
</description>
                <domainExtension domain="ECIM">
                    <extension name="isNillable" value="true"/>
                </domainExtension>
                <noNotification/>
                <dataType>
                    <string/>
                </dataType>
            </attribute>
            <attribute name="ldapIpAddress">
                <description>IP address for the primary LDAP target</description>
                <mandatory/>
                <noNotification/>
                <dataType>
                    <string/>
                </dataType>
            </attribute>
            <attribute name="useTls">
                <description>Toggle to enable TLS towards primary LDAP target</description>
                <mandatory/>
                <noNotification/>
                <dataType>
                    <boolean/>
                </dataType>
            </attribute>
            <attribute name="baseDn">
                <description>Default base DN to use when performing ldap operations.

The base DN must be specified in an LDAP DN format, e.g. dc=people,dc=mycompany,dc=com
</description>
                <mandatory/>
                <noNotification/>
                <dataType>
                    <string/>
                </dataType>
            </attribute>
            <attribute name="fallbackLdapIpAddress">
                <description>Secondary LDAP target address in case primary is inaccessible</description>
                <domainExtension domain="ECIM">
                    <extension name="isNillable" value="true"/>
                </domainExtension>
                <noNotification/>
                <dataType>
                    <string/>
                </dataType>
            </attribute>
            <attribute name="useTlsFallback">
                <description>Toggle to enable TLS towards secondary LDAP target</description>
                <domainExtension domain="ECIM">
                    <extension name="isNillable" value="true"/>
                </domainExtension>
                <noNotification/>
                <dataType>
                    <boolean>
                        <defaultValue>false</defaultValue>
                    </boolean>
                </dataType>
            </attribute>
            <attribute name="tlsCaCertificate">
                <description>Certificate Authority's (CA) certificate that signed the LDAP server's certificate. The CA certificate is used to authenticate the server's certificate. The CA certificate is provided by the operator.

For example, the CA certificate could be represented as follows: /etc/ssl/certs/cacert.pem 
</description>
                <domainExtension domain="ECIM">
                    <extension name="isNillable" value="true"/>
                </domainExtension>
                <noNotification/>
                <dataType>
                    <string/>
                </dataType>
            </attribute>
            <attribute name="tlsClientCertificate">
                <description>Client certificate used if the LDAP server needs to authenticate the client. This is generated and provided by the operator. 

For example, the CA certificate could be represented as follows:  /home/ldap-user/certs/client.cert.pem 
In this example, /home/ldap-user/ is the home directory of the user account used by the LDAP client service.
</description>
                <domainExtension domain="ECIM">
                    <extension name="isNillable" value="true"/>
                </domainExtension>
                <noNotification/>
                <dataType>
                    <string/>
                </dataType>
            </attribute>
            <attribute name="tlsClientKey">
                <description>Specifies the private key for the client certificate referred by the tlsClientCertificate attribute. This is generated and provided by the operator. 

For example, the client key could be represented as follows:  /home/ldap-user/certs/keys/client.key.pem 
In this example, /home/ldap-user/ is the home directory of the user account used by the LDAP client service.</description>
                <domainExtension domain="ECIM">
                    <extension name="isNillable" value="true"/>
                </domainExtension>
                <noNotification/>
                <dataType>
                    <string/>
                </dataType>
            </attribute>
            <attribute name="nodeType">
                <description>The type or types of network node current managed element represents in management perspective. The value of this attribute is used, when a role defined in the LDAP database is prefixed with Node Type. Roles definitions where the Node Type prefix does not match are skipped. For example nodeType=ims.kista.se</description>
                <noNotification/>
                <dataType>
                    <sequence>
                        <string/>
                        <minLength>0</minLength>
                    </sequence>
                </dataType>
            </attribute>
            <attribute name="roleAliasesBaseDn">
                <description>LDAP base DN to a subtree of objects that is used to resolve alias roles to real roles.
The DN for such an object is role=[role], roleAliasesBaseDn.
For example:
If roleAliasesBaseDn = "dc=example,dc=com" and the user has role Admin, then if the object "role=Admin,dc=example,dc=com" exists and has attribute name = Administrator, the user gets the role Administrator instead.</description>
                <domainExtension domain="ECIM">
                    <extension name="isNillable" value="true"/>
                </domainExtension>
                <noNotification/>
                <dataType>
                    <string/>
                </dataType>
            </attribute>
            <attribute name="filterType">
                <description>The filterType selects method for user authorization.
POSIX_GROUPS - Roles for authorization are selected from LDAP database based on standard Posix account and Posix Group schemas. The cn attribute of the Posix Group object is treated as role. 
ERICSSON_ROLES - Roles for authorization are selected from LDAP database based on Posix account extended with auxiliary attribute ericssonUserAuthorizationScope. 
FLEXIBLE -  Roles for authorization are selected from LDAP database based on attributes specified in the contained Filter object.</description>
                <mandatory/>
                <noNotification/>
                <dataType>
                    <enumRef name="FilterType">
                        <mimName>ComLdapAuthentication</mimName>
                    </enumRef>
                </dataType>
            </attribute>
            <attribute name="bindPassword">
                <description>Password used for user authentication with bindDn towards the LDAP targets.</description>
                <domainExtension domain="ECIM">
                    <extension name="isNillable" value="true"/>
                </domainExtension>
                <noNotification/>
                <dataType>
                    <structRef name="EcimPassword">
                        <mimName>ECIM_CommonLibrary</mimName>
                    </structRef>
                </dataType>
            </attribute>
        </class>
        <class name="LdapAuthenticationMethod">
            <description>Root MOC of the LDAP Authentication Method.  LDAP based authentication uses an directory to store a user's credentials and allows them to be queired over a secure LDAP interface. </description>
            <systemCreated/>
            <root/>
            <attribute name="ldapAuthenticationMethodId">
                <description>RDN</description>
                <mandatory/>
                <noNotification/>
                <restricted/>
                <key/>
                <dataType>
                    <string/>
                </dataType>
            </attribute>
            <attribute name="administrativeState">
                <description>The administrative state of this authorization method.</description>
                <mandatory/>
                <noNotification/>
                <dataType>
                    <enumRef name="BasicAdmState">
                        <mimName>ComTop</mimName>
                    </enumRef>
                </dataType>
            </attribute>
            <attribute name="userLabel">
                <description>Freetext label</description>
                <domainExtension domain="ECIM">
                    <extension name="isNillable" value="true"/>
                </domainExtension>
                <noNotification/>
                <dataType>
                    <string/>
                </dataType>
            </attribute>
        </class>
        <relationship name="Ldap_to_Filter">
            <containment>
                <parent>
                    <hasClass name="Ldap">
                        <mimName>ComLdapAuthentication</mimName>
                    </hasClass>
                </parent>
                <child>
                    <hasClass name="Filter">
                        <mimName>ComLdapAuthentication</mimName>
                    </hasClass>
                    <cardinality>
                        <min>0</min>
                        <max>1</max>
                    </cardinality>
                </child>
            </containment>
        </relationship>
        <relationship name="LdapAuthenticationMethod_to_Ldap">
            <containment>
                <parent>
                    <hasClass name="LdapAuthenticationMethod">
                        <mimName>ComLdapAuthentication</mimName>
                    </hasClass>
                </parent>
                <child>
                    <hasClass name="Ldap">
                        <mimName>ComLdapAuthentication</mimName>
                    </hasClass>
                    <cardinality>
                        <min>1</min>
                        <max>1</max>
                    </cardinality>
                </child>
            </containment>
        </relationship>
    </mim>
</models>