<?xml version="1.0" encoding="utf-8"?>
<!-- 
  Copyright (c) 2013 Ericsson AB.
  All rights reserved
  
  DX ECIM Tool-chain generated this file on Jan 2, 2013 8:14:52 AM using 
    * ecim.m2m (2.3.1.201206201134)
    * ecim.m2t (2.3.1.201206201134) 
    * ecim.dsl (2.3.1.201206201134) 
    * ecim.edm (2.3.1.201206201134) 
--><!DOCTYPE models SYSTEM "mp.dtd">
<models>
    <dtdVersion>E</dtdVersion>
    <momMetaData>
        <momTitle>ECIM Security Management</momTitle>
        <momSubTitle>sub title</momSubTitle>
        <momIdentity>
            <docNum>0</docNum>
            <docLang>English</docLang>
            <docRev>0</docRev>
            <docDate>date</docDate>
        </momIdentity>
        <createdBy>
            <signature>M Behan</signature>
        </createdBy>
    </momMetaData>
    <interMim>
        <relationship name="SystemFunctions_to_SecM">
            <containment>
                <parent>
                    <hasClass name="SystemFunctions">
                        <mimName>ComTop</mimName>
                    </hasClass>
                </parent>
                <child>
                    <hasClass name="SecM">
                        <mimName>ComSecM</mimName>
                    </hasClass>
                    <cardinality>
                        <min>1</min>
                        <max>1</max>
                    </cardinality>
                </child>
            </containment>
        </relationship>
    </interMim>
    <mim author="QPEREBJ" contact="" date="2011-04-18" docNo="" name="ComSecM" namespace="urn:com:ericsson:ecim:ComSecM" namespacePrefix="comsecm" organization="EAB/FLE/CB" release="0" revision="" version="10">
        <description>ECIM Security Management fragment.

The Security Management fragment shall encompass most system security aspects to be configured on the Managed Element. This version of the model contains the User Management (authentication &amp; authorization) aspects. Authentication and authorization methods shall contribute towards the UserManagement MOC in a modular fashion.</description>
        <domainExtension domain="ECIM">
            <extension name="ecimMomName" value="ECIM_Security_Management"/>
            <extension name="ecimMomVersion" value="1"/>
            <extension name="ecimMomRelease" value="1"/>
            <extension name="immNamespace" value="NONE"/>
        </domainExtension>
        <struct name="MethodOrder">
            <description>Struct representing the order that a method should be used by a security function (authentication or authorization).</description>
            <structMember name="orderNumber">
                <description>The order number of the method (1-*)</description>
                <int16/>
            </structMember>
            <structMember name="methodReference">
                <description>An MO Reference to the method</description>
                <string/>
            </structMember>
            <structMember name="userLabel">
                <description>Freetext label to describe reason for the method order.</description>
                <string/>
            </structMember>
        </struct>
        <class name="SecM">
            <description>Security Management root MOC.</description>
            <systemCreated/>
            <root/>
            <attribute name="secMId">
                <description>Security Management value component of the RDN.</description>
                <mandatory/>
                <noNotification/>
                <restricted/>
                <key/>
                <dataType>
                    <string/>
                </dataType>
            </attribute>
        </class>
        <class name="AuthenticationOrder">
            <description>MO Class for managing the order of authentication methods.  The order that methods shall be used is specified in the methodOrder attribute.</description>
            <systemCreated/>
            <attribute name="authenticationOrderId">
                <description>The value component of the RDN.</description>
                <mandatory/>
                <noNotification/>
                <restricted/>
                <key/>
                <dataType>
                    <string/>
                </dataType>
            </attribute>
            <attribute name="authenticationMethodOrder">
                <description>The order in which authentication methods are to be used. 

Methods shall be called in the order specified by the orderNumber attribute. The method is referenced by the methodReference attribute.</description>
                <mandatory/>
                <noNotification/>
                <dataType>
                    <sequence>
                        <structRef name="MethodOrder">
                            <mimName>ComSecM</mimName>
                        </structRef>
                        <minLength>1</minLength>
                    </sequence>
                </dataType>
            </attribute>
            <attribute name="userLabel">
                <description>Freetext label</description>
                <domainExtension domain="ECIM">
                    <extension name="isNillable" value="true"/>
                </domainExtension>
                <noNotification/>
                <dataType>
                    <string/>
                </dataType>
            </attribute>
        </class>
        <class name="AuthorizationOrder">
            <description>MO Class for managing the order of authorization methods.  The order that methods shall be used is specified in the methodOrder attribute.</description>
            <systemCreated/>
            <attribute name="authorizationOrderId">
                <description>The value component of the RDN.</description>
                <mandatory/>
                <noNotification/>
                <restricted/>
                <key/>
                <dataType>
                    <string/>
                </dataType>
            </attribute>
            <attribute name="authorizationMethodOrder">
                <description>The order in which authorization methods are to be used.

Methods shall be called in the order specified by the orderNumber attribute. The method is referenced by the methodReference attribute.</description>
                <mandatory/>
                <noNotification/>
                <dataType>
                    <sequence>
                        <structRef name="MethodOrder">
                            <mimName>ComSecM</mimName>
                        </structRef>
                        <minLength>1</minLength>
                    </sequence>
                </dataType>
            </attribute>
            <attribute name="userLabel">
                <description>Freetext label</description>
                <domainExtension domain="ECIM">
                    <extension name="isNillable" value="true"/>
                </domainExtension>
                <noNotification/>
                <dataType>
                    <string/>
                </dataType>
            </attribute>
        </class>
        <class name="UserManagement">
            <description>User Management</description>
            <systemCreated/>
            <attribute name="userManagementId">
                <description>The value component of the RDN.</description>
                <mandatory/>
                <noNotification/>
                <restricted/>
                <key/>
                <dataType>
                    <string/>
                </dataType>
            </attribute>
            <attribute name="userLabel">
                <description>Freetext label</description>
                <domainExtension domain="ECIM">
                    <extension name="isNillable" value="true"/>
                </domainExtension>
                <noNotification/>
                <dataType>
                    <string/>
                </dataType>
            </attribute>
        </class>
        <relationship name="SecM_to_UserManagement">
            <containment>
                <parent>
                    <hasClass name="SecM">
                        <mimName>ComSecM</mimName>
                    </hasClass>
                </parent>
                <child>
                    <hasClass name="UserManagement">
                        <mimName>ComSecM</mimName>
                    </hasClass>
                    <cardinality>
                        <min>1</min>
                        <max>1</max>
                    </cardinality>
                </child>
            </containment>
        </relationship>
        <relationship name="UserManagement_to_AuthenticationOrder">
            <containment>
                <parent>
                    <hasClass name="UserManagement">
                        <mimName>ComSecM</mimName>
                    </hasClass>
                </parent>
                <child>
                    <hasClass name="AuthenticationOrder">
                        <mimName>ComSecM</mimName>
                    </hasClass>
                    <cardinality>
                        <min>0</min>
                        <max>1</max>
                    </cardinality>
                </child>
            </containment>
        </relationship>
        <relationship name="UserManagement_to_AuthorizationOrder">
            <containment>
                <parent>
                    <hasClass name="UserManagement">
                        <mimName>ComSecM</mimName>
                    </hasClass>
                </parent>
                <child>
                    <hasClass name="AuthorizationOrder">
                        <mimName>ComSecM</mimName>
                    </hasClass>
                    <cardinality>
                        <min>0</min>
                        <max>1</max>
                    </cardinality>
                </child>
            </containment>
        </relationship>
    </mim>
</models>