<?xml version="1.0" encoding="utf-8"?>
<!-- 
  Copyright (c) 2013 Ericsson AB.
  All rights reserved
  
  DX ECIM Tool-chain generated this file on Jan 2, 2013 8:14:24 AM using 
    * ecim.m2m (2.3.1.201206201134)
    * ecim.m2t (2.3.1.201206201134) 
    * ecim.dsl (2.3.1.201206201134) 
    * ecim.edm (2.3.1.201206201134) 
--><!DOCTYPE models SYSTEM "mp.dtd">
<models>
    <dtdVersion>E</dtdVersion>
    <momMetaData>
        <momTitle>title</momTitle>
        <momSubTitle>sub title</momSubTitle>
        <momIdentity>
            <docNum>0</docNum>
            <docLang>English</docLang>
            <docRev>0</docRev>
            <docDate>07/10/2011</docDate>
        </momIdentity>
    </momMetaData>
    <interMim>
        <relationship name="SystemFunctions_to_SysM">
            <containment>
                <parent>
                    <hasClass name="SystemFunctions">
                        <mimName>ComTop</mimName>
                    </hasClass>
                </parent>
                <child>
                    <hasClass name="SysM">
                        <mimName>ComSysM</mimName>
                    </hasClass>
                    <cardinality>
                        <min>1</min>
                        <max>1</max>
                    </cardinality>
                </child>
            </containment>
        </relationship>
    </interMim>
    <mim author="Vahagn Avedian" contact="ETXAVED" date="04/11/2011" docNo="" name="ComSysM" namespace="urn:com:ericsson:ecim:ComSysM" namespacePrefix="comsysm" organization="EAB/FLE/TA" release="0" revision="A" version="2">
        <description>The system management fragment is used to define the features that are used by other fragments or by the managed element itself. These include the schema for the managed element that will define the version handling for the model parts and the handling of the NTP server information.
</description>
        <domainExtension domain="ECIM">
            <extension name="ecimMomName" value="ECIM_SysM"/>
            <extension name="ecimMomVersion" value="2"/>
            <extension name="ecimMomRelease" value="0"/>
            <extension name="immNamespace" value="NONE"/>
        </domainExtension>
        <class name="SysM">
            <description>This is the System Management MO. 

It is a parent to the MOs which represent the system level functions such as time handling and version handling.

This MO is created automatically and cannot be deleted.

The RDN of this MO is SysM=1.</description>
            <systemCreated/>
            <root/>
            <attribute name="sysMId">
                <description>The value component of the RDN.

It is set automatically when the MO instance is created.</description>
                <mandatory/>
                <noNotification/>
                <restricted/>
                <key/>
                <dataType>
                    <string/>
                </dataType>
            </attribute>
            <attribute name="userLabel">
                <description>Label for free use.</description>
                <domainExtension domain="ECIM">
                    <extension name="isNillable" value="true"/>
                </domainExtension>
                <dataType>
                    <string/>
                </dataType>
            </attribute>
        </class>
        <class name="NtpServer">
            <description>The NtpServer MO represents a persistent NTP client mode network association with a specified remote server or local reference clock address. </description>
            <specification>RFC1305; RFC5905</specification>
            <attribute name="userLabel">
                <description>Label for free use.</description>
                <domainExtension domain="ECIM">
                    <extension name="isNillable" value="true"/>
                </domainExtension>
                <dataType>
                    <string/>
                </dataType>
            </attribute>
            <attribute name="ntpServerId">
                <description>The value component of the RDN.</description>
                <mandatory/>
                <noNotification/>
                <restricted/>
                <key/>
                <dataType>
                    <string/>
                </dataType>
            </attribute>
            <attribute name="serverAddress">
                <description>This is the address of the NTP server with which a persistent client server mode association will be made.

The serverAddress represents either a V4 IP address,a V6 IP address or a DNS domain name.</description>
                <mandatory/>
                <dataType>
                    <derivedDataTypeRef name="IpDNSAddress">
                        <mimName>ECIM_CommonLibrary</mimName>
                    </derivedDataTypeRef>
                </dataType>
            </attribute>
            <attribute name="administrativeState">
                <description>The administrative state enables or disables the operation of the NTP client function. This is a convenience function to permit some or all NtpServer instances to be temporarily disabled without having to delete the object.</description>
                <domainExtension domain="ECIM">
                    <extension name="isNillable" value="true"/>
                </domainExtension>
                <dataType>
                    <enumRef name="BasicAdmState">
                        <defaultValue>UNLOCKED</defaultValue>
                        <mimName>ECIM_CommonLibrary</mimName>
                    </enumRef>
                </dataType>
            </attribute>
        </class>
        <class name="Schema">
            <description>The Schema MO represents a MIM model fragment whose corresponding functionality is operational in the Managed Element.</description>
            <systemCreated/>
            <attribute name="schemaId">
                <description>The value component of the RDN.

It is set automatically at system upgrade or installation.</description>
                <mandatory/>
                <noNotification/>
                <restricted/>
                <key/>
                <dataType>
                    <string/>
                </dataType>
            </attribute>
            <attribute name="identifier">
                <description>The identifier attribute will represent the name of the data model fragment that the schema represents.

Example: In the case of an mp.dtd based MIM it is the mim name of the data model of the model fragment.</description>
                <noNotification/>
                <readOnly/>
                <dataType>
                    <string/>
                </dataType>
            </attribute>
            <attribute name="baseModelIdentifier">
                <description>The base model identifier attribute represents the name of the common information model fragment that the data model fragment is derived from.</description>
                <noNotification/>
                <readOnly/>
                <dataType>
                    <string/>
                </dataType>
            </attribute>
            <attribute name="version">
                <description>The version attribute represents the full version information for the data model fragment that the schema represents. The version and release values will be concantenated with a . (dot).

Example: In the case of an mp.dtd based MIM it is a concatenation of the mim version and release of the data model of the model fragment itself.</description>
                <noNotification/>
                <readOnly/>
                <dataType>
                    <string/>
                </dataType>
            </attribute>
            <attribute name="baseModelVersion">
                <description>The baseModelVersion attribute represents the full version information for the common information model fragment that the data model fragment is derived from. The version and release values will be concantenated with a . (dot). 

Example: In the case of an mp.dtd based MIM it is a concatenation of the mim version and mim release of the common information model fragment that the data model is derived from.</description>
                <noNotification/>
                <readOnly/>
                <dataType>
                    <string/>
                </dataType>
            </attribute>
            <attribute name="fileInformation">
                <description>This attribute contains a reference to the FileInformation MO which represents the Schema data model file,  if the FileInformation MO is supported by the Managed Element.

This reference is presented in the form of the Distinguished Name of the referenced MO.</description>
                <noNotification/>
                <readOnly/>
                <dataType>
                    <moRef name="ManagedObject"/>
                </dataType>
            </attribute>
            <attribute name="location">
                <description>This attribute contains the path to the data model fragment schema file in the file system, including the file name.</description>
                <noNotification/>
                <readOnly/>
                <dataType>
                    <string/>
                </dataType>
            </attribute>
        </class>
        <relationship name="SysM_to_NtpServer">
            <containment>
                <parent>
                    <hasClass name="SysM">
                        <mimName>ComSysM</mimName>
                    </hasClass>
                </parent>
                <child>
                    <hasClass name="NtpServer">
                        <mimName>ComSysM</mimName>
                    </hasClass>
                    <cardinality>
                        <min>0</min>
                    </cardinality>
                </child>
            </containment>
        </relationship>
        <relationship name="SysM_to_Schema">
            <containment>
                <parent>
                    <hasClass name="SysM">
                        <mimName>ComSysM</mimName>
                    </hasClass>
                </parent>
                <child>
                    <hasClass name="Schema">
                        <mimName>ComSysM</mimName>
                    </hasClass>
                    <cardinality>
                        <min>2</min>
                    </cardinality>
                </child>
            </containment>
        </relationship>
    </mim>
</models>