<?xml version="1.0" encoding="utf-8"?>
<!-- 
  Copyright (c) 2013 Ericsson AB.
  All rights reserved
  
  DX ECIM Tool-chain generated this file on Jan 2, 2013 8:14:38 AM using 
    * ecim.m2m (2.3.1.201206201134)
    * ecim.m2t (2.3.1.201206201134) 
    * ecim.dsl (2.3.1.201206201134) 
    * ecim.edm (2.3.1.201206201134) 
--><!DOCTYPE models SYSTEM "mp.dtd">
<models>
    <dtdVersion>E</dtdVersion>
    <momMetaData>
        <momTitle>ECIM SNMP </momTitle>
        <momSubTitle>MOM Fragment</momSubTitle>
        <momIdentity>
            <docNum>0</docNum>
            <docLang>English</docLang>
            <docRev>0</docRev>
            <docDate>2011 01 28</docDate>
        </momIdentity>
        <createdBy>
            <signature>Patrik Buhr</signature>
        </createdBy>
    </momMetaData>
    <interMim>
        <relationship name="SysM_to_Snmp">
            <filter>crossMOMAssociation</filter>
            <containment>
                <parent>
                    <hasClass name="SysM">
                        <mimName>ComSysM</mimName>
                    </hasClass>
                </parent>
                <child>
                    <hasClass name="Snmp">
                        <mimName>ComSnmp</mimName>
                    </hasClass>
                    <cardinality>
                        <min>1</min>
                        <max>1</max>
                    </cardinality>
                </child>
            </containment>
        </relationship>
    </interMim>
    <mim author="Patrik Buhr" contact="QPATBUH" date="" docNo="" name="ComSnmp" namespace="urn:com:ericsson:ecim:ComSnmp" namespacePrefix="comsnmp" organization="EAB/FLE/CC" release="1" revision="A" version="10">
        <description>COM FM model, based on ECIM SNMP Fragment.</description>
        <domainExtension domain="ECIM">
            <extension name="immNamespace" value="NONE"/>
        </domainExtension>
        <struct name="HostAndPort">
            <description>Host (IP address or DNS name) and port number. </description>
            <structMember name="host">
                <description>IP address to listen for SNMP requests, typically 0.0.0.0, which means that requests on any interface is accepted. </description>
                <derivedDataTypeRef name="IpDNSAddress">
                    <mimName>ECIM_CommonLibrary</mimName>
                </derivedDataTypeRef>
            </structMember>
            <structMember name="port">
                <description>Port number used for listen for SNMP connections, typically 161 (which is the standard SNMP port). </description>
                <uint32/>
            </structMember>
        </struct>
        <enum name="NotifyType">
            <description>The type of method to use, can be TRAP or INFORM.</description>
            <enumMember name="TRAP">
                <value>1</value>
            </enumMember>
            <enumMember name="INFORM">
                <value>2</value>
            </enumMember>
        </enum>
        <enum name="SecurityLevel">
            <description>Tree types of security levels are supported: noAuthNoPriv, authNoPriv and authPriv.</description>
            <enumMember name="NO_AUTH_NO_PRIV">
                <value>1</value>
            </enumMember>
            <enumMember name="AUTH_NO_PRIV">
                <value>2</value>
            </enumMember>
            <enumMember name="AUTH_PRIV">
                <value>3</value>
            </enumMember>
        </enum>
        <enum name="AuthProtocol">
            <description>Valid values for authorization Protocol.</description>
            <enumMember name="NONE">
                <value>0</value>
            </enumMember>
            <enumMember name="MD5">
                <value>1</value>
            </enumMember>
            <enumMember name="SHA1">
                <value>2</value>
            </enumMember>
        </enum>
        <enum name="PrivProtocol">
            <description>Allowed values are DES and AES128 cipher</description>
            <enumMember name="NONE">
                <value>0</value>
            </enumMember>
            <enumMember name="DES">
                <value>1</value>
            </enumMember>
            <enumMember name="AES128">
                <value>2</value>
            </enumMember>
        </enum>
        <derivedDataType name="Timeout">
            <description>Restricts the Timeout intervals. 
</description>
            <baseType>
                <uint32>
                    <range>
                        <max>2147483647</max>
                        <min>0</min>
                    </range>
                </uint32>
            </baseType>
        </derivedDataType>
        <class name="Snmp">
            <description>Configuration of  the SNMP protocol.</description>
            <systemCreated/>
            <root/>
            <attribute name="snmpId">
                <description>The key attribute for Snmp.</description>
                <mandatory/>
                <noNotification/>
                <restricted/>
                <key/>
                <dataType>
                    <string/>
                </dataType>
            </attribute>
            <attribute name="operationalState">
                <description>Operational state signals the operational status of the SNMP functionality. If DISABLED, there is some problem that degrades the SNMP functionality. </description>
                <noNotification/>
                <readOnly/>
                <dataType>
                    <enumRef name="OperState">
                        <mimName>ECIM_CommonLibrary</mimName>
                    </enumRef>
                </dataType>
            </attribute>
            <attribute name="administrativeState">
                <description>The administrative state for the SNMP protocol. If LOCKED, no alarm, alerts or heartbeats are generated and
all users and views are disabled.</description>
                <domainExtension domain="ECIM">
                    <extension name="isNillable" value="true"/>
                </domainExtension>
                <noNotification/>
                <dataType>
                    <enumRef name="BasicAdmState">
                        <defaultValue>UNLOCKED</defaultValue>
                        <mimName>ECIM_CommonLibrary</mimName>
                    </enumRef>
                </dataType>
            </attribute>
            <attribute name="agentAddress">
                <description>A sequence of interfaces and ports which is used by the SNMP agent for listening on incomming SNMP requests. The typical configuration is IP address 0.0.0.0 and port 161, which means that the standard SNMP port is used on all interfaces. </description>
                <noNotification/>
                <dataType>
                    <sequence>
                        <structRef name="HostAndPort">
                            <mimName>ComSnmp</mimName>
                        </structRef>
                        <minLength>0</minLength>
                    </sequence>
                </dataType>
            </attribute>
        </class>
        <class name="SnmpTargetV1">
            <description>An SNMP target  defines a Trap receiver and gives access privileges. This class, defines V1 protocol attributes.</description>
            <attribute name="snmpTargetV1Id">
                <description>The key attribute for SnmpV1</description>
                <mandatory/>
                <noNotification/>
                <restricted/>
                <key/>
                <dataType>
                    <string/>
                </dataType>
            </attribute>
            <attribute name="community">
                <description>The SNMP community string.</description>
                <mandatory/>
                <noNotification/>
                <dataType>
                    <string/>
                </dataType>
            </attribute>
            <attribute name="administrativeState">
                <description>Administrative state for the SNMP target. When LOCKED,  for this user traps will not be sent and access is not allowed. 
</description>
                <domainExtension domain="ECIM">
                    <extension name="isNillable" value="true"/>
                </domainExtension>
                <noNotification/>
                <dataType>
                    <enumRef name="BasicAdmState">
                        <defaultValue>UNLOCKED</defaultValue>
                        <mimName>ECIM_CommonLibrary</mimName>
                    </enumRef>
                </dataType>
            </attribute>
            <attribute name="address">
                <description>Host address (or DNS name) for the SNMP Trap target</description>
                <mandatory/>
                <noNotification/>
                <dataType>
                    <derivedDataTypeRef name="IpDNSAddress">
                        <mimName>ECIM_CommonLibrary</mimName>
                    </derivedDataTypeRef>
                </dataType>
            </attribute>
            <attribute name="port">
                <description>UDP port number for this SNMP trap target.</description>
                <domainExtension domain="ECIM">
                    <extension name="isNillable" value="true"/>
                </domainExtension>
                <noNotification/>
                <dataType>
                    <uint32>
                        <defaultValue>162</defaultValue>
                    </uint32>
                </dataType>
            </attribute>
            <attribute name="isMibWritable">
                <description>Specifies if target has write access to MIB or not. If false, the user is only allowed to perform read access (SNMP GET etc.)</description>
                <domainExtension domain="ECIM">
                    <extension name="isNillable" value="true"/>
                </domainExtension>
                <noNotification/>
                <dataType>
                    <boolean>
                        <defaultValue>true</defaultValue>
                    </boolean>
                </dataType>
            </attribute>
            <attribute name="operationalState">
                <description>Signals the operational status of this SNMP target. </description>
                <noNotification/>
                <readOnly/>
                <dataType>
                    <enumRef name="OperState">
                        <mimName>ECIM_CommonLibrary</mimName>
                    </enumRef>
                </dataType>
            </attribute>
        </class>
        <class name="SnmpTargetV2C">
            <description>An SNMP target  defines a Trap receiver and gives access privileges. This class, defines V2C protocol attributes</description>
            <attribute name="snmpTargetV2CId">
                <description>The key attribute for SnmpV2c</description>
                <mandatory/>
                <noNotification/>
                <restricted/>
                <key/>
                <dataType>
                    <string/>
                </dataType>
            </attribute>
            <attribute name="community">
                <description>The SNMP community string</description>
                <mandatory/>
                <noNotification/>
                <dataType>
                    <string/>
                </dataType>
            </attribute>
            <attribute name="informRetryCount">
                <description>Specifies the number of retries to be attempted when a response is not received for a generated message. This value has only relevance if transportMethod is set to INFORM.</description>
                <domainExtension domain="ECIM">
                    <extension name="isNillable" value="true"/>
                </domainExtension>
                <noNotification/>
                <dataType>
                    <uint32>
                        <defaultValue>1</defaultValue>
                    </uint32>
                </dataType>
            </attribute>
            <attribute name="address">
                <description>Host address (or DNS name) for the SNMP Trap target</description>
                <mandatory/>
                <noNotification/>
                <dataType>
                    <derivedDataTypeRef name="IpDNSAddress">
                        <mimName>ECIM_CommonLibrary</mimName>
                    </derivedDataTypeRef>
                </dataType>
            </attribute>
            <attribute name="port">
                <description>UDP or TCP port number for this SNMP trap target. If INFORM is used as transportMethod, a TCP port is used. If TRAP is used, an UDP port is used.</description>
                <domainExtension domain="ECIM">
                    <extension name="isNillable" value="true"/>
                </domainExtension>
                <noNotification/>
                <dataType>
                    <uint32>
                        <defaultValue>162</defaultValue>
                    </uint32>
                </dataType>
            </attribute>
            <attribute name="informTimeout">
                <description>Reflects the expected maximum delay time to master agent. When a message is sent to this address, and a response is not received within this time period, an implementation may assume that the response will not be delivered.

 This value has only relevance if transportMethod is set to INFORM.

The unit is centisecond (0.01 seconds).</description>
                <domainExtension domain="ECIM">
                    <extension name="isNillable" value="true"/>
                </domainExtension>
                <noNotification/>
                <dataType>
                    <derivedDataTypeRef name="Timeout">
                        <defaultValue>300</defaultValue>
                        <mimName>ComSnmp</mimName>
                    </derivedDataTypeRef>
                </dataType>
            </attribute>
            <attribute name="transportMethod">
                <description>The type of method to use, can be TRAP or INFORM.</description>
                <domainExtension domain="ECIM">
                    <extension name="isNillable" value="true"/>
                </domainExtension>
                <noNotification/>
                <dataType>
                    <enumRef name="NotifyType">
                        <defaultValue>TRAP</defaultValue>
                        <mimName>ComSnmp</mimName>
                    </enumRef>
                </dataType>
            </attribute>
            <attribute name="isMibWritable">
                <description>Specifies if target has write access to MIB or not. If false, the user is only allowed to perform read access (SNMP GET etc.)</description>
                <domainExtension domain="ECIM">
                    <extension name="isNillable" value="true"/>
                </domainExtension>
                <noNotification/>
                <dataType>
                    <boolean>
                        <defaultValue>true</defaultValue>
                    </boolean>
                </dataType>
            </attribute>
            <attribute name="operationalState">
                <description>Signals the operational status of this SNMP target. </description>
                <noNotification/>
                <readOnly/>
                <dataType>
                    <enumRef name="OperState">
                        <mimName>ECIM_CommonLibrary</mimName>
                    </enumRef>
                </dataType>
            </attribute>
            <attribute name="administrativeState">
                <description>Administrative state for the SNMP target. When LOCKED,  for this user traps will not be sent and access is not allowed. </description>
                <domainExtension domain="ECIM">
                    <extension name="isNillable" value="true"/>
                </domainExtension>
                <noNotification/>
                <dataType>
                    <enumRef name="BasicAdmState">
                        <defaultValue>UNLOCKED</defaultValue>
                        <mimName>ECIM_CommonLibrary</mimName>
                    </enumRef>
                </dataType>
            </attribute>
        </class>
        <class name="SnmpTargetV3">
            <description>An SNMP target  defines a Trap receiver and gives access privileges. This class, defines V3 protocol attributes</description>
            <attribute name="snmpTargetV3Id">
                <description>The key attribute for SnmpV3</description>
                <mandatory/>
                <noNotification/>
                <restricted/>
                <key/>
                <dataType>
                    <string/>
                </dataType>
            </attribute>
            <attribute name="user">
                <description>The SNMP V3 user name and the securityname for the SNMP V3 message. </description>
                <mandatory/>
                <noNotification/>
                <dataType>
                    <string/>
                </dataType>
            </attribute>
            <attribute name="authProtocol">
                <description>The authProtocols supported by COM are the MD5 and SHA1 cipher codes.</description>
                <domainExtension domain="ECIM">
                    <extension name="isNillable" value="true"/>
                </domainExtension>
                <noNotification/>
                <dataType>
                    <enumRef name="AuthProtocol">
                        <defaultValue>MD5</defaultValue>
                        <mimName>ComSnmp</mimName>
                    </enumRef>
                </dataType>
            </attribute>
            <attribute name="privProtocol">
                <description>The privProtocols supported by COM are the DES and AES128 cipher codes (or NONE).</description>
                <domainExtension domain="ECIM">
                    <extension name="isNillable" value="true"/>
                </domainExtension>
                <noNotification/>
                <dataType>
                    <enumRef name="PrivProtocol">
                        <defaultValue>DES</defaultValue>
                        <mimName>ComSnmp</mimName>
                    </enumRef>
                </dataType>
            </attribute>
            <attribute name="informRetryCount">
                <description>Specifies the number of retries to be attempted when a response is not received for a generated message. This value has only relevance if transportMethod is set to INFORM.</description>
                <domainExtension domain="ECIM">
                    <extension name="isNillable" value="true"/>
                </domainExtension>
                <noNotification/>
                <dataType>
                    <uint32>
                        <defaultValue>1</defaultValue>
                    </uint32>
                </dataType>
            </attribute>
            <attribute name="administrativeState">
                <description>Administrative state for the SNMP target. When LOCKED,  for this user traps will not be sent and access is not allowed. 
</description>
                <domainExtension domain="ECIM">
                    <extension name="isNillable" value="true"/>
                </domainExtension>
                <noNotification/>
                <dataType>
                    <enumRef name="BasicAdmState">
                        <defaultValue>UNLOCKED</defaultValue>
                        <mimName>ECIM_CommonLibrary</mimName>
                    </enumRef>
                </dataType>
            </attribute>
            <attribute name="address">
                <description>Host address (or DNS name) for the SNMP Trap target


</description>
                <mandatory/>
                <noNotification/>
                <dataType>
                    <derivedDataTypeRef name="IpDNSAddress">
                        <mimName>ECIM_CommonLibrary</mimName>
                    </derivedDataTypeRef>
                </dataType>
            </attribute>
            <attribute name="port">
                <description>UDP or TCP port number for this SNMP trap target. If INFORM is used as transportMethod, a TCP port is used. If TRAP is used, an UDP port is used.</description>
                <domainExtension domain="ECIM">
                    <extension name="isNillable" value="true"/>
                </domainExtension>
                <noNotification/>
                <dataType>
                    <uint32>
                        <defaultValue>162</defaultValue>
                    </uint32>
                </dataType>
            </attribute>
            <attribute name="informTimeout">
                <description>Reflect the expected maximum delay time to master agent. When a message is sent to this address, and a response is not received within this time period, an implementation may assume that the response will not be delivered.

 This value has only relevance if transportMethod is set to INFORM.

The unit is centisecond (0.01 seconds).</description>
                <domainExtension domain="ECIM">
                    <extension name="isNillable" value="true"/>
                </domainExtension>
                <noNotification/>
                <dataType>
                    <derivedDataTypeRef name="Timeout">
                        <defaultValue>300</defaultValue>
                        <mimName>ComSnmp</mimName>
                    </derivedDataTypeRef>
                </dataType>
            </attribute>
            <attribute name="transportMethod">
                <description>The type of method to use, can be TRAP or INFORM.</description>
                <domainExtension domain="ECIM">
                    <extension name="isNillable" value="true"/>
                </domainExtension>
                <noNotification/>
                <dataType>
                    <enumRef name="NotifyType">
                        <defaultValue>TRAP</defaultValue>
                        <mimName>ComSnmp</mimName>
                    </enumRef>
                </dataType>
            </attribute>
            <attribute name="snmpSecurityLevel">
                <description>Three types of security levels are supported: NO_AUTH_NO_PRIV (unauthenticated and unencrypted), AUTH_NO_PRIV (authenticated but unencrypted) and AUTH_PRIV (authenticated and encrypted).</description>
                <domainExtension domain="ECIM">
                    <extension name="isNillable" value="true"/>
                </domainExtension>
                <noNotification/>
                <dataType>
                    <enumRef name="SecurityLevel">
                        <defaultValue>AUTH_PRIV</defaultValue>
                        <mimName>ComSnmp</mimName>
                    </enumRef>
                </dataType>
            </attribute>
            <attribute name="privKey">
                <description>Encryption is performed by using a users privKey to encrypt the data portion the message being sent.</description>
                <mandatory/>
                <noNotification/>
                <dataType>
                    <structRef name="EcimPassword">
                        <mimName>ECIM_CommonLibrary</mimName>
                    </structRef>
                </dataType>
            </attribute>
            <attribute name="authKey">
                <description>Authentication is performed by using a users authKey to sign the message being sent.</description>
                <mandatory/>
                <noNotification/>
                <dataType>
                    <structRef name="EcimPassword">
                        <mimName>ECIM_CommonLibrary</mimName>
                    </structRef>
                </dataType>
            </attribute>
            <attribute name="isMibWritable">
                <description>Specifies if target has write access to MIB or not. If false, the user is only allowed to perform read access (SNMP GET etc.)</description>
                <domainExtension domain="ECIM">
                    <extension name="isNillable" value="true"/>
                </domainExtension>
                <noNotification/>
                <dataType>
                    <boolean>
                        <defaultValue>true</defaultValue>
                    </boolean>
                </dataType>
            </attribute>
            <attribute name="operationalState">
                <description>Reflects the operational status of this SNMP target. </description>
                <noNotification/>
                <readOnly/>
                <dataType>
                    <enumRef name="OperState">
                        <mimName>ECIM_CommonLibrary</mimName>
                    </enumRef>
                </dataType>
            </attribute>
        </class>
        <relationship name="Snmp_to_SnmpTargetV2C">
            <containment>
                <parent>
                    <hasClass name="Snmp">
                        <mimName>ComSnmp</mimName>
                    </hasClass>
                </parent>
                <child>
                    <hasClass name="SnmpTargetV2C">
                        <mimName>ComSnmp</mimName>
                    </hasClass>
                    <cardinality>
                        <min>0</min>
                    </cardinality>
                </child>
            </containment>
        </relationship>
        <relationship name="Snmp_to_SnmpTargetV3">
            <containment>
                <parent>
                    <hasClass name="Snmp">
                        <mimName>ComSnmp</mimName>
                    </hasClass>
                </parent>
                <child>
                    <hasClass name="SnmpTargetV3">
                        <mimName>ComSnmp</mimName>
                    </hasClass>
                    <cardinality>
                        <min>0</min>
                    </cardinality>
                </child>
            </containment>
        </relationship>
        <relationship name="Snmp_to_SnmpTargetV1">
            <containment>
                <parent>
                    <hasClass name="Snmp">
                        <mimName>ComSnmp</mimName>
                    </hasClass>
                </parent>
                <child>
                    <hasClass name="SnmpTargetV1">
                        <mimName>ComSnmp</mimName>
                    </hasClass>
                    <cardinality>
                        <min>0</min>
                    </cardinality>
                </child>
            </containment>
        </relationship>
    </mim>
</models>