<?xml version="1.0" encoding="utf-8"?>
<!-- 
  Copyright (c) 2013 Ericsson AB.
  All rights reserved
  
  DX ECIM Tool-chain generated this file on Jan 2, 2013 8:10:59 AM using 
    * ecim.m2m (2.3.1.201206201134)
    * ecim.m2t (2.3.1.201206201134) 
    * ecim.dsl (2.3.1.201206201134) 
    * ecim.edm (2.3.1.201206201134) 
--><!DOCTYPE models SYSTEM "mp.dtd">
<models>
    <dtdVersion>E</dtdVersion>
    <momMetaData>
        <momTitle>title</momTitle>
        <momSubTitle>sub title</momSubTitle>
        <momIdentity>
            <docNum>0</docNum>
            <docLang>English</docLang>
            <docRev>0</docRev>
            <docDate>date</docDate>
        </momIdentity>
    </momMetaData>
    <mim author="EMIKLIL" contact="EAB/FLE/CC Mikael Lilliestierna" date="2012-08-16" docNo="" name="ComTop" namespace="urn:com:ericsson:ecim:ComTop" namespacePrefix="comtop" organization="EAB/FLE/CC" release="2" revision="" version="3">
        <description>ECIM Top Level Model. This is the root level for the Ericsson Common Information Model. It contains the singleton, root Managed Object Class, ManagedElement under which the complete model is contained. Directly under ManagedElement are managed-function level classes SystemFunctions, Transport, Equipment  and the root MOC of any managed functions. The Equipment Root MOC is in the Equipment MOM.  The root MOC for a managed function is hosted in the managed function MOM.
</description>
        <domainExtension domain="ECIM">
            <extension name="ecimMomName" value="ECIM_Top"/>
            <extension name="ecimMomVersion" value="1"/>
            <extension name="ecimMomRelease" value="2"/>
            <extension name="immNamespace" value="NONE"/>
        </domainExtension>
        <struct name="ProductIdentity">
            <description>Contains product information for a Managed Element and Managed Function(s).  
This entity is deprecated.</description>
            <structMember name="productNumber">
                <description>The product number in Ericsson's ABC format.  See Ericsson Corporate Basic Standards for information.</description>
                <string/>
            </structMember>
            <structMember name="productRevision">
                <description>The product revision in the form R[1-9][A-Z].  See Ericsson Corporate Basic Standards for information.</description>
                <string/>
            </structMember>
            <structMember name="productDesignation">
                <description>The product designation is the common name for the product.  </description>
                <string/>
            </structMember>
        </struct>
        <enum name="AdmState">
            <description>The administrative state of a resource. </description>
            <enumMember name="LOCKED">
                <description>The resource is administratively prohibited from performing services for its users.</description>
                <value>0</value>
            </enumMember>
            <enumMember name="UNLOCKED">
                <description>The resource is administratively permitted to perform services for its users. This is independent of its inherent operability.</description>
                <value>1</value>
            </enumMember>
            <enumMember name="SHUTTINGDOWN">
                <description>Use of the resource is administratively permitted to existing instances of use only. While the system remains in the shutting down state the manager may at any time cause the managed object to revert to the locked state.</description>
                <value>2</value>
            </enumMember>
        </enum>
        <enum name="BasicAdmState">
            <description>The basic administrative states for a resource.</description>
            <enumMember name="LOCKED">
                <description>   The resource is administratively prohibited from performing services for its users.</description>
                <value>0</value>
            </enumMember>
            <enumMember name="UNLOCKED">
                <description>  The resource is administratively permitted to perform services for its users. This is independent of its inherent operability.</description>
                <value>1</value>
            </enumMember>
        </enum>
        <enum name="OperState">
            <description>The operational states of a resource.</description>
            <enumMember name="DISABLED">
                <description>  The resource is  totally inoperable.</description>
                <value>0</value>
            </enumMember>
            <enumMember name="ENABLED">
                <description>  The resource partially or fully operable</description>
                <value>1</value>
            </enumMember>
        </enum>
        <enum name="SchemaFormat">
            <description>The Schema formats of the supported data models. </description>
            <enumMember name="MP_DTD">
                <description>  The data model format is XML based on mp.dtd</description>
                <value>0</value>
            </enumMember>
        </enum>
        <derivedDataType name="DateTime">
            <description>Represents the International Standard for the representation of date and time ( ISO 8601) . 
The string format is "YYYY-MM-DDThh:mm:ss.SSSZ" (excluding quotes).
A DateTime string consists of a date part followed by a time part. When the time part represents local time, as opposed to UTC time indicated by Z as last character, an additional time offset part is added to the DateTime string.

The following pattern describes the DateTime format in detail:
YYYY-MM-DDThh:mm:ss[.S+][Z|+-hh:mm]
Where:
YYYY = four digit year
MM = two digit month (01=January, etc.)
DD = two digit day of month (01 through 31)
T = time designator (shows start of time component)
hh = two digits of hour (00 through 23, AM/PM not allowed)
mm = two digits of minute (00 through 59)
ss = two digits of second (00 through 59, leap second not allowed)
S+ = one or more digits of decimal fraction of a second
Z = time is Coordinated Universal Time (UTC)
+- = + or - character indicating positive or negative offset to UTC 

DateTime values are compliant with ISO 8601 "Representation of dates and times" but are restricted according to RFC 3339 "Date and Time on the Internet: Timestamps". The DateTime format is further restricted:
- T and Z designators are upper case.
- . (dot) is used to indicate start of fractions of seconds (ISO 8601 also allows comma)</description>
            <baseType>
                <string>
                    <lengthRange>
                        <max>31</max>
                        <min>20</min>
                    </lengthRange>
                    <validValues>^([0-9]{4})-(1[0-2]|0[1-9])-(0[1-9]|[1|2][0-9]|3[0-1])T(0[0-9]|1[0-9]|2[0-4]):([0-5][0-9]):([0-5][0-9])([\.][0-9]+)*(([\+|\-](0[0-9]|1[0-9]|2[0-4])(:[0-5][0-9])?)|(Z))$</validValues>
                </string>
            </baseType>
        </derivedDataType>
        <derivedDataType name="IpDNSAddress">
            <description>The IpDNSAddress type represents an IP address or a DNS domain name.
A version 4 IP address is specified in dotted quad notation, for example 130.100.92.154. RFC 791 describes the syntax details.
A version 6 IP address is specified by 8 groups of 16 bit hexadecimal values separated by colons, for example 2001:0db8:85a3:0000:0000:8a2e:0370:7334. RFC 4291 describes the syntax details.
A DNS name is specified as a fully qualified domain name, for example myhost.ericsson.com. Internet domain are loosely specified but RFC 1034 recommends a syntax.</description>
            <baseType>
                <string>
                    <lengthRange>
                        <max>253</max>
                        <min>1</min>
                    </lengthRange>
                    <validValues>(^(25[0-5]|2[0-4][0-9]|[01]?[0-9][0-9]?)\.(25[0-5]|2[0-4][0-9]|[01]?[0-9][0-9]?)\.(25[0-5]|2[0-4][0-9]|[01]?[0-9][0-9]?)\.(25[0-5]|2[0-4][0-9]|[01]?[0-9][0-9]?))|(^\s*((([0-9A-Fa-f]{1,4}:){7}([0-9A-Fa-f]{1,4}|:))|(([0-9A-Fa-f]{1,4}:){6}(:[0-9A-Fa-f]{1,4}|((25[0-5]|2[0-4][0-9]|1[0-9][0-9]|[1-9]?[0-9])(\.(25[0-5]|2[0-4][0-9]|1[0-9][0-9]|[1-9]?[0-9])){3})|:))|(([0-9A-Fa-f]{1,4}:){5}(((:[0-9A-Fa-f]{1,4}){1,2})|:((25[0-5]|2[0-4][0-9]|1[0-9][0-9]|[1-9]?[0-9])(\.(25[0-5]|2[0-4][0-9]|1[0-9][0-9]|[1-9]?[0-9])){3})|:))|(([0-9A-Fa-f]{1,4}:){4}(((:[0-9A-Fa-f]{1,4}){1,3})|((:[0-9A-Fa-f]{1,4})?:((25[0-5]|2[0-4][0-9]|1[0-9][0-9]|[1-9]?[0-9])(\.(25[0-5]|2[0-4][0-9]|1[0-9][0-9]|[1-9]?[0-9])){3}))|:))|(([0-9A-Fa-f]{1,4}:){3}(((:[0-9A-Fa-f]{1,4}){1,4})|((:[0-9A-Fa-f]{1,4}){0,2}:((25[0-5]|2[0-4][0-9]|1[0-9][0-9]|[1-9]?[0-9])(\.(25[0-5]|2[0-4][0-9]|1[0-9][0-9]|[1-9]?[0-9])){3}))|:))|(([0-9A-Fa-f]{1,4}:){2}(((:[0-9A-Fa-f]{1,4}){1,5})|((:[0-9A-Fa-f]{1,4}){0,3}:((25[0-5]|2[0-4][0-9]|1[0-9][0-9]|[1-9]?[0-9])(\.(25[0-5]|2[0-4][0-9]|1[0-9][0-9]|[1-9]?[0-9])){3}))|:))|(([0-9A-Fa-f]{1,4}:){1}(((:[0-9A-Fa-f]{1,4}){1,6})|((:[0-9A-Fa-f]{1,4}){0,4}:((25[0-5]|2[0-4][0-9]|1[0-9][0-9]|[1-9]?[0-9])(\.(25[0-5]|2[0-4][0-9]|1[0-9][0-9]|[1-9]?[0-9])){3}))|:))|(:(((:[0-9A-Fa-f]{1,4}){1,7})|((:[0-9A-Fa-f]{1,4}){0,5}:((25[0-5]|2[0-4][0-9]|1[0-9][0-9]|[1-9]?[0-9])(\.(25[0-5]|2[0-4][0-9]|1[0-9][0-9]|[1-9]?[0-9])){3}))|:)))(%.+)?\s*$)|(^([a-zA-Z0-9]|[a-zA-Z0-9][a-zA-Z0-9-]{0,61}[a-zA-Z0-9])(\.([a-zA-Z0-9]|[a-zA-Z0-9][a-zA-Z0-9-]{0,61}[a-zA-Z0-9]))*$)</validValues>
                </string>
            </baseType>
        </derivedDataType>
        <derivedDataType name="DateTimeWithoutOffset">
            <description>Represents the local date and time ( ISO 8601) . 
The following pattern describes the DateTimeWithoutOffset format in detail:
YYYY-MM-DDThh:mm:ss[.S+]
Where:
YYYY    = four digit year
MM      = two digit month (01=January, etc.)
DD      = two digit day of month (01 through 31)
T       = time designator (shows start of time component)
hh      = two digits of hour (00 through 23, AM/PM not allowed)
mm      = two digits of minute (00 through 59)
ss      = two digits of second (00 through 59, leap second not allowed)
S+      = one or more digits of decimal fraction of a second

DateTimeWithoutOffset values are compliant with ISO 8601 (Representation of dates and times) but are restricted according to RFC 3339 (Date and Time on the Internet: Timestamps). The DateTimeWithoutOffset format is further restricted:
- T designator is upper case.
- . (dot) is used to indicate start of fractions of seconds (ISO 8601 also allows comma)
</description>
            <baseType>
                <string>
                    <lengthRange>
                        <max>19</max>
                        <min>19</min>
                    </lengthRange>
                    <validValues>^([0-9]{4})-(1[0-2]|0[1-9])-(0[1-9]|[1|2][0-9]|3[0-1])T(0[0-9]|1[0-9]|2[0-4]):([0-5][0-9]):([0-5][0-9])([\.][0-9]+)*$</validValues>
                </string>
            </baseType>
        </derivedDataType>
        <derivedDataType name="DifferenceFromUTC">
            <description>Time zone difference between the local current time  and UTC (Coordinated Universal Time).
The following format shall be used
[+/-]hh:mm

It is expressed as positive (i.e. with the leading plus sign [+]) if the local time is ahead of or equal to UTC and as negative (i.e. with the leading minus sign [-]) if it is behind UTC.
Example:  +01:00</description>
            <baseType>
                <string>
                    <lengthRange>
                        <max>6</max>
                        <min>6</min>
                    </lengthRange>
                    <validValues>^([+|-])(0[0-9]|1[0-9]|2[0-4]):([0-5][0-9])$</validValues>
                </string>
            </baseType>
        </derivedDataType>
        <class name="ManagedElement">
            <description>The top-level class in the Common Information Model is the Managed Element root Managed Object Class (MOC).  
From this class, all model entities are contained.  The MOC has attributes that provide information on the Managed Element Identity, primary location and the products it contains.  </description>
            <systemCreated/>
            <root/>
            <attribute name="managedElementId">
                <description>The value component of the RDN.  
The allowed character set is defined by 3GPP TS 32.300.</description>
                <mandatory/>
                <noNotification/>
                <restricted/>
                <key/>
                <dataType>
                    <string/>
                </dataType>
            </attribute>
            <attribute name="siteLocation">
                <description>A freetext attribute describing the geographic location of a Managed Element.
</description>
                <domainExtension domain="ECIM">
                    <extension name="isNillable" value="true"/>
                </domainExtension>
                <dataType>
                    <string/>
                </dataType>
            </attribute>
            <attribute name="userLabel">
                <description>A freetext string for additional information to assist Managed Element identification.</description>
                <domainExtension domain="ECIM">
                    <extension name="isNillable" value="true"/>
                </domainExtension>
                <noNotification/>
                <dataType>
                    <string/>
                </dataType>
            </attribute>
            <attribute name="productIdentity">
                <description>Contains product information for the Managed Element and its Managed Function(s). 
This attribute is deprecated.</description>
                <noNotification/>
                <dataType>
                    <sequence>
                        <structRef name="ProductIdentity">
                            <mimName>ComTop</mimName>
                        </structRef>
                        <minLength>0</minLength>
                    </sequence>
                </dataType>
                <deprecated/>
            </attribute>
            <attribute name="localDateTime">
                <description>This is the local date and time for the Managed Element.
The following format is used: YYYY-MM-DDThh:mm:ss

The meaning of each field is as follows:
YYYY is a 4-digit year.
MM is the month within the year (starting with 01).
DD is the day within the month (starting with 01).
T is used as time designator to indicate the start of the time of day component in the expression.
hh is the hour within the day (24-hour clock, starting with 00).
mm is the minute within the hour (starting with 00).
ss is the second within the minute (starting with 00).

The hyphen [-] and the colon [:] are used as separators within the date and time of day expressions, respectively.</description>
                <domainExtension domain="ECIM">
                    <extension name="isNillable" value="true"/>
                </domainExtension>
                <noNotification/>
                <dataType>
                    <derivedDataTypeRef name="DateTimeWithoutOffset">
                        <mimName>ComTop</mimName>
                    </derivedDataTypeRef>
                </dataType>
                <specification>ISO 8601:2004(E)</specification>
            </attribute>
            <attribute name="timeZone">
                <description>This is the timeZone that the Managed Element resides in.
The possible values for this attribute are defined in the public-domain zoneinfo (or Olson) database.
Locations are identified by a string indicating the continent or ocean and then the name of the location, which is typically the largest city within the region. 
See http://www.twinsun.com/tz/tz-link.htm for more information.

Example: Europe/Stockholm
</description>
                <domainExtension domain="ECIM">
                    <extension name="isNillable" value="true"/>
                </domainExtension>
                <dataType>
                    <string/>
                </dataType>
            </attribute>
            <attribute name="dateTimeOffset">
                <description>Difference between the value of the localDateTime attribute and UTC (Coordinated Universal Time).</description>
                <readOnly/>
                <dataType>
                    <derivedDataTypeRef name="DifferenceFromUTC">
                        <mimName>ComTop</mimName>
                    </derivedDataTypeRef>
                </dataType>
            </attribute>
            <attribute name="dnPrefix">
                <description>It provides additional naming context that allows  the managed objects to be partitioned into logical domains.
A Distingushed Name (DN) is defined by 3GPP TS 32.300  which splits the DN in a DN Prefix and Local DN e.g.   DN format: dnPrefix=&lt;DN Prefix&gt;, localDn =&lt;Local DN&gt;</description>
                <domainExtension domain="ECIM">
                    <extension name="isNillable" value="true"/>
                </domainExtension>
                <dataType>
                    <string/>
                </dataType>
            </attribute>
            <attribute name="managedElementType">
                <description>The type of product being managed. 
For example the type could be  RBS or CSCF.</description>
                <noNotification/>
                <readOnly/>
                <dataType>
                    <string/>
                </dataType>
            </attribute>
            <attribute name="release">
                <description>The release of the type of product specified by the attribute managedElementType.
It commonly contains the Managed Element release e.g. L12.0, 13A, R1A </description>
                <readOnly/>
                <dataType>
                    <string/>
                </dataType>
            </attribute>
            <attribute name="networkManagedElementId">
                <description>Replaces the value component of the RDN in the COM Northbound Interface. This attribute shall, if used, be set to a simple alphanumeric value. The value should be unique within the network namespace.</description>
                <domainExtension domain="ECIM">
                    <extension name="isNillable" value="true"/>
                </domainExtension>
                <dataType>
                    <string/>
                </dataType>
            </attribute>
        </class>
        <class name="SystemFunctions">
            <description>This is a container class for all common OAM functions provided by the Managed Element.  
Examples of these functions include Fault Management, Performance Management, System Management and Heartbeat Management. </description>
            <systemCreated/>
            <attribute name="systemFunctionsId">
                <description>The value component of the RDN.  
The allowed character set is defined by 3GPP TS 32.300.</description>
                <mandatory/>
                <noNotification/>
                <restricted/>
                <key/>
                <dataType>
                    <string/>
                </dataType>
            </attribute>
        </class>
        <class name="Transport">
            <description>This is a container for common transport functions used within the Managed Element. 

</description>
            <systemCreated/>
            <attribute name="transportId">
                <description>The value component of the RDN.  
The allowed character set is defined by 3GPP TS 32.300.</description>
                <mandatory/>
                <noNotification/>
                <restricted/>
                <key/>
                <dataType>
                    <string/>
                </dataType>
            </attribute>
        </class>
        <relationship name="ManagedElement_to_SystemFunctions">
            <containment>
                <parent>
                    <hasClass name="ManagedElement">
                        <mimName>ComTop</mimName>
                    </hasClass>
                </parent>
                <child>
                    <hasClass name="SystemFunctions">
                        <mimName>ComTop</mimName>
                    </hasClass>
                    <cardinality>
                        <min>1</min>
                        <max>1</max>
                    </cardinality>
                </child>
            </containment>
        </relationship>
        <relationship name="ManagedElement_to_Transport">
            <description>Containment association of the Transport MOC</description>
            <containment>
                <parent>
                    <hasClass name="ManagedElement">
                        <mimName>ComTop</mimName>
                    </hasClass>
                </parent>
                <child>
                    <hasClass name="Transport">
                        <mimName>ComTop</mimName>
                    </hasClass>
                    <cardinality>
                        <min>0</min>
                        <max>1</max>
                    </cardinality>
                </child>
            </containment>
        </relationship>
    </mim>
</models>