<?xml version="1.0" encoding="utf-8"?>
<!-- 
  Copyright (c) 2012 Ericsson AB.
  All rights reserved

This file has been manually modified by NETSim to include changes introduced
in EPIC_SwM. These changes are:

- New derivedDataType "DerivedString"
- New action "createUpgradePackage"
  
  DX ECIM Tool-chain generated this file on May 2, 2012 2:04:22 PM using 
    * ecim.m2m (2.1.3.201203191736)
    * ecim.m2t (2.1.3.201203191736) 
    * ecim.dsl (2.1.3.201203191736) 
    * ecim.edm (2.1.3.201203191736) 
--><!DOCTYPE models SYSTEM "mp.dtd">
<models>
    <dtdVersion>E</dtdVersion>
    <momMetaData>
        <momTitle>title</momTitle>
        <momSubTitle>sub title</momSubTitle>
        <momIdentity>
            <docNum>0</docNum>
            <docLang>English</docLang>
            <docRev>0</docRev>
            <docDate>date</docDate>
        </momIdentity>
    </momMetaData>
    <interMim>
        <relationship name="SystemFunctions_to_SwManagement">
            <containment>
                <parent>
                    <hasClass name="SystemFunctions">
                        <mimName>ECIM_Top</mimName>
                    </hasClass>
                </parent>
                <child>
                    <hasClass name="SwM">
                        <mimName>ECIM_SwM</mimName>
                    </hasClass>
                    <cardinality>
                        <min>1</min>
                        <max>1</max>
                    </cardinality>
                </child>
            </containment>
        </relationship>
    </interMim>
    <mim author="" contact="" date="" docNo="" name="ECIM_SwM" namespace="urn:com:ericsson:ecim:ECIM_SwM" namespacePrefix="ecim_swm" organization="" release="1" revision="E" version="1">
        <description>ECIM Software managment model.</description>
        <domainExtension domain="ECIM">
            <extension name="ecimMomName" value="ECIM_SwM"/>
            <extension name="ecimMomVersion" value="1"/>
            <extension name="ecimMomRelease" value="1"/>
        </domainExtension>
        <struct name="ActivationStep">
            <description>Activation step details</description>
            <structMember name="serialNumber">
                <description>Activation step number (I.e., position of the activation step in the activation procedure. Starting at 1...)</description>
                <uint64/>
            </structMember>
            <structMember name="name">
                <description>Activation step name</description>
                <string/>
            </structMember>
            <structMember name="description">
                <description>Any text describing the role/meaning/interpretation of the activation step, any info which is useful for the operator</description>
                <string/>
            </structMember>
        </struct>
        <struct name="AsyncActionProgressWithSteps">
            <description>Used by NMS to query progress of ongoing actions. 
Some actions can have 1+ breakpoints. Breakpoints allow an action be be divide into defined steps. A breakpoint is an intentional stop of an (executing) action. 
Example the Activate action in the ECIM SwM MOM. The activate action puts an upgrade package into operation. A breakpoint represents a part of the upgrade after which the functionality of  the ME can be manually observed. I.e. the breakpoint(s) give the operator an option to manually verify that the (upgrade) step has been executed correctly. 

The ProgressReport MOC models a standard action. This MOC struct has same attributes as the ProgressReport MOC, plus two extra attributes step and stepProgressPercentage. 
step: This attribute stores the current execution action Step (number)
stepProgressPercentage: This attribue stores the Progress Percentage of current executing action step.</description>
            <structMember name="actionName">
                <description>Name of the invoked action (e.g., prepare(), verify(), activate() on UpgradePackage MO).</description>
                <string/>
            </structMember>
            <structMember name="additionalInfo">
                <description>Used for logging significant messages during execution of an action. I.e., it contains information about the "history" of the execution.
This field contains the log entries as an array. It may be empty.
This information is for display only; it is not recommended to build any logic on the content of this field.</description>
                <sequence>
                    <string/>
                    <minLength>0</minLength>
                </sequence>
            </structMember>
            <structMember name="progressInfo">
                <description>Textual information (description) of the "actual state" of the execution, which might be useful/needed by NMS.
This information is for display only; it is not recommended to build any logic on the content of this field.</description>
                <string/>
            </structMember>
            <structMember name="progressPercentage">
                <description>Progress of completion of the action. Range is between 0 and 100.
The implementation shall intend to calculate the percentage time-wise. (This is preferable, but not compulsory.)</description>
                <uint8/>
            </structMember>
            <structMember name="result">
                <description>Result of completed action.
This field has a value NOT_AVAILABLE if the action is not finished.</description>
                <domainExtension domain="ECIM">
                    <extension name="isNillable" value="true"/>
                </domainExtension>
                <enumRef name="ActionResultType">
                    <mimName>ECIM_SwM</mimName>
                </enumRef>
            </structMember>
            <structMember name="resultInfo">
                <description>Textual description of the outcome/result of the action containing useful info for the NMS.
E.g., it can contain an error message if the action failed.

This information is for display only; it is not recommended to build any logic on the content of this field.</description>
                <domainExtension domain="ECIM">
                    <extension name="isNillable" value="true"/>
                </domainExtension>
                <string/>
            </structMember>
            <structMember name="state">
                <description>Current state of the action.</description>
                <enumRef name="ActionStateType">
                    <mimName>ECIM_SwM</mimName>
                </enumRef>
            </structMember>
            <structMember name="actionId">
                <description>Id of the action.

Each action has an action id, which is used for querying the progress of an action.</description>
                <uint16/>
            </structMember>
            <structMember name="timeActionStarted">
                <description>The date and time when the current action was started.</description>
                <derivedDataTypeRef name="DateTimeWithoutOffset">
                    <mimName>ECIM_CommonLibrary</mimName>
                </derivedDataTypeRef>
            </structMember>
            <structMember name="timeActionCompleted">
                <description>The date and time when the action was completed (successfully or unsuccessfully).</description>
                <domainExtension domain="ECIM">
                    <extension name="isNillable" value="true"/>
                </domainExtension>
                <derivedDataTypeRef name="DateTimeWithoutOffset">
                    <mimName>ECIM_CommonLibrary</mimName>
                </derivedDataTypeRef>
            </structMember>
            <structMember name="timeOfLastStatusUpdate">
                <description>The date and time when this MO Struct was last updated.

I.e., the last date and time when any attribute changed.</description>
                <derivedDataTypeRef name="DateTimeWithoutOffset">
                    <mimName>ECIM_CommonLibrary</mimName>
                </derivedDataTypeRef>
            </structMember>
            <structMember name="step">
                <description>Current execution action step (number).
 
</description>
                <int16/>
            </structMember>
            <structMember name="stepProgressPercentage">
                <description>Progress of completion of the currently executing action step.</description>
                <int8/>
            </structMember>
        </struct>
        <struct name="AsyncActionProgress">
            <description>Used for tracking the progress of an ongoing action.</description>
            <structMember name="actionName">
                <description>Name of the invoked action (e.g., prepare(), verify(), activate() on UpgradePackage MO).</description>
                <string/>
            </structMember>
            <structMember name="additionalInfo">
                <description>Used for logging significant messages during execution of an action. I.e., it contains information about the "history" of the execution.
This field contains the log entries as an array. It may be empty.
This information is for display only; it is not recommended to build any logic on the content of this field.
 </description>
                <sequence>
                    <string/>
                    <minLength>0</minLength>
                </sequence>
            </structMember>
            <structMember name="progressInfo">
                <description>Textual information (description) of the "actual state" of the execution, which might be useful/needed by NMS.
This information is for display only; it is not recommended to build any logic on the content of this field.</description>
                <string/>
            </structMember>
            <structMember name="progressPercentage">
                <description>Progress of completion of the action. Range is between 0 and 100.
The implementation shall intend to calculate the percentage time-wise. (This is preferable, but not compulsory.)</description>
                <uint8/>
            </structMember>
            <structMember name="result">
                <description>Result of completed action.
This field has a value NOT_AVAILABLE if the action is not finished.</description>
                <domainExtension domain="ECIM">
                    <extension name="isNillable" value="true"/>
                </domainExtension>
                <enumRef name="ActionResultType">
                    <mimName>ECIM_SwM</mimName>
                </enumRef>
            </structMember>
            <structMember name="resultInfo">
                <description>Textual description of the outcome/result of the action containing useful info for the NMS.
E.g., it can contain an error message if the action failed.

This information is for display only; it is not recommended to build any logic on the content of this field.</description>
                <domainExtension domain="ECIM">
                    <extension name="isNillable" value="true"/>
                </domainExtension>
                <string/>
            </structMember>
            <structMember name="state">
                <description>Current state of the action.</description>
                <enumRef name="ActionStateType">
                    <mimName>ECIM_SwM</mimName>
                </enumRef>
            </structMember>
            <structMember name="actionId">
                <description>Id of the action.

Each action has an action id, which is used for querying the progress of an action.</description>
                <uint16/>
            </structMember>
            <structMember name="timeActionStarted">
                <description>The date and time when the current action was started.</description>
                <derivedDataTypeRef name="DateTimeWithoutOffset">
                    <mimName>ECIM_CommonLibrary</mimName>
                </derivedDataTypeRef>
            </structMember>
            <structMember name="timeActionCompleted">
                <description>The date and time when the action was completed (successfully or unsuccessfully).</description>
                <domainExtension domain="ECIM">
                    <extension name="isNillable" value="true"/>
                </domainExtension>
                <derivedDataTypeRef name="DateTimeWithoutOffset">
                    <mimName>ECIM_CommonLibrary</mimName>
                </derivedDataTypeRef>
            </structMember>
            <structMember name="timeOfLastStatusUpdate">
                <description>The date and time when this MO Struct was last updated.

I.e., the last date and time when any attribute changed.</description>
                <derivedDataTypeRef name="DateTimeWithoutOffset">
                    <mimName>ECIM_CommonLibrary</mimName>
                </derivedDataTypeRef>
            </structMember>
        </struct>
        <struct name="ProductData">
            <description>UpgradePackage Product</description>
            <structMember name="productName">
                <description>The name of the product.</description>
                <string/>
            </structMember>
            <structMember name="productNumber">
                <description>The product number of the product </description>
                <string/>
            </structMember>
            <structMember name="productRevision">
                <description>The revision state of the product.</description>
                <string/>
            </structMember>
            <structMember name="productionDate">
                <description>The production date of Upgrade Package</description>
                <derivedDataTypeRef name="DateTime">
                    <mimName>ECIM_CommonLibrary</mimName>
                </derivedDataTypeRef>
            </structMember>
            <structMember name="description">
                <description>Free text description of the product. The NMS may display this information, but it is not supposed to build any logic on this one.</description>
                <string/>
            </structMember>
            <structMember name="type">
                <description>Free text product type. The NMS may display this information, but it is not supposed to build any logic on this one.</description>
                <string/>
            </structMember>
        </struct>
        <enum name="UpgradePackageState">
            <description>Lists possible states of the Upgrade Package.</description>
            <enumMember name="INITIALIZED">
                <description>The Upgrade Package is initialized. The administrative data and activations steps of the UP can be read.
In this state, only the prepare() action may be called.
 
</description>
                <value>1</value>
            </enumMember>
            <enumMember name="PREPARE_IN_PROGRESS">
                <description>Prepare action in progress.
In this state, only the cancel() action may be called. If the prepare() action completes successfully, the UP moves to PREPARE_COMPLETED state. If the prepare() action fails (or cancel() is called), the UP moves back to INITIALIZED state.</description>
                <value>2</value>
            </enumMember>
            <enumMember name="PREPARE_COMPLETED">
                <description>Prepare action has successfully finished.
In this state, only the verify() or the activate() action may be called.
If the activate() action is called, the UP moves to ACTIVATION_IN_PROGRESS state.</description>
                <value>3</value>
            </enumMember>
            <enumMember name="ACTIVATION_IN_PROGRESS">
                <description>Activation is in progress.
In this state, only the cancel() action may be called.
If the cancel() action is called, the UP moves to DEACTIVATION_IN_PROGRESS state.
If the activation step completes successfully, the UP moves to ACTIVATION_STEP_COMPLETED state.</description>
                <value>4</value>
            </enumMember>
            <enumMember name="ACTIVATION_STEP_COMPLETED">
                <description>The previous activitation step completed successfully, but there are still more activation step(s) left.
In this state, only the activate() or the cancel() action may be called.
If the cancel() action is called, the UP moves to DEACTIVATION_IN_PROGRESS state.
If the activate() action is called, the ME starts the activation of the next activation step and the UP moves to ACTIVATION_IN_PROGRESS state.
If the fallback timer expires in this state, the UP moves to DEACTIVATION_IN_PROGRESS state.</description>
                <value>5</value>
            </enumMember>
            <enumMember name="WAITING_FOR_COMMIT">
                <description>The last activation step completed successfully. The operator has to commit the upgrade.
In this state, only the commit() or the cancel() action may be called.
If the cancel() action is called, the UP moves to DEACTIVATION_IN_PROGRESS state.
If the commit() action is called, the UP moves to COMMIT_COMPLETED state.
</description>
                <value>6</value>
            </enumMember>
            <enumMember name="COMMIT_COMPLETED">
                <description>The upgrade is committed.
The whole upgrad procedure has completed.</description>
                <value>7</value>
            </enumMember>
            <enumMember name="DEACTIVATION_IN_PROGRESS">
                <description>The deactivation of the UP is in progress.
This may be a result of a cancel() action having been called or the fallback timer may have expired. In this state, no action can be called. In the end of fallback operation, the UP moves back to PREPARE_COMPLETED state.</description>
                <value>8</value>
            </enumMember>
        </enum>
        <enum name="ActionResultType">
            <description>Lists the different results of an action
</description>
            <enumMember name="SUCCESS">
                <description>Success</description>
                <value>1</value>
            </enumMember>
            <enumMember name="FAILURE">
                <description>Failure</description>
                <value>2</value>
            </enumMember>
            <enumMember name="NOT_AVAILABLE">
                <value>3</value>
            </enumMember>
        </enum>
        <enum name="ActionStateType">
            <description>Lists Action states</description>
            <enumMember name="CANCELLING">
                <description>Cancel in progress.</description>
                <value>1</value>
            </enumMember>
            <enumMember name="RUNNING">
                <description>Running</description>
                <value>2</value>
            </enumMember>
            <enumMember name="FINISHED">
                <description>Action is finished</description>
                <value>3</value>
            </enumMember>
            <enumMember name="CANCELLED">
                <description>Action cancelled</description>
                <value>4</value>
            </enumMember>
        </enum>
        <derivedDataType name="DerivedString">
            <description>Derived string type for password used in 'createUpgradePackage' action</description>
            <baseType>
                <string/>
            </baseType>
        </derivedDataType>
        <class name="SwM">
            <description>This class is the root structural element of MOs related SW management activities (SW upgrade, downgrade). 
 


</description>
            <systemCreated/>
            <root/>
            <action name="createUpgradePackageLocal">
                <description>Creates a new UpgradePackage MO representing an UP stored locally in the file system of the ME.

This action includes all activities to initialize the UP. After the UP is created, all descriptive information has to be available: e.g. administrativeData, number/names of activation step(s) data. 

The action returns immediately after invocation. The progress of the action can be tracked via the progressReport attribute.
This action can be invoked when there is no other action in progress on this MO. The action returns FALSE if the action could not start for any reason (e.g., another parallel action is in progress), otherwise returns TRUE.

Note: In order to initialize an UP, the ME may need to process some descriptor information (e.g., an Upgrade Control File (UCF)) of the UP. This descriptor information is part of the UP.

</description>
                <returnType>
                    <boolean/>
                </returnType>
                <parameter name="directoryPathExtension">
                    <description>Parameter is a relative file system path pointing to the directory where the UP content is located. The path is relative to the localFileStore attribute.</description>
                    <in/>
                    <dataType>
                        <string/>
                    </dataType>
                </parameter>
            </action>
            <action name="createUpgradePackageRemote">
                <description>Creates a new UpgradePackage MO representing an UP stored remotely i.e not stored on the ME.

This action includes all activities to initialize the UP. After the UP is created, all descriptive information has to be available: e.g. administrativeData, number/names of activation step(s) data. 
The location of the UP file is specified (by this action) input parameters: directoryPathExtension and remoteLocation.

The action returns immediately after invocation. The progress of the action can be tracked via the progressReport attribute.
This action can be invoked when there is no other action in progress on this MO. The action returns FALSE if the action could not start for any reason (e.g., another parallel action is in progress), otherwise returns TRUE.

Note: In order to initialize an UP, the ME may need to process some descriptor information (e.g., an Upgrade Control File (UCF)) of the UP. This descriptor information is part of the UP.

</description>
                <returnType>
                    <boolean/>
                </returnType>
                <parameter name="directoryPathExtension">
                    <description>This parameter is a relative file system path pointing to the directory where the UP content is located. The path is relative to the uriPathExtension in the TransferPolicyConsumer.</description>
                    <in/>
                    <dataType>
                        <string/>
                    </dataType>
                </parameter>
                <parameter name="remoteFileStore">
                    <description>This TransferPolicyConsumer object contains a uriPathExtension attribute, which (together with Target and TargetGroup, all defined in the FileM fragment) define the exact remote location of the Upgrade Package.</description>
                    <in/>
                    <dataType>
                        <moRef name="ManagedObject"/>
                    </dataType>
                </parameter>
            </action>
            <action name="cancel">
                <description>Stops the operation and restores the (consistent) state present before the long lasting operation was started.  Cancel can be invoked during any long lasting operation. </description>
                <returnType>
                    <boolean/>
                </returnType>
            </action>
            <action name="removeSwVersion">
                <description>Removes a SW version as completely as possible without disturbing node functionality.

Files shared with other SW versions are not deleted.
The active SW version cannot be removed. This action is expected to return FALSE if the NMS attempts to remove the active SW version.</description>
                <returnType>
                    <boolean/>
                </returnType>
                <parameter name="swVersion">
                    <description>Removes a SW version as completely as possible without disturbing node functionality.
Files shared with other SW versions are not deleted.
The active SW version cannot be removed. This action is expected to return FALSE if the NMS attempts to remove the active SW version.

This action returns immediately. The progress of the action can be tracked via the progressReport attribute. The action returns FALSE if the action could not start for any reason (e.g., another parallel action is in progress), otherwise returns TRUE.
</description>
                    <in/>
                    <dataType>
                        <moRef name="SwVersionMain">
                            <mimName>ECIM_SwM</mimName>
                        </moRef>
                    </dataType>
                </parameter>
            </action>
            <action name="removeUpgradePackage">
                <description>Removes an UpgradePackage.
This action removes the UpgradePackage MO specified as action parameter as well as all files temporarily stored in the ME and associated with the UP.</description>
                <returnType>
                    <boolean/>
                </returnType>
                <parameter name="upgradePackage">
                    <description>An UpgradePackage MO to be removed.</description>
                    <in/>
                    <dataType>
                        <moRef name="UpgradePackage">
                            <mimName>ECIM_SwM</mimName>
                        </moRef>
                    </dataType>
                </parameter>
            </action>
            <action name="createUpgradePackageFromUri">
                <description>Creates a new UpgradePackage MO representing an UP specified by a URI.

This action includes all activities to initialize the UP. After the UP is created, all descriptive information has to be available: e.g. administrativeData, number/names of activation step(s) data. 

Note: In order to initialize an UP, the ME may need to process some descriptor information (e.g., an Upgrade Control File (UCF)) of the UP. This descriptor information is part of the UP.

This action can be invoked when there is no other action in progress on this MO.

The action returns immediately after invocation. The progress of the action can be tracked via the progressReport attribute.

The action returns FALSE if the action could not start for any reason (e.g., another parallel action is in progress), otherwise returns TRUE.

The action also returns FALSE if the ME cannot handle the URI (e.g., does not support the protocol specified in the URI).</description>
                <returnType>
                    <boolean/>
                </returnType>
                <parameter name="uri">
                    <description>This parameter contains a URI assumed to point to the directory containing the UP content.

The generic URI syntax is defined by RFC 2396
Example: sftp://myuser@myhostname.ericsson.local/dir/subdir/upgradePackage143Dir
The URI must not contain any password. (The password shall be provided in the second parameter of this action.)
The URI may be local (e.g., file://data/dir/subdir) or a remote (e.g., sftp://hostname/dir/subdir).</description>
                    <in/>
                    <dataType>
                        <string/>
                    </dataType>
                </parameter>
                <parameter name="password">
                    <description>The password part of the URI if there is any.
If there is no password, this parameter shall not be specified (i.e., NULL).</description>
                    <in/>
                    <dataType>
                        <structRef name="EcimPassword">
                            <mimName>ECIM_CommonLibrary</mimName>
                        </structRef>
                    </dataType>
                </parameter>
            </action>
            <action name="createUpgradePackage">
                <description>This action creates a new UpgradePackage MO representing an UP specified by a URI.</description>
                <returnType>
                    <void/>
                </returnType>
                <parameter name="uri">
                    <description> This parameter contains a URI assumed to point to the directory containing the UP content.

The generic URI syntax is defined by RFC 2396
Example: sftp://myuser@myhostname.ericsson.local/dir/subdir/upgradePackage143Dir
The URI must not contain any password. (The password shall be provided in the second parameter of this action.)
The URI may be local (e.g., file://data/dir/subdir) or a remote (e.g., sftp://hostname/dir/subdir).</description>
                    <in/>
                    <dataType>
                        <string/>
                    </dataType>
                </parameter>
                <parameter name="password">
                    <description>The password part of the URI if there is any.
If there is no password, this parameter shall not be specified (i.e., NULL).</description>
                    <in/>
                    <dataType>
                        <derivedDataTypeRef name="DerivedString">
                            <mimName>EPIC_SwM</mimName>
                        </derivedDataTypeRef>
                    </dataType>
                </parameter>
            </action>
            <attribute name="reportProgress">
                <description>Defines whether upgrade events are sent or not during execution of an upgrade.</description>
                <readOnly/>
                <dataType>
                    <structRef name="AsyncActionProgress">
                        <mimName>ECIM_SwM</mimName>
                    </structRef>
                </dataType>
            </attribute>
            <attribute name="fallbackTimer">
                <description>The maximum number of seconds allowed to elapse between the finish of an activation step and the start of the next action - a new activate() action - or commit() action.

I.e., this attribute holds the value to which the attribute timeRemainingBeforeFallback is set after the action activate() is successfully completeted.
-1 symbolizes "infinity". In this case, the starting value of timeRemainingBeforeFallback shall also be set to -1 when the timer stars even though no counting down ever starts (it remains always -1).</description>
                <noNotification/>
                <dataType>
                    <int16>
                        <defaultValue>1200</defaultValue>
                    </int16>
                </dataType>
            </attribute>
            <attribute name="swMId">
                <description>The value component of the RDN.
</description>
                <mandatory/>
                <noNotification/>
                <restricted/>
                <key/>
                <dataType>
                    <string/>
                </dataType>
            </attribute>
            <attribute name="timeRemainingBeforeFallback">
                <description>Remaining number of seconds before performing fallback. "Infinite" time = -1

Expiration of this timer causes falling back to state PREPARE_COMPLETED.</description>
                <noNotification/>
                <readOnly/>
                <dataType>
                    <int16>
                        <defaultValue>-1</defaultValue>
                    </int16>
                </dataType>
            </attribute>
            <attribute name="localFileStorePath">
                <description>Contains the default (string) directory path (on the ME File system) where UPs are stored.
If the ME supports pull download only, this attribute is NULL.</description>
                <readOnly/>
                <dataType>
                    <string/>
                </dataType>
            </attribute>
            <attribute name="activeSwVersion">
                <description>Reference to the active software version(s) actively controlling the behavior of the managed element.</description>
                <readOnly/>
                <dataType>
                    <sequence>
                        <moRef name="SwVersionMain">
                            <mimName>ECIM_SwM</mimName>
                        </moRef>
                        <minLength>1</minLength>
                    </sequence>
                </dataType>
            </attribute>
            <attribute name="localFileStore">
                <description>Reference to a FileGroup MO (in the File Managment MOM Fragment) representing a directory in the local file system.

The locally stored UPs are stored under this directory. If the ME does not support pull download of the UP, the MS has a separate procedure for downloading the files to a directory modeled as a FileGroup MO.

If FileM MOM fragment is not implemented by the Managed Element, the localFileStore attribute is NULL.
If the ME supports pull download only, the localFileStore attribute is NULL.</description>
                <readOnly/>
                <dataType>
                    <moRef name="ManagedObject"/>
                </dataType>
            </attribute>
            <attribute name="userLabel">
                <description>Used for product free-text description. </description>
                <domainExtension domain="ECIM">
                    <extension name="isNillable" value="true"/>
                </domainExtension>
                <dataType>
                    <string/>
                </dataType>
            </attribute>
        </class>
        <class name="UpgradePackage">
            <description>This class includes attributes to describe the process of changing the software configuration of an ME and actions to control the change process.

An instance of UpgradePackage (UP) represents a specific change of software configuration from the existing one to the new one identified by the attribute administrativeData. The execution of the change process described by UP class is the normal way to change the content of the SW inventory.

An UP may be seen as a "modification agent": it can add new, remove, or modify functionality.

When the upgrade package MO is created the upgrade control file is downloaded to specify the administrative data and the activation steps for this upgrade.
The sequence in which a Software upgrade executes is:

1. Prepare
2. Verify (optional)
3. Activate 
4. Commit </description>
            <action name="activate">
                <description>Current upgrade package is taken into operation fully or partially. Partial activation occurs if the UCF defines activation steps and the attribute ignoreActivationStep is false. 
The ME upgrade engine notifies the operator that the activation step is completed. The next activation step starts when the operator invokes an activate action. 
Each UP has to have at least 1 activation step.

When the attribute ignoreActivationStep=True, all activation steps are executed in sequence, when an activation step is complete the ME executes the next activation step i.e. there is no operator invocation when an activation step is complete. 

The time for observation of the correct operation of the ME after each completed step is always monitored by a supervision timer.
The invocation of activate() may be monitored by a supervision timer.
If the supervision timer expires before invocation of activate() or commit(), then the activation fails and the ME falls back to the state PREPARE_COMPLETED.

The action returns immediately after invocation. The progress of the action can be tracked via the progressReport attribute. The action returns FALSE if the action could not start for any reason (e.g., another parallel action is in progress), otherwise returns TRUE.

This action can be invoked when the state is PREPARE_COMPLETED or ACTIVATION_STEP_COMPLETED. If the action is invoked in a state where the action has no meaning, ME is expected to return an error message.</description>
                <returnType>
                    <boolean/>
                </returnType>
            </action>
            <action name="commit">
                <description>Stops the activation supervision timer (fallback timer) and confirms the upgrade.
The action returns when the action has completed (synchronous).
This action can be invoked when the state is WAITING_FOR_COMMIT. The action returns true on success, false on failure.</description>
                <returnType>
                    <boolean/>
                </returnType>
            </action>
            <action name="cancel">
                <description>Stops the operation and restores the (consistent) state present before the long lasting operation was started.  Cancel can be invoked during any long lasting operation. 

Furthermore, cancel() can also be invoked when the UP is in WAITING_FOR_COMMIT or ACTIVATION_STEP_COMPLETED state (without having a long lasting operation in progress). Calling cancel(), in this state, orders the ME to restore the state present before the activation procedure was started (PREPARE_COMPLETED or VERIFICATION_COMPLETED).

The action returns immediately after invocation. The consequences of the action can be tracked via the progressReport attribute. The action returns false if the action is refused by the ME, returns true otherwise.

This action can be invoked when the UP state is PREPARE_IN_PROGRESS, VERIFICATION_IN_PROGRESS, ACTIVATION_IN_PROGRESS, ACTIVATION_STEP_COMPLETED, or WAITING_FOR_COMMIT. If the action is invoked in a state where the action has no meaning, the ME is expected to return FALSE.


</description>
                <returnType>
                    <boolean/>
                </returnType>
            </action>
            <action name="verify">
                <description>Verifies the ability to activate current upgrade package
The action returns immediately after invocation. The progress of the action can be tracked via the progressReport attribute. The action returns FALSE if the action could not start for any reason (e.g., another parallel action is in progress), otherwise returns TRUE.

This action can be invoked when the state is PREPARE_COMPLETED. If the action is invoked in a state where the action has no meaning, ME is expected to return an error message.
Calling this action is optional in the whole upgrade procedure. The action can be called more than once if wished.


</description>
                <returnType>
                    <boolean/>
                </returnType>
            </action>
            <action name="prepare">
                <description>Prepares the Managed Element for the activation of current upgrade package. 

Executing prepare() does not have any negative impact on the in service performance of Managed Element.

The action returns immediately after invocation. The progress of the action can be tracked via the progressReport attribute. The action returns FALSE if the action could not start for any reason (e.g., another parallel action is in progress), otherwise returns TRUE.


</description>
                <returnType>
                    <boolean/>
                </returnType>
            </action>
            <attribute name="state">
                <description>Current state of Upgrade Package.</description>
                <readOnly/>
                <dataType>
                    <enumRef name="UpgradePackageState">
                        <mimName>ECIM_SwM</mimName>
                    </enumRef>
                </dataType>
            </attribute>
            <attribute name="reportProgress">
                <description>This represents the progress report (including result) of the ongoing action, e.g. prepare, activate. This MO supports only one action to be executed at a time.
</description>
                <readOnly/>
                <dataType>
                    <structRef name="AsyncActionProgressWithSteps">
                        <mimName>ECIM_SwM</mimName>
                    </structRef>
                </dataType>
            </attribute>
            <attribute name="upgradePackageId">
                <description>The value component of the RDN.</description>
                <mandatory/>
                <noNotification/>
                <restricted/>
                <key/>
                <dataType>
                    <string/>
                </dataType>
            </attribute>
            <attribute name="ignoreBreakPoints">
                <description>FALSE =&gt; There is a breakpoint between each activation step. Activation process stops at each breakpoint. 
TRUE =&gt; Execution shall ignore breakpoints between activation steps and instead execute the end to end activation process invoking all activation steps in sequence (assuming no errors occur).</description>
                <dataType>
                    <boolean>
                        <defaultValue>TRUE</defaultValue>
                    </boolean>
                </dataType>
            </attribute>
            <attribute name="userLabel">
                <description>Used for product free-text description. </description>
                <domainExtension domain="ECIM">
                    <extension name="isNillable" value="true"/>
                </domainExtension>
                <dataType>
                    <string/>
                </dataType>
            </attribute>
            <attribute name="administrativeData">
                <description>The product identification of the software version(s) being activated at successful completion of the full sequence of actions for an upgrade.
</description>
                <readOnly/>
                <dataType>
                    <sequence>
                        <structRef name="ProductData">
                            <mimName>ECIM_SwM</mimName>
                        </structRef>
                        <minLength>1</minLength>
                    </sequence>
                </dataType>
            </attribute>
            <attribute name="activationStep">
                <description>List of activation steps the activation procedure consists of. It is possible to stop after each step, perform supervision and continue with the procedure.
The upgrade procedure must consist of at least one activation step.
 </description>
                <readOnly/>
                <dataType>
                    <sequence>
                        <structRef name="ActivationStep">
                            <mimName>ECIM_SwM</mimName>
                        </structRef>
                        <minLength>1</minLength>
                    </sequence>
                </dataType>
            </attribute>
            <attribute name="created">
                <description>Date and time  this Upgrade Package instance was created.
</description>
                <readOnly/>
                <dataType>
                    <derivedDataTypeRef name="DateTimeWithoutOffset">
                        <mimName>ECIM_CommonLibrary</mimName>
                    </derivedDataTypeRef>
                </dataType>
            </attribute>
            <attribute name="directoryPathExtension">
                <description>Relative path to the directory containing the Upgrade Package. It reflects the input given when creating this UP.

If the UP is stored locally, this path extension is relative to the localFileStore FileGroup MO (or LocalFileStorePath).
If the UP is stored remotely, this path extension is concatenated to the uriPathExtension in the TransferPolicyProducer.

</description>
                <readOnly/>
                <dataType>
                    <string/>
                </dataType>
            </attribute>
            <attribute name="remoteFileStore">
                <description>If the upgrade package is stored remotely, this attribute contains a reference to a TransferPolicyConsumer object.

This attribute indicates the relative location of the UP and reflects the input given when creating this UP.


</description>
                <readOnly/>
                <dataType>
                    <moRef name="ManagedObject"/>
                </dataType>
            </attribute>
            <attribute name="isLocallyStored">
                <description>If true the upgrade package is stored in the local file system of the node.
If false the upgrade package is stored in a remote file system (remote file server).</description>
                <readOnly/>
                <dataType>
                    <boolean/>
                </dataType>
            </attribute>
            <attribute name="uri">
                <description>A URI pointing to the directory where the UP can be found.

The URI may be local (e.g., file://data/dir/subdir) or a remote (e.g., ftp://hostname/dir/subdir).</description>
                <readOnly/>
                <dataType>
                    <string/>
                </dataType>
            </attribute>
        </class>
        <class name="SwVersionMain">
            <description>This class is used to represent the main SW version running on the ME. Such an MO may be created after activating an UP.

An active software version is actively controlling the behaviour of the ME, while a non-active version represents software not yet activated or software which has been de-activated during some previous activation. There may be one or more active software versions.

This class is similar to the SwVersion class in the SW Inventory Fragment. Both SW Inventory SwVersion MOC and SwM SwVersionMain MOC represent overall software version of the ME. 




 
</description>
            <systemCreated/>
            <attribute name="swVersionMainId">
                <description>The value component of the RDN.</description>
                <mandatory/>
                <noNotification/>
                <restricted/>
                <key/>
                <dataType>
                    <string/>
                </dataType>
            </attribute>
            <attribute name="administrativeData">
                <description>The product identification of the software version. 
</description>
                <readOnly/>
                <dataType>
                    <structRef name="ProductData">
                        <mimName>ECIM_SwM</mimName>
                    </structRef>
                </dataType>
            </attribute>
            <attribute name="name">
                <description>Everyday name of the SW version. It may contain any longer textual description.</description>
                <readOnly/>
                <dataType>
                    <string/>
                </dataType>
            </attribute>
            <attribute name="size">
                <description>Amount of disk space in KB that will be freed if this SW version is deleted.

This figure may thus vary depending on what other SW versions exist - files shared between two SW versions will only be deleted when the last of those SW versions is deleted.

</description>
                <readOnly/>
                <dataType>
                    <int64/>
                </dataType>
            </attribute>
            <attribute name="swVersion">
                <description>Associated Software Inventory Management MO.

Both SW Inventory SwVersion MOC and SwM SwVersionMain MOC represent overall software version of the ME. </description>
                <readOnly/>
                <dataType>
                    <moRef name="ManagedObject"/>
                </dataType>
            </attribute>
        </class>
        <relationship name="SwM_to_UpgradePackage">
            <containment>
                <parent>
                    <hasClass name="SwM">
                        <mimName>ECIM_SwM</mimName>
                    </hasClass>
                </parent>
                <child>
                    <hasClass name="UpgradePackage">
                        <mimName>ECIM_SwM</mimName>
                    </hasClass>
                    <cardinality>
                        <min>0</min>
                    </cardinality>
                </child>
            </containment>
        </relationship>
        <relationship name="SwM_to_SwVersionMain">
            <containment>
                <parent>
                    <hasClass name="SwM">
                        <mimName>ECIM_SwM</mimName>
                    </hasClass>
                </parent>
                <child>
                    <hasClass name="SwVersionMain">
                        <mimName>ECIM_SwM</mimName>
                    </hasClass>
                    <cardinality>
                        <min>1</min>
                    </cardinality>
                </child>
            </containment>
        </relationship>
    </mim>
</models>
