<?xml version="1.0" encoding="UTF-8"?><!--
	Copyright (c) 2013 Ericsson AB. 
	All rights reserved 

	DX ECIM Tool-chain generated this file on May 17, 2013 9:02:19 AM using:
	* com.ericsson.ecim.m2m 2.6.3.201303181606
	* com.ericsson.ecim.dsl 2.6.3.201303181606
	* com.ericsson.ecim.edm 2.6.3.201303181606
--><!DOCTYPE models SYSTEM "mp.dtd">
<models>
    <dtdVersion>E1</dtdVersion>
    <momMetaData>
        <momTitle>title</momTitle>
        <momSubTitle>sub title</momSubTitle>
        <momIdentity>
            <docNum>0</docNum>
            <docLang>English</docLang>
            <docRev>0</docRev>
            <docDate>23.04.2013</docDate>
        </momIdentity>
        <createdBy>
            <signature>Albatross</signature>
        </createdBy>
    </momMetaData>
    <mim author="Sampo Rahikkala" contact="Saija Sipola" date="23.04.2013" docNo="" name="EPIC_T_L2_EthernetPort" namespace="urn:com:ericsson:ecim:EPIC_T_L2_EthernetPort" namespacePrefix="epic_t_l2_ethernetport" organization="Albatross" release="0" revision="" version="1">
        <description>Ethernet port. </description>
        <domainExtension domain="ECIM">
            <extension name="ecimMomName" value="ECIM_T_L2_EthernetPort"/>
            <extension name="ecimMomVersion" value="0"/>
            <extension name="ecimMomRelease" value="2"/>
            <extension name="immNamespace" value="NONE"/>
        </domainExtension>
        <enum name="EthPortOperatingMode">
            <description>Operating modes specify speed, duplex and master/slave states. Available states are, &#13;
&#13;
- 1G_FULL: 1Gbps speed, full duplex&#13;
- 100M_FULL: 100Mbps speed, full duplex&#13;
- 100M_HALF: 100Mbps speed, half duplex&#13;
- 10M_FULL: 10Mbps speed, full duplex&#13;
- 10M_HALF: 10Mbps speed, half duplex</description>
            <enumMember name="10M_HALF">
                <value>2</value>
            </enumMember>
            <enumMember name="10M_FULL">
                <value>3</value>
            </enumMember>
            <enumMember name="100M_HALF">
                <value>4</value>
            </enumMember>
            <enumMember name="100M_FULL">
                <value>5</value>
            </enumMember>
            <enumMember name="1G_FULL">
                <value>6</value>
            </enumMember>
        </enum>
        <enum name="OperState">
            <description>The operational states of a resource.&#13;
</description>
            <enumMember name="DISABLED">
                <description> The resource is  totally inoperable.</description>
                <value>0</value>
            </enumMember>
            <enumMember name="ENABLED">
                <description> The resource partially or fully operable</description>
                <value>1</value>
            </enumMember>
        </enum>
        <derivedDataType name="EthPortMtu">
            <description>Ethernet port MTU range is platform specific, thus left unconstrained and will be defined in platform model. The recommended value range is from 576 to 1500. </description>
            <baseType>
                <int32>
                    <range>
                        <min>576</min>
                        <max>1500</max>
                    </range>
                </int32>
            </baseType>
        </derivedDataType>
        <derivedDataType name="MacAddressStr">
            <description>MAC address string, controlled by a regular expression.&#13;
&#13;
Address should be specified in colon separated hexadecimal notation as described in IEEE 802. &#13;
MAC addresses shall have 17 characters.&#13;
Valid characters: 0123456789abcdefABCDEF&#13;
Regular expression: ([0-9A-Fa-f]{2}:){5}[0-9A-Fa-f]{2}&#13;
Example: 00:12:34:56:78:9A</description>
            <baseType>
                <string>
                    <lengthRange>
                        <min>17</min>
                        <max>17</max>
                    </lengthRange>
                    <validValues>([0-9A-Fa-f]{2}:){5}[0-9A-Fa-f]{2}</validValues>
                </string>
            </baseType>
        </derivedDataType>
        <class name="EthernetPort">
            <description>Physical entity that provides Ethernet-like MAC service access point. Represents the active
Ethernet port, which is automatically selected by pRBS.
&#13;
The RDN of this MO is EthernetPort=1</description>
            <systemCreated/>
            <root/>
            <dependenciesScript><![CDATA[An encapsulation shall be used by only one EthernetPort. ]]></dependenciesScript>
            <specification>IEEE 802.3</specification>
            <attribute name="ethernetPortId">
                <description>The value component of the RDN.</description>
                <mandatory/>
                <noNotification/>
                <restricted/>
                <key/>
                <dataType>
                    <string/>
                </dataType>
            </attribute>
            <attribute name="operationalState">
                <description>The operational state.</description>
                <nonPersistent/>
                <readOnly/>
                <dataType>
                    <enumRef name="OperState">
                        <mimName>EPIC_T_L2_EthernetPort</mimName>
                    </enumRef>
                </dataType>
            </attribute>
            <attribute name="userLabel">
                <description>Label for free use.</description>
                <domainExtension domain="ECIM">
                    <extension name="isNillable" value="true"/>
                </domainExtension>
                <dataType>
                    <string>
                        <defaultValue/>
                    </string>
                </dataType>
            </attribute>
            <attribute name="mtu">
                <description>This attribute defines the maximum transmission unit.
The size (in bytes) of the largest protocol data unit (PDU) that the Ethernet layer can pass onwards on the Ethernet port.
The PDU includes Ethernet header, Ethertype, Payload and Frame check sequence. </description>
                <domainExtension domain="ECIM">
                    <extension name="isNillable" value="true"/>
                </domainExtension>
                <dataType>
                    <derivedDataTypeRef name="EthPortMtu">
                        <defaultValue>1500</defaultValue>
                        <mimName>EPIC_T_L2_EthernetPort</mimName>
                    </derivedDataTypeRef>
                </dataType>
                <specification>IEEE 802.3</specification>
                <takesEffect>at restart.</takesEffect>
            </attribute>
            <attribute name="operOperatingMode">
                <description>The operational speed and duplex state of the Ethernet port.</description>
                <nonPersistent/>
                <readOnly/>
                <dataType>
                    <enumRef name="EthPortOperatingMode">
                        <mimName>EPIC_T_L2_EthernetPort</mimName>
                    </enumRef>
                </dataType>
            </attribute>
            <attribute name="macAddress">
                <description>The individual MAC address.</description>
                <readOnly/>
                <dataType>
                    <derivedDataTypeRef name="MacAddressStr">
                        <mimName>EPIC_T_L2_EthernetPort</mimName>
                    </derivedDataTypeRef>
                </dataType>
            </attribute>
        </class>
    </mim>
    
    <interMim>
        <relationship name="Transport_to_EthernetPort">
            <containment>
                <parent>
                    <hasClass name="Transport">
                        <mimName>ComTop</mimName>
                    </hasClass>
                </parent>
                <child>
                    <hasClass name="EthernetPort">
                        <mimName>EPIC_T_L2_EthernetPort</mimName>
                    </hasClass>
                    <cardinality>
                        <min>1</min>
                        <max>1</max>
                    </cardinality>
                </child>
            </containment>
        </relationship>
    </interMim>
    
</models>