<?xml version="1.0" encoding="UTF-8"?><!--
	Copyright (c) 2013 Ericsson AB. 
	All rights reserved 

	DX ECIM Tool-chain generated this file on May 24, 2013 11:41:15 AM using:
	* com.ericsson.ecim.m2m 2.6.3.201303181606
	* com.ericsson.ecim.dsl 2.6.3.201303181606
	* com.ericsson.ecim.edm 2.6.3.201303181606
--><!DOCTYPE models SYSTEM "mp.dtd">
<models>
    <dtdVersion>E1</dtdVersion>
    <momMetaData>
        <momTitle>MOM for EPIC_COMMON_and_WCDMA</momTitle>
        <momSubTitle>Main model</momSubTitle>
        <momIdentity>
            <docNum>0</docNum>
            <docLang>English</docLang>
            <docRev>0</docRev>
            <docDate>02.05.2013</docDate>
        </momIdentity>
    </momMetaData>
    
    <mim author="Sampo Rahikkala" contact="Saija Sipola" date="02.05.2013" docNo="" name="EPIC_WCDMA_MOM" namespace="urn:com:ericsson:ecim:EPIC_WCDMA_MOM" namespacePrefix="epic_wcdma_mom" organization="Albatross" release="0" revision="" version="9">
        <description>Managed Object Model for WCDMA, GA content</description>
        <domainExtension domain="ECIM">
            <extension name="immNamespace" value="NONE"/>
        </domainExtension>
        <struct name="EulOptimalNoiseFloorLockDataStruct">
            <description/>
            <structMember name="eulOptimalNoiseFloorEstimate">
                <description>EUL scheduler will give UL grants to Ue's by maximizing throughput while ensuring that a maximum rise over thermal RoT is
not exceeded to ensure UL stability and coverage.

In order to be able to guarantee a certain RoT it is needed to estimate the thermal noise level.


</description>
                <derivedDataTypeRef name="NoiseFloorEstimateRange">
                    <defaultValue>-1020</defaultValue>
                    <mimName>EPIC_WCDMA_MOM</mimName>
                </derivedDataTypeRef>
            </structMember>
            <structMember name="eulNoiseFloorLock">
                <description>When set to true, sets the noise floor level to the value in 
EulOptimalNoiseFloorLockDataStruct.eulOptimalNoiseFloorEstimate</description>
                <boolean>
                    <defaultValue>false</defaultValue>
                </boolean>
            </structMember>
        </struct>
        <enum name="SchFlowControlState">
            <description>Enumeration defines whether flow control is activated (on) or deactivated (off).</description>
            <enumMember name="OFF">
                <description>Flow control is deactivated.</description>
                <value>0</value>
            </enumMember>
            <enumMember name="ON">
                <description>Flow control is activated.</description>
                <value>1</value>
            </enumMember>
        </enum>
        <enum name="OperState">
            <description>The operational states of a resource.&#13;
</description>
            <enumMember name="DISABLED">
                <description> The resource is  totally inoperable.</description>
                <value>0</value>
            </enumMember>
            <enumMember name="ENABLED">
                <description> The resource partially or fully operable</description>
                <value>1</value>
            </enumMember>
        </enum>
        <derivedDataType name="LocalCellIdRange">
            <description>Allowed range for LocalCell id.</description>
            <baseType>
                <int32>
                    <range>
                        <min>0</min>
                        <max>268435455</max>
                    </range>
                </int32>
            </baseType>
        </derivedDataType>
        <derivedDataType name="CodePowerRange">
            <description>Allowed range for code power.
For min and max parameters.
Use example: 15 = 1.5 dB.
</description>
            <baseType>
                <int32>
                    <range>
                        <min>-350</min>
                        <max>150</max>
                    </range>
                    <unit>dB</unit>
                    <multiplicationFactor>0.1</multiplicationFactor>
                    <resolution>5</resolution>
                </int32>
            </baseType>
        </derivedDataType>
        <derivedDataType name="UarfncRange">
            <description>Allowed range for UARFCN DL or UL.</description>
            <baseType>
                <int32>
                    <range>
                        <min>0</min>
                        <max>65535</max>
                    </range>
                </int32>
            </baseType>
        </derivedDataType>
        <derivedDataType name="DesensitizationPowerRange">
            <description>Parameter value 0, means that no pseudo noise is added.
</description>
            <baseType>
                <int32>
                    <range>
                        <min>0</min>
                        <max>0</max>
                        <min>-1080</min>
                        <max>-700</max>
                    </range>
                    <unit>dBm</unit>
                    <multiplicationFactor>0.1</multiplicationFactor>
                    <resolution>5</resolution>
                </int32>
            </baseType>
        </derivedDataType>
        <derivedDataType name="HsPowerMarginRange">
            <description>Allowed range for hspowerMargin.
Example: 2 = 0.2 dB.
</description>
            <baseType>
                <int32>
                    <range>
                        <min>0</min>
                        <max>200</max>
                    </range>
                    <unit>dB</unit>
                    <multiplicationFactor>0.1</multiplicationFactor>
                </int32>
            </baseType>
        </derivedDataType>
        <derivedDataType name="WcdmaCchPowerOffsetRange">
            <description>Allowed range for wcdma CcHPowerOffset.
Use  example: 15 = 1.5 dB
</description>
            <baseType>
                <int32>
                    <range>
                        <min>-350</min>
                        <max>150</max>
                    </range>
                    <unit>dB</unit>
                    <multiplicationFactor>0.1</multiplicationFactor>
                    <resolution>5</resolution>
                </int32>
            </baseType>
        </derivedDataType>
        <derivedDataType name="NoiseRiseRange">
            <description>Allowed range for noise rise.</description>
            <baseType>
                <int32>
                    <range>
                        <min>0</min>
                        <max>550</max>
                    </range>
                    <unit>dB</unit>
                    <multiplicationFactor>0.1</multiplicationFactor>
                </int32>
            </baseType>
        </derivedDataType>
        <derivedDataType name="MaxTransmissionPowerRange">
            <description>Allowed range for max transmission power.</description>
            <baseType>
                <int32>
                    <range>
                        <min>200</min>
                        <max>300</max>
                    </range>
                    <unit>dBm</unit>
                    <multiplicationFactor>0.1</multiplicationFactor>
                </int32>
            </baseType>
        </derivedDataType>
        <derivedDataType name="NoiseFloorEstimateRange">
            <description>Allowed range for noise floor estimate.
</description>
            <baseType>
                <int32>
                    <range>
                        <min>-1150</min>
                        <max>-600</max>
                    </range>
                    <unit>dBm</unit>
                    <multiplicationFactor>0.1</multiplicationFactor>
                </int32>
            </baseType>
        </derivedDataType>
        <derivedDataType name="NumOfRxAntennasRange">
            <description>Allowed range for number of RX antennas.</description>
            <baseType>
                <int32>
                    <range>
                        <min>1</min>
                        <max>2</max>
                    </range>
                </int32>
            </baseType>
        </derivedDataType>
        <derivedDataType name="OrthLossCompRange">
            <description>Allowed range for orthLossComp, additional power offset.
Use example: 4 = 1.0 dB</description>
            <baseType>
                <int32>
                    <range>
                        <min>0</min>
                        <max>30</max>
                    </range>
                    <unit>dB</unit>
                    <multiplicationFactor>0.25</multiplicationFactor>
                </int32>
            </baseType>
        </derivedDataType>
        <derivedDataType name="RbsIdRange">
            <description>Allowed range for RBS id.</description>
            <baseType>
                <int32>
                    <range>
                        <min>0</min>
                        <max>2147483647</max>
                    </range>
                </int32>
            </baseType>
        </derivedDataType>
        <derivedDataType name="ConcurrentUserRange">
            <description>Allowed range for limit max number of concurrent users.</description>
            <baseType>
                <int32>
                    <range>
                        <min>1</min>
                        <max>64</max>
                    </range>
                </int32>
            </baseType>
        </derivedDataType>
        <derivedDataType name="NumOfTxAntennasRange">
            <description>Allowed range for number of TX antennas.</description>
            <baseType>
                <int32>
                    <range>
                        <min>1</min>
                        <max>1</max>
                    </range>
                </int32>
            </baseType>
        </derivedDataType>
        <derivedDataType name="MinDlPowerCapabilityRange">
            <description>Allowed range for min DL power capability.</description>
            <baseType>
                <int32>
                    <range>
                        <min>170</min>
                        <max>200</max>
                    </range>
                    <unit>dBm</unit>
                    <multiplicationFactor>0.1</multiplicationFactor>
                </int32>
            </baseType>
        </derivedDataType>
        <derivedDataType name="MaxDlPowerCapabilityRange">
            <description>Allowed range for max DL power capability.</description>
            <baseType>
                <int32>
                    <range>
                        <min>270</min>
                        <max>300</max>
                    </range>
                    <unit>dBm</unit>
                    <multiplicationFactor>0.1</multiplicationFactor>
                </int32>
            </baseType>
        </derivedDataType>
        <class name="NodeBFunction">
            <description>This Managed Object (MO) models the radio networks resources in a node B (pRBS).
The RDN of this MO is NodeBFunction=1.</description>
            <systemCreated/>
            <root/>
            <attribute name="nodeBFunctionId">
                <description>The value component of the RDN.</description>
                <mandatory/>
                <noNotification/>
                <restricted/>
                <key/>
                <dataType>
                    <string/>
                </dataType>
            </attribute>
            <attribute name="featureStatusHsAqmCongCtrl">
                <description>Feature status for AQM Based Congestion Control for HSDPA.</description>
                <domainExtension domain="ECIM">
                    <extension name="isNillable" value="true"/>
                </domainExtension>
                <dataType>
                    <boolean>
                        <defaultValue>false</defaultValue>
                    </boolean>
                </dataType>
                <takesEffect>when no cells in the RBS are set up with HS-DSCH resources. If cells are set up, the release/re-setup of all the cells with HS-DSCH resources can be triggered by a warm node restart. When this feature is not active, HSDPA Flow Control is in effect.</takesEffect>
            </attribute>
            <attribute name="orthLossComp">
                <description>Offset added to the power level.
Used when configuring Compressed Mode SF/2 with an alternative scrambling code.</description>
                <domainExtension domain="ECIM">
                    <extension name="isNillable" value="true"/>
                </domainExtension>
                <dataType>
                    <derivedDataTypeRef name="OrthLossCompRange">
                        <defaultValue>4</defaultValue>
                        <mimName>EPIC_WCDMA_MOM</mimName>
                    </derivedDataTypeRef>
                </dataType>
            </attribute>
            <attribute name="maxNumConcurrentUsers">
                <description>Shows a maximum number of concurrent users as supported by pRBS.
The user limit is the same for any type of the rel-99, HS or E-DCH services but uses a higher bitrate rel-99 packet data rate.
Consumes more baseband capacity and thus further limits the number of connected UEs.</description>
                <domainExtension domain="ECIM">
                    <extension name="isNillable" value="true"/>
                </domainExtension>
                <nonPersistent/>
                <readOnly/>
                <dataType>
                    <derivedDataTypeRef name="ConcurrentUserRange">
                        <defaultValue>32</defaultValue>
                        <mimName>EPIC_WCDMA_MOM</mimName>
                    </derivedDataTypeRef>
                </dataType>
            </attribute>
            <attribute name="featureStatusDynamicCodeAllocation">
                <description>Set to true to enable this feature. When enabled, the RBS will keep track of which SF16 codes are free to use for HS transmission in a certain TTI,
that is to be able to use more codes than the statically configured HS codes originally allocated by the RNC.</description>
                <domainExtension domain="ECIM">
                    <extension name="isNillable" value="true"/>
                </domainExtension>
                <dataType>
                    <boolean>
                        <defaultValue>true</defaultValue>
                    </boolean>
                </dataType>
            </attribute>
            <attribute name="desensitizationPower">
                <description>The power of the pseudo-noise sequence added to the received antenna signal prior to demodulation.</description>
                <domainExtension domain="ECIM">
                    <extension name="isNillable" value="true"/>
                </domainExtension>
                <dataType>
                    <derivedDataTypeRef name="DesensitizationPowerRange">
                        <defaultValue>0</defaultValue>
                        <mimName>EPIC_WCDMA_MOM</mimName>
                    </derivedDataTypeRef>
                </dataType>
            </attribute>
            <attribute name="userLabel">
                <description>Used for product free-text description. </description>
                <domainExtension domain="ECIM">
                    <extension name="isNillable" value="true"/>
                </domainExtension>
                <dataType>
                    <string/>
                </dataType>
            </attribute>
            <attribute name="release">
                <description>The product release of the ManagedFunction.&#13;
It commonly contains the Managed Function release e.g. L12.0, 13A, R1A </description>
                <readOnly/>
                <dataType>
                    <string/>
                </dataType>
            </attribute>
        </class>
        <class name="NodeBLocalCell">
            <description>This MO models a cell, that is, a geographical area that can be identified by a UE from a cell identification broadcast from one UTRAN Access Point.
The RDN of this MO type is presented as an alphanumeric string.</description>
            <systemCreated/>
            <attribute name="nodeBLocalCellId">
                <description>The value component of the RDN.</description>
                <mandatory/>
                <noNotification/>
                <restricted/>
                <key/>
                <dataType>
                    <string/>
                </dataType>
            </attribute>
            <attribute name="operationalState">
                <description>The operational state.</description>
                <domainExtension domain="ECIM">
                    <extension name="isNillable" value="true"/>
                </domainExtension>
                <nonPersistent/>
                <readOnly/>
                <dataType>
                    <enumRef name="OperState">
                        <defaultValue>DISABLED</defaultValue>
                        <mimName>EPIC_WCDMA_MOM</mimName>
                    </enumRef>
                </dataType>
            </attribute>
            <attribute name="eulOptimalNoiseFloorLock">
                <description>The struct attributes eulNoiseFloorLock and eulOptimalNoiseFloorEstimate are set together.
To be able to set the noise floor level, attribute eulNoiseFloorLock set to true is used together with a defined value in attribute eulOptimalNoiseFloorEstimate.
The noise floor level (eulNoiseFloorLock set to true) to use a value defined in eulOptimalNoiseFloorEstimate.
When eulNoiseFloorLock is set to false, the noise floor level is according to the algorithm and
the eulOptimalNoiseFloorEstimate value is negligible.</description>
                <domainExtension domain="ECIM">
                    <extension name="isNillable" value="true"/>
                </domainExtension>
                <dataType>
                    <structRef name="EulOptimalNoiseFloorLockDataStruct">
                        <mimName>EPIC_WCDMA_MOM</mimName>
                    </structRef>
                </dataType>
            </attribute>
            <attribute name="eulMaxOwnUuLoad">
                <description>The maximum contribution allowed to the uplink interference increase from traffic generated in its own cell.
The scheduler limits the E-DCH power based on this parameter. The unit is indicates the rise of interference, noise rise in the dB.</description>
                <domainExtension domain="ECIM">
                    <extension name="isNillable" value="true"/>
                </domainExtension>
                <dataType>
                    <derivedDataTypeRef name="NoiseRiseRange">
                        <defaultValue>80</defaultValue>
                        <mimName>EPIC_WCDMA_MOM</mimName>
                    </derivedDataTypeRef>
                </dataType>
            </attribute>
            <attribute name="minDlPowerCapability">
                <description>The minimum downlink power capability for the cell.
The attribute is calculated and reported to the RNC.</description>
                <domainExtension domain="ECIM">
                    <extension name="isNillable" value="true"/>
                </domainExtension>
                <readOnly/>
                <dataType>
                    <derivedDataTypeRef name="MinDlPowerCapabilityRange">
                        <mimName>EPIC_WCDMA_MOM</mimName>
                    </derivedDataTypeRef>
                </dataType>
            </attribute>
            <attribute name="maxDlPowerCapability">
                <description>The maximum downlink power capability for the cell. The attribute is calculated and reported to the RNC.</description>
                <domainExtension domain="ECIM">
                    <extension name="isNillable" value="true"/>
                </domainExtension>
                <readOnly/>
                <dataType>
                    <derivedDataTypeRef name="MaxDlPowerCapabilityRange">
                        <mimName>EPIC_WCDMA_MOM</mimName>
                    </derivedDataTypeRef>
                </dataType>
            </attribute>
            <attribute name="localCellId">
                <description>The RBS local cell identity.</description>
                <mandatory/>
                <dataType>
                    <derivedDataTypeRef name="LocalCellIdRange">
                        <mimName>EPIC_WCDMA_MOM</mimName>
                    </derivedDataTypeRef>
                </dataType>
                <dependencies>The value must be the same as in the corresponding RNC MO UtranCell.</dependencies>
                <specification>3GPP TS 25.433, NBAP, UTRAN Iub interface NBAP signalling.</specification>
                <takesEffect>at restart.</takesEffect>
            </attribute>
            <attribute name="numOfRxAntennas">
                <description>Indicates the number of Rx antennas used.</description>
                <dataType>
                    <derivedDataTypeRef name="NumOfRxAntennasRange">
                        <defaultValue>2</defaultValue>
                        <mimName>EPIC_WCDMA_MOM</mimName>
                    </derivedDataTypeRef>
                </dataType>
                <takesEffect>at restart.</takesEffect>
            </attribute>
            <attribute name="numOfTxAntennas">
                <description>Indicates the number of Tx antennas used.</description>
                <dataType>
                    <derivedDataTypeRef name="NumOfTxAntennasRange">
                        <defaultValue>1</defaultValue>
                        <mimName>EPIC_WCDMA_MOM</mimName>
                    </derivedDataTypeRef>
                </dataType>
                <takesEffect>at restart.</takesEffect>
            </attribute>
            <attribute name="hsPowerMargin">
                <description>The power margin the HSDPA scheduler uses when it allocates the remaining power of a cell carrier.
It is relative the maximum available power of the cell.</description>
                <domainExtension domain="ECIM">
                    <extension name="isNillable" value="true"/>
                </domainExtension>
                <dataType>
                    <derivedDataTypeRef name="HsPowerMarginRange">
                        <defaultValue>2</defaultValue>
                        <mimName>EPIC_WCDMA_MOM</mimName>
                    </derivedDataTypeRef>
                </dataType>
            </attribute>
            <attribute name="hsScchMinCodePower">
                <description>The HS-SCCH transmit power setting relative to the PCPICH power setting must be limited between the hsScchMinCodePower and the hsScchMaxCodePower parameters.

Setting hsScchMinCodePower = hsScchMaxCodePower disables SCCH power control and uses a fixed power setting.</description>
                <domainExtension domain="ECIM">
                    <extension name="isNillable" value="true"/>
                </domainExtension>
                <dataType>
                    <derivedDataTypeRef name="CodePowerRange">
                        <defaultValue>-20</defaultValue>
                        <mimName>EPIC_WCDMA_MOM</mimName>
                    </derivedDataTypeRef>
                </dataType>
                <dependencies>hsScchMaxCodePower greater than or equal to hsScchMinCodePower.</dependencies>
            </attribute>
            <attribute name="hsScchMaxCodePower">
                <description>The HS-SCCH transmit power setting relative to the PCPICH power must be limited between the hsScchMinCodePower and the hsScchMaxCodePower parameters.

Setting hsScchMinCodePower = hsScchMaxCodePower disables SCCH power control and uses a fixed power setting.</description>
                <domainExtension domain="ECIM">
                    <extension name="isNillable" value="true"/>
                </domainExtension>
                <dataType>
                    <derivedDataTypeRef name="CodePowerRange">
                        <defaultValue>-20</defaultValue>
                        <mimName>EPIC_WCDMA_MOM</mimName>
                    </derivedDataTypeRef>
                </dataType>
                <dependencies>hsScchMaxCodePower greater than or equal to hsScchMinCodePower.</dependencies>
            </attribute>
            <attribute name="eulMaxRoTCoverage">
                <description>The maximum Rise over Thermal (RoT) level that is allowed to preserve coverage.</description>
                <domainExtension domain="ECIM">
                    <extension name="isNillable" value="true"/>
                </domainExtension>
                <dataType>
                    <derivedDataTypeRef name="NoiseRiseRange">
                        <defaultValue>100</defaultValue>
                        <mimName>EPIC_WCDMA_MOM</mimName>
                    </derivedDataTypeRef>
                </dataType>
            </attribute>
            <attribute name="maxTransmissionPower">
                <description>The maximum cell power allowed for a cell as configured to the RNC and received in the NBAP Cell Setup, i.e. “Maximum Transmission Power”.</description>
                <domainExtension domain="ECIM">
                    <extension name="isNillable" value="true"/>
                </domainExtension>
                <readOnly/>
                <dataType>
                    <derivedDataTypeRef name="MaxTransmissionPowerRange">
                        <mimName>EPIC_WCDMA_MOM</mimName>
                    </derivedDataTypeRef>
                </dataType>
            </attribute>
            <attribute name="uarfcnUl">
                <description>Uplink frequency (UARFCN).</description>
                <domainExtension domain="ECIM">
                    <extension name="isNillable" value="true"/>
                </domainExtension>
                <readOnly/>
                <dataType>
                    <derivedDataTypeRef name="UarfncRange">
                        <mimName>EPIC_WCDMA_MOM</mimName>
                    </derivedDataTypeRef>
                </dataType>
            </attribute>
            <attribute name="uarfcnDl">
                <description>Downlink frequency (UARFCN).</description>
                <domainExtension domain="ECIM">
                    <extension name="isNillable" value="true"/>
                </domainExtension>
                <readOnly/>
                <dataType>
                    <derivedDataTypeRef name="UarfncRange">
                        <mimName>EPIC_WCDMA_MOM</mimName>
                    </derivedDataTypeRef>
                </dataType>
            </attribute>
            <attribute name="eAgchMaxPower">
                <description>The E-AGCH transmit power relative to CPICH power is limited between the eAgchMaxPower and the eAgchMinPower parameters.
Setting eAgchMaxPower = eAgchMinPower disables AGCH power control and uses a fixed power setting.</description>
                <domainExtension domain="ECIM">
                    <extension name="isNillable" value="true"/>
                </domainExtension>
                <dataType>
                    <derivedDataTypeRef name="WcdmaCchPowerOffsetRange">
                        <defaultValue>-140</defaultValue>
                        <mimName>EPIC_WCDMA_MOM</mimName>
                    </derivedDataTypeRef>
                </dataType>
                <dependencies>eAgchMaxPower is greater than or equal to eAgchMinPower.</dependencies>
            </attribute>
            <attribute name="eAgchMinPower">
                <description>E-AGCH transmit power relative to CPICH power is limited between the eAgchMaxPower and the eAgchMinPower parameters.</description>
                <domainExtension domain="ECIM">
                    <extension name="isNillable" value="true"/>
                </domainExtension>
                <dataType>
                    <derivedDataTypeRef name="WcdmaCchPowerOffsetRange">
                        <defaultValue>-140</defaultValue>
                        <mimName>EPIC_WCDMA_MOM</mimName>
                    </derivedDataTypeRef>
                </dataType>
                <dependencies>eAgchMaxPower is greater than or equal to eAgchMinPower.</dependencies>
            </attribute>
            <attribute name="eHichMaxPower">
                <description>The E-HICH transmit power relative to PCPICH power is limited between the eHichMaxPower and the eHichMinPower parameters.
Setting eHichMaxPower = eHichMaxPower disables HICH power control and uses a fixed power setting.</description>
                <domainExtension domain="ECIM">
                    <extension name="isNillable" value="true"/>
                </domainExtension>
                <dataType>
                    <derivedDataTypeRef name="WcdmaCchPowerOffsetRange">
                        <defaultValue>-140</defaultValue>
                        <mimName>EPIC_WCDMA_MOM</mimName>
                    </derivedDataTypeRef>
                </dataType>
                <dependencies>eHichMaxPower setting is greater than eHichMinPower setting.</dependencies>
            </attribute>
            <attribute name="eHichMinPower">
                <description>E-HICH transmit power relative to PCPICH power is limited between eHichMaxPower and eHichMinPower parameters.</description>
                <domainExtension domain="ECIM">
                    <extension name="isNillable" value="true"/>
                </domainExtension>
                <dataType>
                    <derivedDataTypeRef name="WcdmaCchPowerOffsetRange">
                        <defaultValue>-140</defaultValue>
                        <mimName>EPIC_WCDMA_MOM</mimName>
                    </derivedDataTypeRef>
                </dataType>
                <dependencies>eHichMaxPower is greater than eHichMinPower.</dependencies>
            </attribute>
            <attribute name="eRgchMaxPower">
                <description>The E-RGCH transmit power relative to CPICH power is limited between the eRgchMaxPower and the eRgchMinPower parameters.
Setting eRgchMaxPower = eRgchMinPower disables RGCH power control and uses a fixed power setting.</description>
                <domainExtension domain="ECIM">
                    <extension name="isNillable" value="true"/>
                </domainExtension>
                <dataType>
                    <derivedDataTypeRef name="WcdmaCchPowerOffsetRange">
                        <defaultValue>-140</defaultValue>
                        <mimName>EPIC_WCDMA_MOM</mimName>
                    </derivedDataTypeRef>
                </dataType>
                <dependencies>The eRgchMaxPower setting is greater than or equal to the eRgchMinPower setting.</dependencies>
            </attribute>
            <attribute name="eRgchMinPower">
                <description>The E-RGCH transmit power relative to CPICH power is limited between the eRgchMaxPower and the eRgchMinPower parameters.</description>
                <domainExtension domain="ECIM">
                    <extension name="isNillable" value="true"/>
                </domainExtension>
                <dataType>
                    <derivedDataTypeRef name="WcdmaCchPowerOffsetRange">
                        <defaultValue>-140</defaultValue>
                        <mimName>EPIC_WCDMA_MOM</mimName>
                    </derivedDataTypeRef>
                </dataType>
                <dependencies>The eRgchMaxPower setting is greater than or equal to the eRgchMinPower setting.</dependencies>
            </attribute>
        </class>
        <class name="Iub">
            <description>This MO models the Iub interface. Iub is the interface between a pRBS and the associated RNC.
The RDN of this MO type is presented as an alphanumeric string.</description>
            <systemCreated/>
            <attribute name="iubId">
                <description>The value component of the RDN.</description>
                <mandatory/>
                <noNotification/>
                <restricted/>
                <key/>
                <dataType>
                    <string/>
                </dataType>
            </attribute>
            <attribute name="rbsId">
                <description>The attribute is used by the OSS-RC to identify an RBS and the corresponding Iub in the RNC.
The attribute is not used by the RBS itself, it only serves as storage for the OSS-RC.
</description>
                <domainExtension domain="ECIM">
                    <extension name="isNillable" value="true"/>
                </domainExtension>
                <dataType>
                    <derivedDataTypeRef name="RbsIdRange">
                        <mimName>EPIC_WCDMA_MOM</mimName>
                    </derivedDataTypeRef>
                </dataType>
            </attribute>
            <attribute name="trafficIpAddress">
                <description>The reference to the IP address for WCDMA CP/UP in the private network.</description>
                <domainExtension domain="ECIM">
                    <extension name="isNillable" value="true"/>
                </domainExtension>
                <readOnly/>
                <dataType>
                    <moRef name="ManagedObject"/>
                </dataType>
            </attribute>
        </class>
        <class name="NbapCommon">
            <description>This MO models the Node B Application Part for common procedures.
The RDN of this MO is NbapCommon=1.</description>
            <systemCreated/>
            <attribute name="nbapCommonId">
                <description>The value component of the RDN.</description>
                <mandatory/>
                <noNotification/>
                <restricted/>
                <key/>
                <dataType>
                    <string/>
                </dataType>
            </attribute>
            <attribute name="operationalState">
                <description>The operational state.</description>
                <domainExtension domain="ECIM">
                    <extension name="isNillable" value="true"/>
                </domainExtension>
                <nonPersistent/>
                <readOnly/>
                <dataType>
                    <enumRef name="OperState">
                        <defaultValue>DISABLED</defaultValue>
                        <mimName>EPIC_WCDMA_MOM</mimName>
                    </enumRef>
                </dataType>
            </attribute>
        </class>
        <class name="NbapDedicated">
            <description>This MO models the Node B Application Part for common procedures.
The RDN of this MO is NbapDedicated=1.</description>
            <systemCreated/>
            <attribute name="nbapDedicatedId">
                <description>The value component of the RDN.</description>
                <mandatory/>
                <noNotification/>
                <restricted/>
                <key/>
                <dataType>
                    <string/>
                </dataType>
            </attribute>
            <attribute name="operationalState">
                <description>The operational state.</description>
                <domainExtension domain="ECIM">
                    <extension name="isNillable" value="true"/>
                </domainExtension>
                <nonPersistent/>
                <readOnly/>
                <dataType>
                    <enumRef name="OperState">
                        <defaultValue>DISABLED</defaultValue>
                        <mimName>EPIC_WCDMA_MOM</mimName>
                    </enumRef>
                </dataType>
            </attribute>
        </class>
        <class name="IubDataStreams">
            <description>This MO models all the Iub Data Streams between the RNC and the RBS for both Common channels and Dedicated channels.
The RDN of this MO is IubDataStreams=1.
The RDN of this MO type is presented as an alphanumeric string.</description>
            <systemCreated/>
            <attribute name="iubDataStreamsId">
                <description>The value component of the RDN.</description>
                <mandatory/>
                <noNotification/>
                <restricted/>
                <key/>
                <dataType>
                    <string/>
                </dataType>
            </attribute>
            <attribute name="hsAqmCongCtrlSpiOnOff">
                <description>This attribute controls AQM based Congestion Control for HSDPA per SPI.</description>
                <dataType>
                    <sequence>
                        <enumRef name="SchFlowControlState">
                            <mimName>EPIC_WCDMA_MOM</mimName>
                        </enumRef>
                        <minLength>16</minLength>
                        <maxLength>16</maxLength>
                        <nonUnique/>
                        <seqDefaultValue>
                            <defaultValue>OFF</defaultValue>
                            <defaultValue>ON</defaultValue>
                            <defaultValue>ON</defaultValue>
                            <defaultValue>ON</defaultValue>
                            <defaultValue>ON</defaultValue>
                            <defaultValue>OFF</defaultValue>
                            <defaultValue>OFF</defaultValue>
                            <defaultValue>ON</defaultValue>
                            <defaultValue>OFF</defaultValue>
                            <defaultValue>OFF</defaultValue>
                            <defaultValue>OFF</defaultValue>
                            <defaultValue>OFF</defaultValue>
                            <defaultValue>OFF</defaultValue>
                            <defaultValue>OFF</defaultValue>
                            <defaultValue>OFF</defaultValue>
                            <defaultValue>OFF</defaultValue>
                        </seqDefaultValue>
                    </sequence>
                </dataType>
            </attribute>
            <attribute name="schHsFlowControlOnOff">
                <description>This attribute controls Flow Control for HSDPA per SPI.</description>
                <dataType>
                    <sequence>
                        <enumRef name="SchFlowControlState">
                            <mimName>EPIC_WCDMA_MOM</mimName>
                        </enumRef>
                        <minLength>16</minLength>
                        <maxLength>16</maxLength>
                        <nonUnique/>
                        <seqDefaultValue>
                            <defaultValue>OFF</defaultValue>
                            <defaultValue>ON</defaultValue>
                            <defaultValue>ON</defaultValue>
                            <defaultValue>ON</defaultValue>
                            <defaultValue>ON</defaultValue>
                            <defaultValue>OFF</defaultValue>
                            <defaultValue>OFF</defaultValue>
                            <defaultValue>ON</defaultValue>
                            <defaultValue>OFF</defaultValue>
                            <defaultValue>OFF</defaultValue>
                            <defaultValue>OFF</defaultValue>
                            <defaultValue>OFF</defaultValue>
                            <defaultValue>OFF</defaultValue>
                            <defaultValue>OFF</defaultValue>
                            <defaultValue>OFF</defaultValue>
                            <defaultValue>OFF</defaultValue>
                        </seqDefaultValue>
                    </sequence>
                </dataType>
                <dependencies>Ignored when feature AQM Based Congestion Control for HSDPA is ON.</dependencies>
            </attribute>
        </class>
        <class name="EDchResources">
            <description>This MO models the Enhanced uplink Dedicated Channel resources. 
The E-DCH resources are set up through Iub.
The RDN of this MO is EDchResources=1.</description>
            <systemCreated/>
            <attribute name="eDchResourcesId">
                <description>The value component of the RDN.</description>
                <mandatory/>
                <noNotification/>
                <restricted/>
                <key/>
                <dataType>
                    <string/>
                </dataType>
            </attribute>
        </class>
        <class name="HsDschResources">
            <description>This MO models the High-Speed Downlink Shared Channel resources.
They are set up through Iub.
The RDN of this MO is HsDschResources=1.</description>
            <systemCreated/>
            <attribute name="hsDschResourcesId">
                <description>The value component of the RDN.</description>
                <mandatory/>
                <noNotification/>
                <restricted/>
                <key/>
                <dataType>
                    <string/>
                </dataType>
            </attribute>
        </class>
        <class name="CellResources">
            <description>This MO models all basic physical and transport channels related to the cell.
The basic physical channels are: PCPICH, SCPICH, PSCH, SSCH and PCCPCH. The transport channels are: BCH.
The RDN of this MO is CellResources=1.</description>
            <systemCreated/>
            <attribute name="cellResourcesId">
                <description>The value component of the RDN.</description>
                <mandatory/>
                <noNotification/>
                <restricted/>
                <key/>
                <dataType>
                    <string/>
                </dataType>
            </attribute>
        </class>
        <class name="RadioLinks">
            <description>This MO models all radio links on one cell carrier.
The RDN of this MO is RadioLinks=1.</description>
            <systemCreated/>
            <attribute name="radioLinksId">
                <description>The value component of the RDN.</description>
                <mandatory/>
                <noNotification/>
                <restricted/>
                <key/>
                <dataType>
                    <string/>
                </dataType>
            </attribute>
        </class>
        <class name="CommonChannelResources">
            <description>All channels set up by NBAP Common Transport Channel Setup are modeled in this MO
The RDN of this MO is CommonChannelResources=1.</description>
            <systemCreated/>
            <attribute name="commonChannelResourcesId">
                <description>The value component of the RDN.</description>
                <mandatory/>
                <noNotification/>
                <restricted/>
                <key/>
                <dataType>
                    <string/>
                </dataType>
            </attribute>
        </class>
        <class name="NodeBLocalCellGroup">
            <description>This MO models a group of NodeBLocalCells that share common baseband equipment cluster. 
The RDN of this MO is NodeBLocalCellGroup=1.</description>
            <systemCreated/>
            <attribute name="nodeBLocalCellGroupId">
                <description>The value component of the RDN.</description>
                <mandatory/>
                <noNotification/>
                <restricted/>
                <key/>
                <dataType>
                    <string/>
                </dataType>
            </attribute>
        </class>
        <relationship name="NodeBLocalCellGroup_to_NodeBLocalCell">
            <description/>
            <containment>
                <parent>
                    <hasClass name="NodeBLocalCellGroup">
                        <mimName>EPIC_WCDMA_MOM</mimName>
                    </hasClass>
                </parent>
                <child>
                    <hasClass name="NodeBLocalCell">
                        <mimName>EPIC_WCDMA_MOM</mimName>
                    </hasClass>
                    <cardinality>
                        <min>1</min>
                        <max>1</max>
                    </cardinality>
                </child>
            </containment>
        </relationship>
        <relationship name="NodeBFunction_to_Iub">
            <description/>
            <containment>
                <parent>
                    <hasClass name="NodeBFunction">
                        <mimName>EPIC_WCDMA_MOM</mimName>
                    </hasClass>
                </parent>
                <child>
                    <hasClass name="Iub">
                        <mimName>EPIC_WCDMA_MOM</mimName>
                    </hasClass>
                    <cardinality>
                        <min>1</min>
                        <max>1</max>
                    </cardinality>
                </child>
            </containment>
        </relationship>
        <relationship name="Iub_to_NbapCommon">
            <description/>
            <containment>
                <parent>
                    <hasClass name="Iub">
                        <mimName>EPIC_WCDMA_MOM</mimName>
                    </hasClass>
                </parent>
                <child>
                    <hasClass name="NbapCommon">
                        <mimName>EPIC_WCDMA_MOM</mimName>
                    </hasClass>
                    <cardinality>
                        <min>1</min>
                        <max>1</max>
                    </cardinality>
                </child>
            </containment>
        </relationship>
        <relationship name="Iub_to_NbapDedicated">
            <description/>
            <containment>
                <parent>
                    <hasClass name="Iub">
                        <mimName>EPIC_WCDMA_MOM</mimName>
                    </hasClass>
                </parent>
                <child>
                    <hasClass name="NbapDedicated">
                        <mimName>EPIC_WCDMA_MOM</mimName>
                    </hasClass>
                    <cardinality>
                        <min>1</min>
                        <max>1</max>
                    </cardinality>
                </child>
            </containment>
        </relationship>
        <relationship name="Iub_to_IubDataStreams">
            <description/>
            <containment>
                <parent>
                    <hasClass name="Iub">
                        <mimName>EPIC_WCDMA_MOM</mimName>
                    </hasClass>
                </parent>
                <child>
                    <hasClass name="IubDataStreams">
                        <mimName>EPIC_WCDMA_MOM</mimName>
                    </hasClass>
                    <cardinality>
                        <min>1</min>
                        <max>1</max>
                    </cardinality>
                </child>
            </containment>
        </relationship>
        <relationship name="NodeBLocalCell_to_EDchResources">
            <description/>
            <containment>
                <parent>
                    <hasClass name="NodeBLocalCell">
                        <mimName>EPIC_WCDMA_MOM</mimName>
                    </hasClass>
                </parent>
                <child>
                    <hasClass name="EDchResources">
                        <mimName>EPIC_WCDMA_MOM</mimName>
                    </hasClass>
                    <cardinality>
                        <min>1</min>
                        <max>1</max>
                    </cardinality>
                </child>
            </containment>
        </relationship>
        <relationship name="NodeBLocalCell_to_HsDschResources">
            <description/>
            <containment>
                <parent>
                    <hasClass name="NodeBLocalCell">
                        <mimName>EPIC_WCDMA_MOM</mimName>
                    </hasClass>
                </parent>
                <child>
                    <hasClass name="HsDschResources">
                        <mimName>EPIC_WCDMA_MOM</mimName>
                    </hasClass>
                    <cardinality>
                        <min>1</min>
                        <max>1</max>
                    </cardinality>
                </child>
            </containment>
        </relationship>
        <relationship name="NodeBLocalCell_to_CellResources">
            <description/>
            <containment>
                <parent>
                    <hasClass name="NodeBLocalCell">
                        <mimName>EPIC_WCDMA_MOM</mimName>
                    </hasClass>
                </parent>
                <child>
                    <hasClass name="CellResources">
                        <mimName>EPIC_WCDMA_MOM</mimName>
                    </hasClass>
                    <cardinality>
                        <min>1</min>
                        <max>1</max>
                    </cardinality>
                </child>
            </containment>
        </relationship>
        <relationship name="NodeBLocalCell_to_CommonChannelResources">
            <description/>
            <containment>
                <parent>
                    <hasClass name="NodeBLocalCell">
                        <mimName>EPIC_WCDMA_MOM</mimName>
                    </hasClass>
                </parent>
                <child>
                    <hasClass name="CommonChannelResources">
                        <mimName>EPIC_WCDMA_MOM</mimName>
                    </hasClass>
                    <cardinality>
                        <min>1</min>
                        <max>1</max>
                    </cardinality>
                </child>
            </containment>
        </relationship>
        <relationship name="NodeBLocalCell_to_RadioLinks">
            <description/>
            <containment>
                <parent>
                    <hasClass name="NodeBLocalCell">
                        <mimName>EPIC_WCDMA_MOM</mimName>
                    </hasClass>
                </parent>
                <child>
                    <hasClass name="RadioLinks">
                        <mimName>EPIC_WCDMA_MOM</mimName>
                    </hasClass>
                    <cardinality>
                        <min>1</min>
                        <max>1</max>
                    </cardinality>
                </child>
            </containment>
        </relationship>
        <relationship name="NodeBFunction_to_NodeBLocalCellGroup">
            <containment>
                <parent>
                    <hasClass name="NodeBFunction">
                        <mimName>EPIC_WCDMA_MOM</mimName>
                    </hasClass>
                </parent>
                <child>
                    <hasClass name="NodeBLocalCellGroup">
                        <mimName>EPIC_WCDMA_MOM</mimName>
                    </hasClass>
                    <cardinality>
                        <min>1</min>
                        <max>1</max>
                    </cardinality>
                </child>
            </containment>
        </relationship>
    </mim>
    
    
    <interMim>
        <relationship name="ManagedElement_to_NodeBFunction">
            <containment>
                <parent>
                    <hasClass name="ManagedElement">
                        <mimName>ComTop</mimName>
                    </hasClass>
                </parent>
                <child>
                    <hasClass name="NodeBFunction">
                        <mimName>EPIC_WCDMA_MOM</mimName>
                    </hasClass>
                    <cardinality>
                        <min>0</min>
                        <max>1</max>
                    </cardinality>
                </child>
            </containment>
        </relationship>
    </interMim>
    
    
    
    
</models>