<?xml version="1.0" encoding="UTF-8"?><!--
	Copyright (c) 2013 Ericsson AB. 
	All rights reserved 

	DX ECIM Tool-chain generated this file on May 3, 2013 2:01:13 PM using:
	* com.ericsson.ecim.m2m 2.6.3.201303181606
	* com.ericsson.ecim.dsl 2.6.3.201303181606
	* com.ericsson.ecim.edm 2.6.3.201303181606
--><!DOCTYPE models SYSTEM "mp.dtd">
<models>
    <dtdVersion>E1</dtdVersion>
    <momMetaData>
        <momTitle>title</momTitle>
        <momSubTitle>sub title</momSubTitle>
        <momIdentity>
            <docNum>0</docNum>
            <docLang>English</docLang>
            <docRev>0</docRev>
            <docDate>23.04.2013</docDate>
        </momIdentity>
        <createdBy>
            <signature>Albatross</signature>
        </createdBy>
    </momMetaData>
    
    <mim author="Sampo Rahikkala" contact="Saija Sipola" date="23.04.2013" docNo="" name="EPIC_T_Routes_PeerIPv4" namespace="urn:com:ericsson:ecim:EPIC_T_Routes_PeerIPv4" namespacePrefix="epic_t_routes_peeripv4" organization="Albatross" release="0" revision="" version="1">
        <description>IPv4 Peer. &#13;
Used when static route next hop is the IP Address</description>
        <domainExtension domain="ECIM">
            <extension name="ecimMomName" value="ECIM_T_Routes_IPv4Peer"/>
            <extension name="ecimMomVersion" value="2"/>
            <extension name="ecimMomRelease" value="0"/>
            <extension name="immNamespace" value="NONE"/>
        </domainExtension>
        <derivedDataType name="Ipv4UnicastAddressStr">
            <description>IPv4 address string, controlled by a regular expression.&#13;
&#13;
Address should be specified in dotted-quad decimal notation in accordance with RFC791.&#13;
IPv4 address within range [1-126,128-223].[0-255].[0-255].[0-255], 7-15 characters. &#13;
Valid characters: 0123456789.&#13;
&#13;
Regex:&#13;
(^(0?0?[1-9]|22[0-3]|2[01][0-9]|1[013456789][0-9]|12[012345689]|0?[1-9][0-9])\.(25[0-5]|2[0-4][0-9]|[01]?[0-9][0-9]?)\.(25[0-5]|2[0-4][0-9]|[01]?[0-9][0-9]?)\.(25[0-5]|2[0-4][0-9]|[01]?[0-9][0-9]?))&#13;
&#13;
Examples: 1.1.1.1, 01.001.255.255 </description>
            <baseType>
                <string>
                    <lengthRange>
                        <min>1</min>
                        <max>253</max>
                    </lengthRange>
                    <validValues>(^(0?0?[1-9]|22[0-3]|2[01][0-9]|1[013456789][0-9]|12[012345689]|0?[1-9][0-9])\.(25[0-5]|2[0-4][0-9]|[01]?[0-9][0-9]?)\.(25[0-5]|2[0-4][0-9]|[01]?[0-9][0-9]?)\.(25[0-5]|2[0-4][0-9]|[01]?[0-9][0-9]?))|(^(0\.0\.0\0?))</validValues>
                </string>
            </baseType>
        </derivedDataType>
        <class name="PeerIPv4">
            <description>Ipv4 Peer information.</description>
            <systemCreated/>
            <root/>
            <attribute name="address">
                <description>The IPv4 Peer IP address.</description>
                <mandatory/>
                <dataType>
                    <derivedDataTypeRef name="Ipv4UnicastAddressStr">
                        <mimName>EPIC_T_Routes_PeerIPv4</mimName>
                    </derivedDataTypeRef>
                </dataType>
                <takesEffect>at restart.</takesEffect>
            </attribute>
            <attribute name="peerIPv4Id">
                <description>The value component of the RDN.</description>
                <mandatory/>
                <noNotification/>
                <restricted/>
                <key/>
                <dataType>
                    <string/>
                </dataType>
            </attribute>
        </class>
    </mim>
    
    <interMim>
        <relationship name="Host_to_PeerIPv4">
            <containment>
                <parent>
                    <hasClass name="Host">
                        <mimName>EPIC_T_L3_Host</mimName>
                    </hasClass>
                </parent>
                <child>
                    <hasClass name="PeerIPv4">
                        <mimName>EPIC_T_Routes_PeerIPv4</mimName>
                    </hasClass>
                    <cardinality>
                        <min>0</min>
                        <max>3</max>
                    </cardinality>
                </child>
            </containment>
        </relationship>
    </interMim>
</models>