<?xml version="1.0" encoding="UTF-8"?><!--
	Copyright (c) 2013 Ericsson AB. 
	All rights reserved 

	DX ECIM Tool-chain generated this file on May 24, 2013 11:41:15 AM using:
	* com.ericsson.ecim.m2m 2.6.3.201303181606
	* com.ericsson.ecim.dsl 2.6.3.201303181606
	* com.ericsson.ecim.edm 2.6.3.201303181606
--><!DOCTYPE models SYSTEM "mp.dtd">
<models>
    <dtdVersion>E1</dtdVersion>
    <momMetaData>
        <momTitle>MOM for EPIC_COMMON_and_WCDMA</momTitle>
        <momSubTitle>Main model</momSubTitle>
        <momIdentity>
            <docNum>0</docNum>
            <docLang>English</docLang>
            <docRev>0</docRev>
            <docDate>02.05.2013</docDate>
        </momIdentity>
    </momMetaData>
    
    
    <mim author="Sampo Rahikkala" contact="Saija Sipola" date="23.04.2013" docNo="" name="EPIC_NodeFunction" namespace="urn:com:ericsson:ecim:EPIC_NodeFunction" namespacePrefix="epic_nodefunction" organization="Albatross" release="0" revision="" version="2">
        <description>Managed Object Model for  node management functions, GA content</description>
        <domainExtension domain="ECIM">
            <extension name="immNamespace" value="NONE"/>
        </domainExtension>
        <enum name="RbsConfigLevel">
            <description>The configuration levels for Epic RBS
See document: Autointegration Epic Node, 1/102 68-FCP 111 1006 Uen</description>
            <enumMember name="INTEGRATION_NOT_STARTED">
                <description>The integration of the RBS has not been started</description>
                <value>9</value>
            </enumMember>
            <enumMember name="INTEGRATION_ONGOING">
                <description>The integration of the RBS has ongoing</description>
                <value>10</value>
            </enumMember>
            <enumMember name="INTEGRATION_COMPLETE">
                <description>Integration complete</description>
                <value>11</value>
            </enumMember>
            <enumMember name="READY_FOR_SERVICE">
                <description>The node is ready to carry traffic. Integration is complete and all cells and sectors
in the node have the operationalState set to ENABLED</description>
                <value>12</value>
            </enumMember>
            <enumMember name="AI_RNW_CONFIGURATION_FAILED">
                <description>AI configuration failed</description>
                <value>13</value>
            </enumMember>
            <enumMember name="OSS_CONFIGURATION_SUCCESSFUL">
                <description>Node successfully configured by OSS.</description>
                <value>14</value>
            </enumMember>
            <enumMember name="OSS_CONFIGURATION_FAILED">
                <description>Node configuration by OSS failed.</description>
                <value>15</value>
            </enumMember>
        </enum>
        <enum name="AlarmSuppressed">
            <description>Enum used for suppress alarms</description>
            <enumMember name="FALSE">
                <description>Alarms not suppressed</description>
                <value>0</value>
            </enumMember>
            <enumMember name="TRUE">
                <description>Alarms suppressed</description>
                <value>1</value>
            </enumMember>
            <enumMember name="PRIMARY">
                <description>Primary alarms suppressed</description>
                <value>2</value>
            </enumMember>
        </enum>
        <enum name="Technology">
            <description>Enumeration indicates the used radio technology.</description>
            <enumMember name="WCDMA">
                <description>WCDMA</description>
                <value>0</value>
            </enumMember>
        </enum>
        <class name="NodeFunction">
            <description>This MO models common functionalities for different radio access technologies at node level.
The RDN of this MO is NodeFunction=1.</description>
            <systemCreated/>
            <root/>
            <attribute name="defaultMode">
                <description>The radio access technology used in the pRBS node.</description>
                <readOnly/>
                <dataType>
                    <enumRef name="Technology">
                        <defaultValue>WCDMA</defaultValue>
                        <mimName>EPIC_NodeFunction</mimName>
                    </enumRef>
                </dataType>
                <takesEffect>at restart</takesEffect>
            </attribute>
            <attribute name="alarmSuppressed">
                <description>Indicates that all alarms or just primary alarms in the node are suppressed.</description>
                <domainExtension domain="ECIM">
                    <extension name="isNillable" value="true"/>
                </domainExtension>
                <dataType>
                    <enumRef name="AlarmSuppressed">
                        <defaultValue>FALSE</defaultValue>
                        <mimName>EPIC_NodeFunction</mimName>
                    </enumRef>
                </dataType>
            </attribute>
            <attribute name="nodeFunctionId">
                <description>The value component of the RDN.</description>
                <mandatory/>
                <noNotification/>
                <restricted/>
                <key/>
                <dataType>
                    <string/>
                </dataType>
            </attribute>
            <attribute name="rbsConfigLevel">
                <description>The state of the auto-integration configuration level.</description>
                <domainExtension domain="ECIM">
                    <extension name="isNillable" value="true"/>
                </domainExtension>
                <dataType>
                    <enumRef name="RbsConfigLevel">
                        <defaultValue>INTEGRATION_NOT_STARTED</defaultValue>
                        <mimName>EPIC_NodeFunction</mimName>
                    </enumRef>
                </dataType>
            </attribute>
            <attribute name="oamIpAddress">
                <description>The reference to the IP address for MP in the private network.</description>
                <domainExtension domain="ECIM">
                    <extension name="isNillable" value="true"/>
                </domainExtension>
                <readOnly/>
                <dataType>
                    <moRef name="ManagedObject"/>
                </dataType>
            </attribute>
        </class>
    </mim>
    
    
    <interMim>
        <relationship name="ManagedElement_to_NodeFunction">
            <containment>
                <parent>
                    <hasClass name="ManagedElement">
                        <mimName>ComTop</mimName>
                    </hasClass>
                </parent>
                <child>
                    <hasClass name="NodeFunction">
                        <mimName>EPIC_NodeFunction</mimName>
                    </hasClass>
                    <cardinality>
                        <min>1</min>
                        <max>1</max>
                    </cardinality>
                </child>
            </containment>
        </relationship>
    </interMim>
    
    
    
</models>