<?xml version="1.0" encoding="UTF-8"?><!--
	Copyright (c) 2013 Ericsson AB. 
	All rights reserved 

	DX ECIM Tool-chain generated this file on May 3, 2013 2:00:43 PM using:
	* com.ericsson.ecim.m2m 2.6.3.201303181606
	* com.ericsson.ecim.dsl 2.6.3.201303181606
	* com.ericsson.ecim.edm 2.6.3.201303181606
--><!DOCTYPE models SYSTEM "mp.dtd">
<models>
    <dtdVersion>E1</dtdVersion>
    <momMetaData>
        <momTitle>title</momTitle>
        <momSubTitle>sub title</momSubTitle>
        <momIdentity>
            <docNum>0</docNum>
            <docLang>English</docLang>
            <docRev>0</docRev>
            <docDate>23.04.2013</docDate>
        </momIdentity>
        <createdBy>
            <signature>Albatross</signature>
        </createdBy>
    </momMetaData>
    
    
    <mim author="Sampo Rahikkala" contact="Saija Sipola" date="23.04.2013" docNo="" name="EPIC_T_L3_Host" namespace="urn:com:ericsson:ecim:EPIC_T_L3_Host" namespacePrefix="epic_t_l3_host" organization="Albatross" release="0" revision="" version="1">
        <description>IP termination.</description>
        <domainExtension domain="ECIM">
            <extension name="ecimMomName" value="ECIM_T_L3_Host"/>
            <extension name="ecimMomVersion" value="0"/>
            <extension name="ecimMomRelease" value="2"/>
            <extension name="immNamespace" value="NONE"/>
        </domainExtension>
        <class name="Host">
            <description>Representation of an IP domain for traffic termination.</description>
            <systemCreated/>
            <root/>
            <dependenciesScript><![CDATA[If-feature L3HostFeature]]></dependenciesScript>
            <attribute name="hostId">
                <description>The value component of the RDN.</description>
                <mandatory/>
                <noNotification/>
                <restricted/>
                <key/>
                <dataType>
                    <string/>
                </dataType>
            </attribute>
            <attribute name="userLabel">
                <description>Label for free use.</description>
                <domainExtension domain="ECIM">
                    <extension name="isNillable" value="true"/>
                </domainExtension>
                <dataType>
                    <string/>
                </dataType>
            </attribute>
        </class>
    </mim>
    
    
    
    <interMim>
        <relationship name="Transport_to_Host">
            <containment>
                <parent>
                    <hasClass name="Transport">
                        <mimName>ComTop</mimName>
                    </hasClass>
                </parent>
                <child>
                    <hasClass name="Host">
                        <mimName>EPIC_T_L3_Host</mimName>
                    </hasClass>
                    <cardinality>
                        <min>0</min>
                        <max>3</max>
                    </cardinality>
                </child>
            </containment>
        </relationship>
    </interMim>
    
</models>