<?xml version="1.0" encoding="UTF-8"?><!--
	Copyright (c) 2013 Ericsson AB. 
	All rights reserved 

	DX ECIM Tool-chain generated this file on May 3, 2013 2:01:13 PM using:
	* com.ericsson.ecim.m2m 2.6.3.201303181606
	* com.ericsson.ecim.dsl 2.6.3.201303181606
	* com.ericsson.ecim.edm 2.6.3.201303181606
--><!DOCTYPE models SYSTEM "mp.dtd">
<models>
    <dtdVersion>E1</dtdVersion>
    <momMetaData>
        <momTitle>title</momTitle>
        <momSubTitle>sub title</momSubTitle>
        <momIdentity>
            <docNum>0</docNum>
            <docLang>English</docLang>
            <docRev>0</docRev>
            <docDate>23.04.2013</docDate>
        </momIdentity>
        <createdBy>
            <signature>Albatross</signature>
        </createdBy>
    </momMetaData>
    <mim author="Sampo Rahikkala" contact="Saija Sipola" date="23.04.2013" docNo="" name="EPIC_T_Routes_StaticRouteIPv4" namespace="urn:com:ericsson:ecim:EPIC_T_Routes_StaticRouteIPv4" namespacePrefix="epic_t_routes_staticrouteipv4" organization="Albatross" release="0" revision="" version="1">
        <description>IPv4 Static Route.</description>
        <domainExtension domain="ECIM">
            <extension name="ecimMomName" value="ECIM_T_Routes_IPv4StaticRoute"/>
            <extension name="ecimMomVersion" value="2"/>
            <extension name="ecimMomRelease" value="0"/>
            <extension name="immNamespace" value="NONE"/>
        </domainExtension>
        <struct name="NextHopInfo">
            <description>Union of possible nexthops.</description>
            <isExclusive/>
            <structMember name="reference">
                <description>Static Route Nexthop Information. &#13;
Following nexthops types are referenced:&#13;
- IP peer</description>
                <domainExtension domain="ECIM">
                    <extension name="isNillable" value="true"/>
                </domainExtension>
                <moRef name="ManagedObject"/>
            </structMember>
        </struct>
        <derivedDataType name="Ipv4RouteAddressAndPrefixLengthStr">
            <description>'Unicast IPv4 address'/'prefix length' string.&#13;
&#13;
Address should be specified in dotted-quad decimal notation in accordance with RFC791.&#13;
IPv4 address within range [1-126,128-223].[0-255].[0-255].[0-255], 7-15 characters. Prefix is a number 0 to 32.&#13;
0.0.0.0 default route is allowed too.&#13;
 &#13;
Regex:&#13;
(^((0?0?[1-9]|22[0-3]|2[01][0-9]|1[013456789][0-9]|12[012345689]|0?[1-9][0-9])\.(25[0-5]|2[0-4][0-9]|[01]?[0-9][0-9]?)\.(25[0-5]|2[0-4][0-9]|[01]?[0-9][0-9]?)\.(25[0-5]|2[0-4][0-9]|[01]?[0-9][0-9]?))/([0-9]|[1-2][0-9]|3[0-2])|(0.0.0.0/0)$)&#13;
&#13;
Example: 01.001.2.2/28</description>
            <baseType>
                <string>
                    <validValues>(^((0?0?[1-9]|22[0-3]|2[01][0-9]|1[013456789][0-9]|12[012345689]|0?[1-9][0-9])\.(25[0-5]|2[0-4][0-9]|[01]?[0-9][0-9]?)\.(25[0-5]|2[0-4][0-9]|[01]?[0-9][0-9]?)\.(25[0-5]|2[0-4][0-9]|[01]?[0-9][0-9]?))/([0-9]|[1-2][0-9]|3[0-2])|(0.0.0.0/0)$)</validValues>
                </string>
            </baseType>
        </derivedDataType>
        <class name="RouteTableIPv4Static">
            <description>IPv4 Static Route Table Information.</description>
            <systemCreated/>
            <root/>
            <attribute name="routeTableIPv4StaticId">
                <description>The value component of the RDN.</description>
                <mandatory/>
                <noNotification/>
                <restricted/>
                <key/>
                <dataType>
                    <string/>
                </dataType>
            </attribute>
        </class>
        <class name="Dst">
            <description>IPv4 Destination Network Information.</description>
            <systemCreated/>
            <attribute name="dst">
                <description>The IPv4 destination prefix for the route.</description>
                <mandatory/>
                <dataType>
                    <derivedDataTypeRef name="Ipv4RouteAddressAndPrefixLengthStr">
                        <mimName>EPIC_T_Routes_StaticRouteIPv4</mimName>
                    </derivedDataTypeRef>
                </dataType>
                <takesEffect>at restart.</takesEffect>
            </attribute>
            <attribute name="dstId">
                <description>The value component of the RDN.</description>
                <mandatory/>
                <noNotification/>
                <restricted/>
                <key/>
                <dataType>
                    <string/>
                </dataType>
            </attribute>
        </class>
        <class name="NextHop">
            <description>IPv4 Route Information with Next Hop Information on how to reach a destination network.</description>
            <systemCreated/>
            <dependenciesScript><![CDATA[{if-feature RecursiveRoute}]]></dependenciesScript>
            <attribute name="nextHopId">
                <description>The value component of the RDN.</description>
                <mandatory/>
                <noNotification/>
                <restricted/>
                <key/>
                <dataType>
                    <string/>
                </dataType>
            </attribute>
            <attribute name="nexthop">
                <description>This attribute indicates the next hop information.</description>
                <domainExtension domain="ECIM">
                    <extension name="isNillable" value="true"/>
                </domainExtension>
                <readOnly/>
                <dataType>
                    <structRef name="NextHopInfo">
                        <mimName>EPIC_T_Routes_StaticRouteIPv4</mimName>
                    </structRef>
                </dataType>
            </attribute>
        </class>
        <relationship name="RouteTableIPv4Static_to_Dst">
            <containment>
                <parent>
                    <hasClass name="RouteTableIPv4Static">
                        <mimName>EPIC_T_Routes_StaticRouteIPv4</mimName>
                    </hasClass>
                </parent>
                <child>
                    <hasClass name="Dst">
                        <mimName>EPIC_T_Routes_StaticRouteIPv4</mimName>
                    </hasClass>
                    <cardinality>
                        <min>1</min>
                        <max>1</max>
                    </cardinality>
                </child>
            </containment>
        </relationship>
        <relationship name="Dst_to_NextHop">
            <containment>
                <parent>
                    <hasClass name="Dst">
                        <mimName>EPIC_T_Routes_StaticRouteIPv4</mimName>
                    </hasClass>
                </parent>
                <child>
                    <hasClass name="NextHop">
                        <mimName>EPIC_T_Routes_StaticRouteIPv4</mimName>
                    </hasClass>
                    <cardinality>
                        <min>1</min>
                        <max>1</max>
                    </cardinality>
                </child>
            </containment>
        </relationship>
    </mim>
    
    <interMim>
        <relationship name="Host_to_RouteTableIPv4Static">
            <containment>
                <parent>
                    <hasClass name="Host">
                        <mimName>EPIC_T_L3_Host</mimName>
                    </hasClass>
                </parent>
                <child>
                    <hasClass name="RouteTableIPv4Static">
                        <mimName>EPIC_T_Routes_StaticRouteIPv4</mimName>
                    </hasClass>
                    <cardinality>
                        <min>0</min>
                        <max>1</max>
                    </cardinality>
                </child>
            </containment>
        </relationship>
    </interMim>
    
</models>