<?xml version="1.0" encoding="utf-8"?>
<!-- 
  Copyright (c) 2013 Ericsson AB.
  All rights reserved
  
  DX ECIM Tool-chain generated this file on Jan 8, 2013 2:05:22 PM using 
    * ecim.m2m (2.3.1.201206201134)
    * ecim.m2t (2.3.1.201206201134) 
    * ecim.dsl (2.3.1.201206201134) 
    * ecim.edm (2.3.1.201206201134) 
--><!DOCTYPE models SYSTEM "mp.dtd">
<models>
    <dtdVersion>E</dtdVersion>
    <momMetaData>
        <momTitle>title</momTitle>
        <momSubTitle>sub title</momSubTitle>
        <momIdentity>
            <docNum>0</docNum>
            <docLang>English</docLang>
            <docRev>0</docRev>
            <docDate>08.01.2013</docDate>
        </momIdentity>
    </momMetaData>
    <interMim>
        <relationship name="SystemFunctions_to_HwInventory">
            <containment>
                <parent>
                    <hasClass name="SystemFunctions">
                        <mimName>ComTop</mimName>
                    </hasClass>
                </parent>
                <child>
                    <hasClass name="HwInventory">
                        <mimName>EPIC_HwIM</mimName>
                    </hasClass>
                    <cardinality>
                        <min>1</min>
                        <max>1</max>
                    </cardinality>
                </child>
            </containment>
        </relationship>
    </interMim>
    <mim author="Sampo Rahikkala" contact="Saija Sipola" date="08.01.2013" docNo="" name="EPIC_HwIM" namespace="urn:com:ericsson:ecim:EPIC_HwIM" namespacePrefix="epic_hwim" organization="Albatross" release="0" revision="" version="1">
        <description>EPIC Hardware Inventory  based on ECIM Hardware Inventory 1.0</description>
        <domainExtension domain="ECIM">
            <extension name="ecimMomName" value="EPIC_HwIM"/>
            <extension name="ecimMomVersion" value="1"/>
            <extension name="ecimMomRelease" value="0"/>
        </domainExtension>
        <struct name="HwItemAttribute">
            <description>The HwItemAttribute allows for the addition of attributes that are considered application specific.</description>
            <structMember name="name">
                <description>Attribute name.</description>
                <string/>
            </structMember>
            <structMember name="value">
                <description>Attribute value.</description>
                <string/>
            </structMember>
        </struct>
        <enum name="HwDataEntry">
            <description>Indicates whether the unit is passive (manual insertion of inventory data is required) or active (inventory data can be read from the unit).</description>
            <enumMember name="PASSIVE">
                <description>Manual insertion of inventory data is required. </description>
                <value>0</value>
            </enumMember>
            <enumMember name="ACTIVE">
                <description>Inventory data can be read from the hardware item.</description>
                <value>1</value>
            </enumMember>
        </enum>
        <class name="HwInventory">
            <description>HwInventory</description>
            <root/>
            <attribute name="timeOfLatestInvChange">
                <description>The time of the latest inventory change. An inventory change results in an AVC notification.</description>
                <nonPersistent/>
                <readOnly/>
                <dataType>
                    <derivedDataTypeRef name="DateTime">
                        <mimName>ECIM_CommonLibrary</mimName>
                    </derivedDataTypeRef>
                </dataType>
            </attribute>
            <attribute name="hwInventoryId">
                <description>The unique identifier for this object instance. </description>
                <mandatory/>
                <noNotification/>
                <restricted/>
                <key/>
                <dataType>
                    <string/>
                </dataType>
            </attribute>
            <attribute name="userLabel">
                <description>Label that should be used by the operator or commissioning engineer to provide relevant information.</description>
                <mandatory/>
                <noNotification/>
                <dataType>
                    <string/>
                </dataType>
            </attribute>
        </class>
        <class name="HwItem">
            <description>HwItem represents any kind of Ericsson hardware which is present on the ME.</description>
            <attribute name="vendorName">
                <description>The name of the hardware item vendor (or vendors may provide manufacturer name).</description>
                <noNotification/>
                <nonPersistent/>
                <readOnly/>
                <dataType>
                    <string/>
                </dataType>
            </attribute>
            <attribute name="hwModel">
                <description>The hardware configuration, e.g. standard hw unit or a variant that may contain additional disk capacity.</description>
                <noNotification/>
                <nonPersistent/>
                <readOnly/>
                <dataType>
                    <string/>
                </dataType>
            </attribute>
            <attribute name="hwType">
                <description>Hardware item type.</description>
                <noNotification/>
                <nonPersistent/>
                <readOnly/>
                <dataType>
                    <string/>
                </dataType>
            </attribute>
            <attribute name="hwName">
                <description>Mnemonic of hw inventory unit family type (e.g. Fan, PSU) assigned by vendor.</description>
                <noNotification/>
                <nonPersistent/>
                <readOnly/>
                <dataType>
                    <string/>
                </dataType>
            </attribute>
            <attribute name="hwCapability">
                <description>Describes the hardware capability e.g. capacity, size.
</description>
                <noNotification/>
                <nonPersistent/>
                <readOnly/>
                <dataType>
                    <string/>
                </dataType>
            </attribute>
            <attribute name="equipmentMoRef">
                <description>Reference to a managed object from the Equipment model.</description>
                <noNotification/>
                <nonPersistent/>
                <readOnly/>
                <dataType>
                    <sequence>
                        <moRef name="ManagedObject"/>
                        <minLength>1</minLength>
                        <nonUnique/>
                    </sequence>
                </dataType>
            </attribute>
            <attribute name="additionalInformation">
                <description>Supplementary information about the inventory data (if any).</description>
                <noNotification/>
                <nonPersistent/>
                <readOnly/>
                <dataType>
                    <string/>
                </dataType>
            </attribute>
            <attribute name="hwItemId">
                <description>The unique identifier for this object instance.</description>
                <mandatory/>
                <noNotification/>
                <restricted/>
                <key/>
                <dataType>
                    <string/>
                </dataType>
            </attribute>
            <attribute name="hwUnitLocation">
                <description>The position of the hardware item. Depending on the implementation of the unit in the managed system, the value and meaning of this attribute may vary. 

For example, if a system has three levels and types of units representing Rack, Shelf and Slot respectively (i.e. the Managed Element contains multiple Rack inventory units, each Rack inventory unit contains multiple Shelf inventory units and each Shelf inventory unit contains multiple Slot inventory units), then for this example:

•	for the Inventory Unit representing a Rack, the Frame Identification code may be used as the value of this attribute
•	for the Inventory Unit representing a Shelf, the Rack Shelf code may be used as the value of this attribute
•	for the Inventory Unit representing a Slot, the position code may be used as the value of this attribute
</description>
                <noNotification/>
                <nonPersistent/>
                <readOnly/>
                <dataType>
                    <string/>
                </dataType>
            </attribute>
            <attribute name="manualDataEntry">
                <description>Indicates whether the unit is passive (manual insertion of inventory data is needed) or active (inventory data can be read from the unit).</description>
                <noNotification/>
                <nonPersistent/>
                <readOnly/>
                <dataType>
                    <enumRef name="HwDataEntry">
                        <defaultValue>ACTIVE</defaultValue>
                        <mimName>EPIC_HwIM</mimName>
                    </enumRef>
                </dataType>
            </attribute>
            <attribute name="serialNumber">
                <description>The serial number consists of 13 alphanumerical characters grouped as 6 plus 7 characters. The first 6 characters are to be used for factory codes and the last 7 characters are used for an individual number or batch number.</description>
                <noNotification/>
                <nonPersistent/>
                <readOnly/>
                <dataType>
                    <string/>
                </dataType>
            </attribute>
            <attribute name="dateOfLastService">
                <description>The date of last service or repair of the hardware item.</description>
                <noNotification/>
                <nonPersistent/>
                <readOnly/>
                <dataType>
                    <derivedDataTypeRef name="DateTime">
                        <mimName>ECIM_CommonLibrary</mimName>
                    </derivedDataTypeRef>
                </dataType>
            </attribute>
            <attribute name="dateOfManufacture">
                <description>The date of manufacture of the hardware item.</description>
                <noNotification/>
                <nonPersistent/>
                <readOnly/>
                <dataType>
                    <derivedDataTypeRef name="DateTime">
                        <mimName>ECIM_CommonLibrary</mimName>
                    </derivedDataTypeRef>
                </dataType>
            </attribute>
            <attribute name="swInvMoRef">
                <description>Reference to a managed object from the SwIM model.</description>
                <noNotification/>
                <nonPersistent/>
                <readOnly/>
                <dataType>
                    <sequence>
                        <moRef name="ManagedObject"/>
                        <minLength>1</minLength>
                        <nonUnique/>
                    </sequence>
                </dataType>
            </attribute>
            <attribute name="licMgmtMoRef">
                <description>Reference to a managed object from the Licence Management model.</description>
                <noNotification/>
                <nonPersistent/>
                <readOnly/>
                <dataType>
                    <sequence>
                        <moRef name="ManagedObject"/>
                        <minLength>1</minLength>
                        <nonUnique/>
                    </sequence>
                </dataType>
            </attribute>
            <attribute name="additionalAttributes">
                <description>Additional HwItem attributes that are considered application specific.</description>
                <noNotification/>
                <nonPersistent/>
                <readOnly/>
                <dataType>
                    <sequence>
                        <structRef name="HwItemAttribute">
                            <mimName>EPIC_HwIM</mimName>
                        </structRef>
                        <minLength>0</minLength>
                        <nonUnique/>
                    </sequence>
                </dataType>
            </attribute>
            <attribute name="productIdentity">
                <description>ProductIdentity contains product designation, number, and revision information.  </description>
                <noNotification/>
                <nonPersistent/>
                <readOnly/>
                <dataType>
                    <structRef name="ProductIdentity">
                        <mimName>ECIM_CommonLibrary</mimName>
                    </structRef>
                </dataType>
            </attribute>
        </class>
        <relationship name="HwInventory_to_HwItem">
            <containment>
                <parent>
                    <hasClass name="HwInventory">
                        <mimName>EPIC_HwIM</mimName>
                    </hasClass>
                </parent>
                <child>
                    <hasClass name="HwItem">
                        <mimName>EPIC_HwIM</mimName>
                    </hasClass>
                    <cardinality>
                        <min>0</min>
                    </cardinality>
                </child>
            </containment>
        </relationship>
        <relationship name="HwItem_to_HwItem">
            <containment>
                <parent>
                    <hasClass name="HwItem">
                        <mimName>EPIC_HwIM</mimName>
                    </hasClass>
                </parent>
                <child>
                    <hasClass name="HwItem">
                        <mimName>EPIC_HwIM</mimName>
                    </hasClass>
                    <cardinality>
                        <min>0</min>
                    </cardinality>
                </child>
            </containment>
        </relationship>
    </mim>
</models>