<?xml version="1.0" encoding="UTF-8"?><!--
	Copyright (c) 2013 Ericsson AB. 
	All rights reserved 

	DX ECIM Tool-chain generated this file on May 17, 2013 9:02:19 AM using:
	* com.ericsson.ecim.m2m 2.6.3.201303181606
	* com.ericsson.ecim.dsl 2.6.3.201303181606
	* com.ericsson.ecim.edm 2.6.3.201303181606
--><!DOCTYPE models SYSTEM "mp.dtd">
<models>
    <dtdVersion>E1</dtdVersion>
    <momMetaData>
        <momTitle>title</momTitle>
        <momSubTitle>sub title</momSubTitle>
        <momIdentity>
            <docNum>0</docNum>
            <docLang>English</docLang>
            <docRev>0</docRev>
            <docDate>23.04.2013</docDate>
        </momIdentity>
        <createdBy>
            <signature>Albatross</signature>
        </createdBy>
    </momMetaData>
    
    <mim author="Sampo Rahikkala" contact="Saija Sipola" date="23.04.2013" docNo="" name="EPIC_T_L2_VlanPort" namespace="urn:com:ericsson:ecim:EPIC_T_L2_VlanPort" namespacePrefix="epic_t_l2_vlanport" organization="Albatross" release="0" revision="" version="1">
        <description>Layer 2 VLAN-aware Port. </description>
        <domainExtension domain="ECIM">
            <extension name="ecimMomName" value="ECIM_T_L2_VlanPort"/>
            <extension name="ecimMomVersion" value="0"/>
            <extension name="ecimMomRelease" value="1"/>
            <extension name="immNamespace" value="NONE"/>
        </domainExtension>
        <derivedDataType name="VlanId">
            <description>VLAN id 12-bit value.</description>
            <baseType>
                <uint16>
                    <range>
                        <min>1</min>
                        <max>4092</max>
                    </range>
                </uint16>
            </baseType>
        </derivedDataType>
        <class name="VlanPort">
            <description>A VLAN in the context of a single aware Port.</description>
            <root/>
            <attribute name="vlanPortId">
                <description>The value component of the RDN.</description>
                <mandatory/>
                <noNotification/>
                <restricted/>
                <key/>
                <dataType>
                    <string/>
                </dataType>
            </attribute>
            <attribute name="vlanId">
                <description>This attribute specifies the VlanPort VLAN ID.&#13;
&#13;
At egress, it is used to indicate the VLAN ID in the VLAN tag of the packets being transmitted from an EthernetPort.</description>
                <mandatory/>
                <dataType>
                    <derivedDataTypeRef name="VlanId">
                        <mimName>EPIC_T_L2_VlanPort</mimName>
                    </derivedDataTypeRef>
                </dataType>
                <takesEffect>at restart.</takesEffect>
            </attribute>
            <attribute name="userLabel">
                <description>Label for free use.</description>
                <domainExtension domain="ECIM">
                    <extension name="isNillable" value="true"/>
                </domainExtension>
                <dataType>
                    <string/>
                </dataType>
            </attribute>
            <attribute name="encapsulation">
                <description>This attribute shows the underlying encapsulation.</description>
                <domainExtension domain="ECIM">
                    <extension name="isNillable" value="true"/>
                </domainExtension>
                <restricted/>
                <dataType>
                    <moRef name="ManagedObject"/>
                </dataType>
                <takesEffect>at restart.</takesEffect>
            </attribute>
        </class>
    </mim>
    
    <interMim>
        <relationship name="Transport_to_VlanPort">
            <containment>
                <parent>
                    <hasClass name="Transport">
                        <mimName>ComTop</mimName>
                    </hasClass>
                </parent>
                <child>
                    <hasClass name="VlanPort">
                        <mimName>EPIC_T_L2_VlanPort</mimName>
                    </hasClass>
                    <cardinality>
                        <min>0</min>
                        <max>3</max>
                    </cardinality>
                </child>
            </containment>
        </relationship>
    </interMim>
</models>