<?xml version="1.0" encoding="UTF-8"?><!--
	Copyright (c) 2013 Ericsson AB. 
	All rights reserved 

	DX ECIM Tool-chain generated this file on May 24, 2013 10:34:11 AM using:
	* com.ericsson.ecim.m2m 2.6.3.201303181606
	* com.ericsson.ecim.dsl 2.6.3.201303181606
	* com.ericsson.ecim.edm 2.6.3.201303181606
--><!DOCTYPE models SYSTEM "mp.dtd">
<models>
    <dtdVersion>E1</dtdVersion>
    <momMetaData>
        <momTitle>title</momTitle>
        <momSubTitle>sub title</momSubTitle>
        <momIdentity>
            <docNum>0</docNum>
            <docLang>English</docLang>
            <docRev>0</docRev>
            <docDate>23.04.2013</docDate>
        </momIdentity>
    </momMetaData>
    
    
    
    <mim author="Sampo Rahikkala" contact="Saija Sipola" date="23.04.2013" docNo="" name="EPIC_T_SyncServer" namespace="urn:com:ericsson:ecim:EPIC_T_SyncServer" namespacePrefix="epic_t_syncserver" organization="Albatross" release="1" revision="" version="1">
        <description>EPIC Transport Synchronization server Model</description>
        <domainExtension domain="ECIM">
            <extension name="immNamespace" value="NONE"/>
        </domainExtension>
        <enum name="Protocol">
            <description>Enumeration for protocol</description>
            <enumMember name="NTP">
                <value>0</value>
            </enumMember>
            <enumMember name="PTP">
                <value>1</value>
            </enumMember>
        </enum>
        <enum name="BasicAdmState">
            <description>The basic administrative states for a resource.</description>
            <enumMember name="LOCKED">
                <description>   The resource is administratively prohibited from performing services for its users.</description>
                <value>0</value>
            </enumMember>
            <enumMember name="UNLOCKED">
                <description>  The resource is administratively permitted to perform services for its users. This is independent of its inherent operability.</description>
                <value>1</value>
            </enumMember>
        </enum>
        <derivedDataType name="IpDNSAddress">
            <description>The IpDNSAddress type represents an IP address or a DNS domain name.&#13;
A version 4 IP address is specified in dotted quad notation, for example 130.100.92.154. RFC 791 describes the syntax details.&#13;
A version 6 IP address is specified by 8 groups of 16 bit hexadecimal values separated by colons, for example 2001:0db8:85a3:0000:0000:8a2e:0370:7334. RFC 4291 describes the syntax details.&#13;
A DNS name is specified as a fully qualified domain name, for example myhost.ericsson.com. Internet domain are loosely specified but RFC 1034 recommends a syntax.&#13;
</description>
            <baseType>
                <string>
                    <lengthRange>
                        <min>1</min>
                        <max>253</max>
                    </lengthRange>
                    <validValues>(^(25[0-5]|2[0-4][0-9]|[01]?[0-9][0-9]?)\.(25[0-5]|2[0-4][0-9]|[01]?[0-9][0-9]?)\.(25[0-5]|2[0-4][0-9]|[01]?[0-9][0-9]?)\.(25[0-5]|2[0-4][0-9]|[01]?[0-9][0-9]?))|(^\s*((([0-9A-Fa-f]{1,4}:){7}([0-9A-Fa-f]{1,4}|:))|(([0-9A-Fa-f]{1,4}:){6}(:[0-9A-Fa-f]{1,4}|((25[0-5]|2[0-4][0-9]|1[0-9][0-9]|[1-9]?[0-9])(\.(25[0-5]|2[0-4][0-9]|1[0-9][0-9]|[1-9]?[0-9])){3})|:))|(([0-9A-Fa-f]{1,4}:){5}(((:[0-9A-Fa-f]{1,4}){1,2})|:((25[0-5]|2[0-4][0-9]|1[0-9][0-9]|[1-9]?[0-9])(\.(25[0-5]|2[0-4][0-9]|1[0-9][0-9]|[1-9]?[0-9])){3})|:))|(([0-9A-Fa-f]{1,4}:){4}(((:[0-9A-Fa-f]{1,4}){1,3})|((:[0-9A-Fa-f]{1,4})?:((25[0-5]|2[0-4][0-9]|1[0-9][0-9]|[1-9]?[0-9])(\.(25[0-5]|2[0-4][0-9]|1[0-9][0-9]|[1-9]?[0-9])){3}))|:))|(([0-9A-Fa-f]{1,4}:){3}(((:[0-9A-Fa-f]{1,4}){1,4})|((:[0-9A-Fa-f]{1,4}){0,2}:((25[0-5]|2[0-4][0-9]|1[0-9][0-9]|[1-9]?[0-9])(\.(25[0-5]|2[0-4][0-9]|1[0-9][0-9]|[1-9]?[0-9])){3}))|:))|(([0-9A-Fa-f]{1,4}:){2}(((:[0-9A-Fa-f]{1,4}){1,5})|((:[0-9A-Fa-f]{1,4}){0,3}:((25[0-5]|2[0-4][0-9]|1[0-9][0-9]|[1-9]?[0-9])(\.(25[0-5]|2[0-4][0-9]|1[0-9][0-9]|[1-9]?[0-9])){3}))|:))|(([0-9A-Fa-f]{1,4}:){1}(((:[0-9A-Fa-f]{1,4}){1,6})|((:[0-9A-Fa-f]{1,4}){0,4}:((25[0-5]|2[0-4][0-9]|1[0-9][0-9]|[1-9]?[0-9])(\.(25[0-5]|2[0-4][0-9]|1[0-9][0-9]|[1-9]?[0-9])){3}))|:))|(:(((:[0-9A-Fa-f]{1,4}){1,7})|((:[0-9A-Fa-f]{1,4}){0,5}:((25[0-5]|2[0-4][0-9]|1[0-9][0-9]|[1-9]?[0-9])(\.(25[0-5]|2[0-4][0-9]|1[0-9][0-9]|[1-9]?[0-9])){3}))|:)))(%.+)?\s*$)|(^([a-zA-Z0-9]|[a-zA-Z0-9][a-zA-Z0-9-]{0,61}[a-zA-Z0-9])(\.([a-zA-Z0-9]|[a-zA-Z0-9][a-zA-Z0-9-]{0,61}[a-zA-Z0-9]))*$)</validValues>
                </string>
            </baseType>
        </derivedDataType>
        <class name="SyncServer">
            <description>This Managed Object (MO) is the root MO for SyncServer. In NTP and PTP, servers are used for frequency synchronization.
PTP servers can also be used for ToD synchronization.</description>
            <systemCreated/>
            <root/>
            <attribute name="syncServerId">
                <description>The value component of the RDN.</description>
                <mandatory/>
                <noNotification/>
                <restricted/>
                <key/>
                <dataType>
                    <string/>
                </dataType>
            </attribute>
            <attribute name="serverAddress">
                <description>This attribute is the synchronization server address.

The serverAddress represents either a V4 IP address, a V6 IP address, or a DNS domain name.</description>
                <domainExtension domain="ECIM">
                    <extension name="isNillable" value="true"/>
                </domainExtension>
                <dataType>
                    <derivedDataTypeRef name="IpDNSAddress">
                        <mimName>EPIC_T_SyncServer</mimName>
                    </derivedDataTypeRef>
                </dataType>
            </attribute>
            <attribute name="protocol">
                <description>This attribute is the used time protocol for synchronization.</description>
                <domainExtension domain="ECIM">
                    <extension name="isNillable" value="true"/>
                </domainExtension>
                <dataType>
                    <enumRef name="Protocol">
                        <mimName>EPIC_T_SyncServer</mimName>
                    </enumRef>
                </dataType>
            </attribute>
            <attribute name="administrativeState">
                <description>The administrative state enables or disables the operation of the NTP or PTP client function.
This is a convenience function to permit some or all instances to be temporarily disabled.</description>
                <dataType>
                    <enumRef name="BasicAdmState">
                        <defaultValue>UNLOCKED</defaultValue>
                        <mimName>EPIC_T_SyncServer</mimName>
                    </enumRef>
                </dataType>
            </attribute>
        </class>
    </mim>
    
    
    
    <interMim>
        <relationship name="Synchronization_to_SyncServer">
            <containment>
                <parent>
                    <hasClass name="Synchronization">
                        <mimName>EPIC_T_Synchronization</mimName>
                    </hasClass>
                </parent>
                <child>
                    <hasClass name="SyncServer">
                        <mimName>EPIC_T_SyncServer</mimName>
                    </hasClass>
                    <cardinality>
                        <min>2</min>
                        <max>2</max>
                    </cardinality>
                </child>
            </containment>
        </relationship>
    </interMim>
</models>