<?xml version="1.0" encoding="UTF-8"?><!--
	Copyright (c) 2013 Ericsson AB. 
	All rights reserved 

	DX ECIM Tool-chain generated this file on May 24, 2013 10:34:11 AM using:
	* com.ericsson.ecim.m2m 2.6.3.201303181606
	* com.ericsson.ecim.dsl 2.6.3.201303181606
	* com.ericsson.ecim.edm 2.6.3.201303181606
--><!DOCTYPE models SYSTEM "mp.dtd">
<models>
    <dtdVersion>E1</dtdVersion>
    <momMetaData>
        <momTitle>title</momTitle>
        <momSubTitle>sub title</momSubTitle>
        <momIdentity>
            <docNum>0</docNum>
            <docLang>English</docLang>
            <docRev>0</docRev>
            <docDate>23.04.2013</docDate>
        </momIdentity>
    </momMetaData>
    <mim author="Sampo Rahikkala" contact="Saija Sipola" date="23.04.2013" docNo="" name="EPIC_T_Synchronization" namespace="urn:com:ericsson:ecim:EPIC_T_Synchronization" namespacePrefix="epic_t_synchronization" organization="Albatross" release="0" revision="" version="1">
        <description>Based on ECIM Transport Synchronization Model. release=1, version=0&#13;
&#13;
This is the root of Sync fragment.
</description>
        <domainExtension domain="ECIM">
            <extension name="ecimMomName" value="ECIM_T_Synchronization"/>
            <extension name="ecimMomVersion" value="0"/>
            <extension name="ecimMomRelease" value="1"/>
            <extension name="immNamespace" value="NONE"/>
        </domainExtension>
        <enum name="SyncServerNetwork">
            <description>Enumeration for selecting synchronization server network.</description>
            <enumMember name="PUBLIC">
                <description>Synchronization servers are not accessed through an IpSec tunnel.</description>
                <value>0</value>
            </enumMember>
            <enumMember name="PRIVATE">
                <description>Synchronization servers are accessed through an IpSec tunnel.</description>
                <value>1</value>
            </enumMember>
        </enum>
        <derivedDataType name="DscpRange">
            <description>Allowed range for dscp.</description>
            <baseType>
                <int32>
                    <range>
                        <min>0</min>
                        <max>63</max>
                    </range>
                </int32>
            </baseType>
        </derivedDataType>
        <class name="Synchronization">
            <description>Synchronization is the root of the synchronization fragment.</description>
            <systemCreated/>
            <root/>
            <attribute name="synchronizationId">
                <description>The value component of the RDN.</description>
                <mandatory/>
                <noNotification/>
                <restricted/>
                <key/>
                <dataType>
                    <string/>
                </dataType>
            </attribute>
            <attribute name="dscp">
                <description>This attribute defines the DSCP to be used in NTP and PTP synchronization protocols.</description>
                <dataType>
                    <derivedDataTypeRef name="DscpRange">
                        <defaultValue>54</defaultValue>
                        <mimName>EPIC_T_Synchronization</mimName>
                    </derivedDataTypeRef>
                </dataType>
                <takesEffect>at restart.</takesEffect>
            </attribute>
            <attribute name="syncServerNetwork">
                <description>This attribute is set to PRIVATE when the synchronization time servers are accessed through an IPSec tunnel.
Otherwise, it is set to PUBLIC when the synchronization time servers with or without IPsec are set to PUBLIC.</description>
                <domainExtension domain="ECIM">
                    <extension name="isNillable" value="true"/>
                </domainExtension>
                <dataType>
                    <enumRef name="SyncServerNetwork">
                        <defaultValue>PUBLIC</defaultValue>
                        <mimName>EPIC_T_Synchronization</mimName>
                    </enumRef>
                </dataType>
            </attribute>
        </class>
    </mim>
    
    
    
    <interMim>
        <relationship name="Transport_to_Synchronization">
            <containment>
                <parent>
                    <hasClass name="Transport">
                        <mimName>ComTop</mimName>
                    </hasClass>
                </parent>
                <child>
                    <hasClass name="Synchronization">
                        <mimName>EPIC_T_Synchronization</mimName>
                    </hasClass>
                    <cardinality>
                        <min>1</min>
                        <max>1</max>
                    </cardinality>
                </child>
            </containment>
        </relationship>
    </interMim>
    
    
    
</models>