<?xml version="1.0" encoding="UTF-8"?><!--
	Copyright (c) 2013 Ericsson AB. 
	All rights reserved 

	DX ECIM Tool-chain generated this file on May 3, 2013 2:01:27 PM using:
	* com.ericsson.ecim.m2m 2.6.3.201303181606
	* com.ericsson.ecim.dsl 2.6.3.201303181606
	* com.ericsson.ecim.edm 2.6.3.201303181606
--><!DOCTYPE models SYSTEM "mp.dtd">
<models>
    <dtdVersion>E1</dtdVersion>
    <momMetaData>
        <momTitle>EPIC-T SCTP</momTitle>
        <momSubTitle>EPIC_T SCTP</momSubTitle>
        <momIdentity>
            <docNum>0</docNum>
            <docLang>English</docLang>
            <docRev>0</docRev>
            <docDate>23.04.2013</docDate>
        </momIdentity>
    </momMetaData>
    <mim author="Sampo Rahikkala" contact="Saija Sipola" date="23.04.2013" docNo="" name="EPIC_T_SCTP_SctpProfile" namespace="urn:com:ericsson:ecim:EPIC_T_SCTP_SctpProfile" namespacePrefix="epic_t_sctp_sctpprofile" organization="Albatross" release="0" revision="" version="1">
        <description>SCTP profile.</description>
        <domainExtension domain="ECIM">
            <extension name="ecimMomName" value="ECIM_T_SCTP_SctpProfile"/>
            <extension name="ecimMomVersion" value="0"/>
            <extension name="ecimMomRelease" value="1"/>
            <extension name="immNamespace" value="NONE"/>
        </domainExtension>
        <derivedDataType name="DscpType">
            <description>The DSCP value used.</description>
            <baseType>
                <uint8>
                    <range>
                        <min>0</min>
                        <max>64</max>
                    </range>
                </uint8>
            </baseType>
        </derivedDataType>
        <class name="SctpProfile">
            <description>This Managed Object (MO) is the SCTP configuration profile.</description>
            <systemCreated/>
            <root/>
            <attribute name="dscp">
                <description>This attribute is the DSCP value used.</description>
                <dataType>
                    <derivedDataTypeRef name="DscpType">
                        <defaultValue>40</defaultValue>
                        <mimName>EPIC_T_SCTP_SctpProfile</mimName>
                    </derivedDataTypeRef>
                </dataType>
            </attribute>
            <attribute name="sctpProfileId">
                <description>The value component of the RDN.</description>
                <mandatory/>
                <noNotification/>
                <restricted/>
                <key/>
                <dataType>
                    <string/>
                </dataType>
            </attribute>
        </class>
    </mim>
    <interMim>
        <relationship name="Transport_to_SctpProfile">
            <containment>
                <parent>
                    <hasClass name="Transport">
                        <mimName>ComTop</mimName>
                    </hasClass>
                </parent>
                <child>
                    <hasClass name="SctpProfile">
                        <mimName>EPIC_T_SCTP_SctpProfile</mimName>
                    </hasClass>
                    <cardinality>
                        <min>1</min>
                        <max>1</max>
                    </cardinality>
                </child>
            </containment>
        </relationship>
    </interMim>
</models>