<?xml version="1.0" encoding="utf-8"?>
<!-- 
  Copyright (c) 2012 Ericsson AB.
  All rights reserved
  
  DX ECIM Tool-chain generated this file on Aug 27, 2012 4:33:56 PM using 
    * ecim.m2m (2.2.0.201204101449)
    * ecim.m2t (2.2.0.201204101449) 
    * ecim.dsl (2.2.0.201204101449) 
    * ecim.edm (2.2.0.201204101449) 
--><!DOCTYPE models SYSTEM "mp.dtd">
<models>
    <dtdVersion>E</dtdVersion>
    <momMetaData>
        <momTitle>title</momTitle>
        <momSubTitle>sub title</momSubTitle>
        <momIdentity>
            <docNum>0</docNum>
            <docLang>English</docLang>
            <docRev>0</docRev>
            <docDate>date</docDate>
        </momIdentity>
    </momMetaData>
    <interMim>
        <relationship name="SecM_to_CertM">
            <containment>
                <parent>
                    <hasClass name="SecM">
                        <mimName>ECIM_Security_Management</mimName>
                    </hasClass>
                </parent>
                <child>
                    <hasClass name="CertM">
                        <mimName>ECIM_CertM</mimName>
                    </hasClass>
                    <cardinality>
                        <min>1</min>
                        <max>1</max>
                    </cardinality>
                </child>
            </containment>
        </relationship>
    </interMim>
    <mim author="ETH/XES EBALKOV" contact="ETH/XES BalÃ¡zs KovÃ¡cs" date="2012-07-06" docNo="" name="ECIM_CertM" namespace="urn:com:ericsson:ecim:ECIM_CertM" namespacePrefix="ecim_certm" organization="ETH/XES" release="0" revision="B" version="1">
        <description>The ECIM CertM MOM.</description>
        <domainExtension domain="ECIM">
            <extension name="ecimMomName" value="ECIM_CertM"/>
            <extension name="ecimMomVersion" value="1"/>
            <extension name="ecimMomRelease" value="0"/>
        </domainExtension>
        <struct name="CertificateContent">
            <description>The content of the X.509 certificate.</description>
            <structMember name="version">
                <description>The version of the encoded certificate.</description>
                <domainExtension domain="ECIM">
                    <extension name="isNillable" value="true"/>
                </domainExtension>
                <string/>
            </structMember>
            <structMember name="serialNumber">
                <description>The serial number of the certificate assigned by the CA.</description>
                <domainExtension domain="ECIM">
                    <extension name="isNillable" value="true"/>
                </domainExtension>
                <string/>
            </structMember>
            <structMember name="signatureAlgorithm">
                <description>The algorithm identifier for the algorithm and hash function used by the CA in signing the certificate.</description>
                <domainExtension domain="ECIM">
                    <extension name="isNillable" value="true"/>
                </domainExtension>
                <string/>
            </structMember>
            <structMember name="issuer">
                <description>The X.501 distinguished name of the CA that has signed and issued the certificate.</description>
                <domainExtension domain="ECIM">
                    <extension name="isNillable" value="true"/>
                </domainExtension>
                <string/>
            </structMember>
            <structMember name="validFrom">
                <description>The certificate is valid from this date.</description>
                <domainExtension domain="ECIM">
                    <extension name="isNillable" value="true"/>
                </domainExtension>
                <derivedDataTypeRef name="DateTime">
                    <mimName>ECIM_CommonLibrary</mimName>
                </derivedDataTypeRef>
            </structMember>
            <structMember name="validTo">
                <description>The certificate is valid to this date.</description>
                <domainExtension domain="ECIM">
                    <extension name="isNillable" value="true"/>
                </domainExtension>
                <derivedDataTypeRef name="DateTime">
                    <mimName>ECIM_CommonLibrary</mimName>
                </derivedDataTypeRef>
            </structMember>
            <structMember name="publicKey">
                <description>Carries the public key.</description>
                <domainExtension domain="ECIM">
                    <extension name="isNillable" value="true"/>
                </domainExtension>
                <string/>
            </structMember>
            <structMember name="publicKeyAlgorithm">
                <description> Identifies the algorithm which this public key is an instance of.</description>
                <domainExtension domain="ECIM">
                    <extension name="isNillable" value="true"/>
                </domainExtension>
                <string/>
            </structMember>
            <structMember name="keyUsage">
                <description>The intended usage for which the certificate was issued as defined by X.509 key usage extension.</description>
                <domainExtension domain="ECIM">
                    <extension name="isNillable" value="true"/>
                </domainExtension>
                <string/>
            </structMember>
            <structMember name="extensionContent">
                <description>Contains the X.509 certificate extensions.

An extension string is displayed in Field:Value format.</description>
                <sequence>
                    <string/>
                    <minLength>0</minLength>
                </sequence>
            </structMember>
            <structMember name="subject">
                <description>The X.501 distinguished name of the subject associated with the public-key.</description>
                <domainExtension domain="ECIM">
                    <extension name="isKey" value="true"/>
                </domainExtension>
                <string/>
            </structMember>
        </struct>
        <enum name="KeyInfo">
            <description>Indicates the key type and length in bits.</description>
            <enumMember name="RSA_1024">
                <description>1024-bit long key generated for the RSA algorithm.</description>
                <value>0</value>
            </enumMember>
            <enumMember name="RSA_2048">
                <description>2048-bit long key generated for the RSA algorithm.</description>
                <value>1</value>
            </enumMember>
            <enumMember name="RSA_3072">
                <description>3072-bit long key generated for the RSA algorithm.</description>
                <value>2</value>
            </enumMember>
            <enumMember name="RSA_4096">
                <description>4096-bit long key generated for the RSA algorithm.</description>
                <value>3</value>
            </enumMember>
            <enumMember name="ECDSA_160">
                <description>A key generated for the ECDSA algorithm with bit-length ranging from 160 bits to 223 bits.</description>
                <value>4</value>
            </enumMember>
            <enumMember name="ECDSA_224">
                <description>A key generated for the ECDSA algorithm with bit-length ranging from 224 bits to 255 bits.</description>
                <value>5</value>
            </enumMember>
            <enumMember name="ECDSA_256">
                <description>A key generated for the ECDSA algorithm with bit-length ranging from 256 bits to 383 bits.</description>
                <value>6</value>
            </enumMember>
            <enumMember name="ECDSA_384">
                <description>A key generated for the ECDSA algorithm with bit-length ranging from 384 bits to 511 bits.</description>
                <value>7</value>
            </enumMember>
            <enumMember name="ECDSA_512">
                <description>A key generated for the ECDSA algorithm with bit-length of at least 512 bits.</description>
                <value>8</value>
            </enumMember>
        </enum>
        <enum name="CertificateState">
            <description>Certificate states.</description>
            <enumMember name="NOT_VALID_YET">
                <description>The certificate is not valid yet based on the validFrom date.</description>
                <value>1</value>
            </enumMember>
            <enumMember name="VALID">
                <description>The certificate is valid based on the validFrom and validTo dates.</description>
                <value>0</value>
            </enumMember>
            <enumMember name="EXPIRED">
                <description>The certificate expired based on the validTo date.</description>
                <value>2</value>
            </enumMember>
            <enumMember name="REVOKED">
                <description>The certificate was revoked by a trusted CA.</description>
                <value>3</value>
            </enumMember>
        </enum>
        <enum name="AuthorityType">
            <description>Enrollment authority types.</description>
            <enumMember name="CERTIFICATION_AUTHORITY">
                <description>An entity that issues certificates.</description>
                <value>0</value>
            </enumMember>
            <enumMember name="REGISTRATION_AUTHORITY">
                <description>An intermediate PKI entity, separate from the Certification Authority.

Used for registration purposes and certificate enrollment.</description>
                <value>1</value>
            </enumMember>
        </enum>
        <enum name="EnrollmentSupport">
            <description>Supportable enrollment methods.</description>
            <enumMember name="OFFLINE_CSR">
                <description>Offline enrollment. The certificate for a node credential is provided manually by the MS using a Certificate Signing Request in PKCS#10 format.</description>
                <value>0</value>
            </enumMember>
            <enumMember name="OFFLINE_PKCS12">
                <description>Offline enrollment. The node credential is provided manually by the MS using a PKCS#12 format; a certificate accompanied by a private key.</description>
                <value>1</value>
            </enumMember>
            <enumMember name="ONLINE_SCEP">
                <description>Online enrollment. The node credential is acquired by the Simple Certificate Enrollment Protocol.</description>
                <value>2</value>
            </enumMember>
            <enumMember name="ONLINE_CMP">
                <description>Online enrollment. The node credential is acquired by the Certificate Management Protocol.</description>
                <value>3</value>
            </enumMember>
        </enum>
        <enum name="ManagedCertificateState">
            <description>The states the MS may set for a certificate.</description>
            <enumMember name="ENABLED">
                <description>The certificate is enabled.</description>
                <value>0</value>
            </enumMember>
            <enumMember name="DISABLED">
                <description>The certificate is disabled.</description>
                <value>1</value>
            </enumMember>
        </enum>
        <enum name="FingerprintSupport">
            <description>The SHA fingerprint algorithm the ME supports.</description>
            <enumMember name="SHA_1">
                <description>The SHA-1 secure hash algorithm.</description>
                <value>0</value>
            </enumMember>
            <enumMember name="SHA_224">
                <description>The SHA-224 secure hash algorithm.</description>
                <value>1</value>
            </enumMember>
            <enumMember name="SHA_256">
                <description>The SHA-256 secure hash algorithm.</description>
                <value>2</value>
            </enumMember>
            <enumMember name="SHA_384">
                <description>The SHA-384 secure hash algorithm.</description>
                <value>3</value>
            </enumMember>
            <enumMember name="SHA_512">
                <description>The SHA-512 secure hash algorithm.</description>
                <value>4</value>
            </enumMember>
        </enum>
        <enum name="EnrollmentProtocol">
            <description>Enrollment protocols.</description>
            <enumMember name="SCEP">
                <description>Simple Certificate Enrollment Protocol.</description>
                <value>0</value>
            </enumMember>
            <enumMember name="CMP">
                <description>Certificate Management Protocol.</description>
                <value>1</value>
            </enumMember>
        </enum>
        <enum name="RenewalMode">
            <description>Modes for certificate renewal.</description>
            <enumMember name="MANUAL">
                <description>Certificate renewal is performed manually by the MS.

This renewal mode requires the MS to start an enrollment by invoking one of the enrollment actions manually.</description>
                <value>0</value>
            </enumMember>
            <enumMember name="AUTOMATIC">
                <description>Certificate renewal is performed automatically by Certificate Management.</description>
                <value>1</value>
            </enumMember>
        </enum>
        <derivedDataType name="Fingerprint">
            <description>A derived string type allowing hexadecimal digits.

The string should be entered in two-digit groups separated by colons. For instance: b7:a8:c6:d5:43:fa:50:43</description>
            <baseType>
                <string>
                    <validValues>^(([a-fA-F0-9]{2}[:])*([a-fA-F0-9]{2}))$|^(NULL)$</validValues>
                </string>
            </baseType>
        </derivedDataType>
        <class name="CertM">
            <description>The top class of the Certificate Management model. 

Certificate management encompasses management of node credentials and trusted certificates.</description>
            <systemCreated/>
            <root/>
            <action name="installTrustedCertFromUri">
                <description>Installs a trusted certificate from the specified URI.

The action can be invoked if there is no other action in progress on this MO.
The action returns immediately after invocation. The progress of the action can be tracked via the progressReport attribute.

The action returns with TRUE after successful invocation. 
The action returns with FALSE otherwise.</description>
                <returnType>
                    <boolean/>
                </returnType>
                <parameter name="uri">
                    <description>This parameter contains a URI assumed to point to the certificate file.

The generic URI syntax is defined by RFC 3986.
Example: sftp://myuser@myhostname.ericsson.local/dir/subdir/certificate
The URI must not contain any password. (The password shall be provided in the second parameter of this action.)
The URI may be local relative (e.g., data/dir/subdir/file), or local absolute (e.g., file:///data/dir/subdir/file), or remote (e.g., sftp://hostname/dir/subdir/file).
If the URI is local relative, the file is expected to be under directory path indicated by the localFileStorePath attribute in the CertM MO.</description>
                    <in/>
                    <dataType>
                        <string/>
                    </dataType>
                </parameter>
                <parameter name="uriPassword">
                    <description>The password part of the URI if there is any. If a password is not required, the 'NULL' string has to be provided.</description>
                    <in/>
                    <dataType>
                        <string/>
                    </dataType>
                </parameter>
                <parameter name="fingerprint">
                    <description>The SHA fingerprint of the certificate to be installed. The fingerprint is checked against the fingerprint calculated on the installed file. If the verification of the fingerprint is not required, the 'NULL' string has to be provided. The hash must be calculated by the SHA algorithm indicated in fingerprintSupport of the CertMCapabilities MO.</description>
                    <in/>
                    <dataType>
                        <derivedDataTypeRef name="Fingerprint">
                            <mimName>ECIM_CertM</mimName>
                        </derivedDataTypeRef>
                    </dataType>
                </parameter>
            </action>
            <action name="cancel">
                <description>Cancels an ongoing action on this MO.

Can be invoked during execution of an action.</description>
                <returnType>
                    <boolean/>
                </returnType>
            </action>
            <action name="downloadCrl">
                <description>Downloads the CRL files.

CRLs are downloaded from URI locations indicated by the CRL distribution points extension of the managed certificates at the time specified by the extension. This action allows the MS to trigger a download in the special case when CRLs are published prior to the published update times.

The action can be invoked if there is no other action in progress on this MO.
The action returns immediately after invocation. The progress of the action can be tracked via the progressReport attribute.

The action returns with TRUE after successful invocation. 
The action returns with FALSE otherwise.</description>
                <returnType>
                    <boolean/>
                </returnType>
            </action>
            <action name="removeTrustedCert">
                <description>Removes a trusted certificate.</description>
                <returnType>
                    <boolean/>
                </returnType>
                <parameter name="trustedCert">
                    <description>The DN of the TrustedCertificate MO to be removed.</description>
                    <in/>
                    <dataType>
                        <moRef name="TrustedCertificate">
                            <mimName>ECIM_CertM</mimName>
                        </moRef>
                    </dataType>
                </parameter>
            </action>
            <attribute name="certMId">
                <description>The value component of the RDN.</description>
                <mandatory/>
                <noNotification/>
                <restricted/>
                <key/>
                <dataType>
                    <string/>
                </dataType>
            </attribute>
            <attribute name="userLabel">
                <description>An additional descriptive text.</description>
                <domainExtension domain="ECIM">
                    <extension name="isNillable" value="true"/>
                </domainExtension>
                <dataType>
                    <string/>
                </dataType>
            </attribute>
            <attribute name="reportProgress">
                <description>Reports the progress of the ongoing action on this MO.</description>
                <readOnly/>
                <dataType>
                    <structRef name="AsyncActionProgress">
                        <mimName>ECIM_CommonLibrary</mimName>
                    </structRef>
                </dataType>
            </attribute>
            <attribute name="localFileStorePath">
                <description>Contains a filesytem path for locally stored certificates.

The default directory path on the ME filesystem where certificates or credential containers are stored. It may store files after push download or locally generated files. </description>
                <readOnly/>
                <dataType>
                    <string/>
                </dataType>
            </attribute>
        </class>
        <class name="TrustedCertificate">
            <description>Represents a trusted certificate.</description>
            <systemCreated/>
            <attribute name="trustedCertificateId">
                <description>The value component of the RDN.</description>
                <mandatory/>
                <noNotification/>
                <restricted/>
                <key/>
                <dataType>
                    <string/>
                </dataType>
            </attribute>
            <attribute name="reservedByCategory">
                <description>Indicates the trust categories this trusted certificate belongs to.

Contains the Distinguished Names of the TrustCategory Managed Objects.</description>
                <noNotification/>
                <readOnly/>
                <dataType>
                    <sequence>
                        <moRef name="TrustCategory">
                            <mimName>ECIM_CertM</mimName>
                        </moRef>
                        <minLength>0</minLength>
                        <nonUnique/>
                    </sequence>
                </dataType>
            </attribute>
            <attribute name="managedState">
                <description>The state of the trusted certificate set by the MS.

If set to ENABLED the certificate is trusted and the state of the certificate is represented by certificateState.
If set to DISABLED the trusted certificate is quarantined, and thus the trust relationship is suspended.</description>
                <dataType>
                    <enumRef name="ManagedCertificateState">
                        <defaultValue>ENABLED</defaultValue>
                        <mimName>ECIM_CertM</mimName>
                    </enumRef>
                </dataType>
            </attribute>
            <attribute name="certificateState">
                <description>The current state of the certificate.</description>
                <readOnly/>
                <dataType>
                    <enumRef name="CertificateState">
                        <mimName>ECIM_CertM</mimName>
                    </enumRef>
                </dataType>
            </attribute>
            <attribute name="certificateContent">
                <description>The X.509 content of the certificate.</description>
                <readOnly/>
                <dataType>
                    <structRef name="CertificateContent">
                        <mimName>ECIM_CertM</mimName>
                    </structRef>
                </dataType>
            </attribute>
        </class>
        <class name="NodeCredential">
            <description>Represents the node credential and contains information about the corresponding certificate.

</description>
            <action name="cancelEnrollment">
                <description>Cancels the enrollment process.

If the enrollment runs in online polling mode, this action stops to poll the enrollment server. The enrollment rejects to confirm the PKI response from the enrollment server and releases the generated key-pair. The enrollment fails.</description>
                <returnType>
                    <boolean/>
                </returnType>
            </action>
            <action name="startOnlineEnrollment">
                <description>Starts the online enrollment process.

For initial enrollment, when a vendor credential is not available, a challengePassword must be provided. Otherwise, the vendor credential or the existing valid node credential signs the PKI request. 

The action can be invoked if the enrollmentSupport attribute of the CertMCapabilites MO indicates that online enrollment is supported.

The action uses subjectName, keyInfo, and enrollmentServerGroup attributes as inputs.

The action can be invoked if there is no other action in progress on this MO.
The action returns immediately after invocation. The progress of the action can be tracked via the enrollmentProgress attribute.

The action returns with TRUE after successful invocation. 
The action returns with FALSE otherwise.</description>
                <returnType>
                    <boolean/>
                </returnType>
                <parameter name="challengePassword">
                    <description>The one-time challenge password used as a shared-secret between the ME and the enrollment CA. When a password is not needed, the string 'NULL' must be provided.</description>
                    <in/>
                    <dataType>
                        <string/>
                    </dataType>
                </parameter>
            </action>
            <action name="startOfflineCsrEnrollment">
                <description>Starts a manual enrollment procedure. 

Creates a PKCS#10 Certificate Signing Request that is stored at the specified local URI. A file transfer service can be used to fetch the CSR file from the ME.

The action can be invoked if the enrollmentSupport attribute of the CertMCapabilites MO indicates that offline CSR based enrollment is supported.

The action uses attributes subjectName and keyInfo attributes as inputs.

The action can be invoked if there is no other action in progress on this MO.
The action returns immediately after invocation. The progress of the action can be tracked via the enrollmentProgress attribute.

The action returns with TRUE after successful invocation. 
The action returns with FALSE otherwise.</description>
                <returnType>
                    <boolean/>
                </returnType>
                <parameter name="uri">
                    <description>An absolute or a relative local URI.

In case of a relative URI the file will be stored under the path indicated by the localFileStorePath attribute in the CertM MO.

Examples:
Absolute: file:///data/dir/subdir/csr.p10
Relative: dir/subdir/csr.p10</description>
                    <in/>
                    <dataType>
                        <string/>
                    </dataType>
                </parameter>
            </action>
            <action name="installCredentialFromUri">
                <description>Installs a node credential or certificate from the specified URI.

If the container file has PKCS#12 format, the action implicitly starts an offline enrollment. If the file is a certificate in PEM or DER format this action closes the ongoing offline enrollment process started by the startOfflineCsrEnrollment action.

The action can be invoked if the enrollmentSupport attribute of the CertMCapabilites MO indicates that offline enrollment is supported.

For a container file in PKCS#12 format, the action can be invoked if there is no other action in progress on this MO. For a certificate file in PEM or DER format, the action can be invoked if there is a startOfflineCsrEnrollment action in progress on this MO.

The action returns immediately after invocation. The progress of the action can be tracked via the enrollmentProgress attribute.

The action returns with TRUE after successful invocation. 
The action returns with FALSE otherwise.</description>
                <returnType>
                    <boolean/>
                </returnType>
                <parameter name="uri">
                    <description>This parameter contains a URI assumed to point to the certificate or credential container file.

The generic URI syntax is defined by RFC 3986.
Example: sftp://myuser@myhostname.ericsson.local/dir/subdir/file
The URI must not contain any password. (The password shall be provided in the second parameter of this action.)
The URI may be local relative (e.g., data/dir/subdir/file), or local absolute (e.g., file:///data/dir/subdir/file), or remote (e.g., sftp://hostname/dir/subdir/file).
If the URI is local relative, the file is expected to be under directory path indicated by the localFileStorePath attribute in the CertM MO.</description>
                    <in/>
                    <dataType>
                        <string>
                            <defaultValue/>
                        </string>
                    </dataType>
                </parameter>
                <parameter name="uriPassword">
                    <description>The password part of the URI if there is any. If a password is not required, the 'NULL' string has to be provided.</description>
                    <in/>
                    <dataType>
                        <string/>
                    </dataType>
                </parameter>
                <parameter name="credentialPassword">
                    <description>The password for decrypting the PKCS#12 container file. If the action is called to install a certificate in PEM or DER format to finish a running enolment process then the value of password has to be 'NULL'.</description>
                    <in/>
                    <dataType>
                        <string>
                            <defaultValue/>
                        </string>
                    </dataType>
                </parameter>
                <parameter name="fingerprint">
                    <description>The SHA fingerprint of the certificate to be installed. The fingerprint is checked against the fingerprint calculated on the installed file. If the verification of the fingerprint is not required, the 'NULL' string has to be provided. The hash must be calculated by the SHA algorithm indicated in fingerprintSupport of the CertMCapabilities MO.</description>
                    <in/>
                    <dataType>
                        <derivedDataTypeRef name="Fingerprint">
                            <mimName>ECIM_CertM</mimName>
                        </derivedDataTypeRef>
                    </dataType>
                </parameter>
            </action>
            <attribute name="nodeCredentialId">
                <description>The value component of the RDN.</description>
                <mandatory/>
                <noNotification/>
                <restricted/>
                <key/>
                <dataType>
                    <string/>
                </dataType>
            </attribute>
            <attribute name="userLabel">
                <description>An additional descriptive text.</description>
                <domainExtension domain="ECIM">
                    <extension name="isNillable" value="true"/>
                </domainExtension>
                <dataType>
                    <string/>
                </dataType>
            </attribute>
            <attribute name="subjectName">
                <description>The X.501 DN to be used in the subject field of the requested certificate.

For instance: "C=SE,O=Ericsson,CN=someserialnumber.ericsson.com" </description>
                <mandatory/>
                <noNotification/>
                <restricted/>
                <dataType>
                    <string/>
                </dataType>
            </attribute>
            <attribute name="reservedByUser">
                <description>Indicates the Distinguished Names of Credential User Managed Objects that refer to this NodeCredential MO.</description>
                <noNotification/>
                <readOnly/>
                <dataType>
                    <sequence>
                        <moRef name="ManagedObject"/>
                        <minLength>0</minLength>
                        <nonUnique/>
                    </sequence>
                </dataType>
            </attribute>
            <attribute name="enrollmentTimer">
                <description>The enrollment poll timer in hours. 

If the time indicated by this timer elapses before the enrollment is finished, the enrollment fails.  Used only for online enrollment.</description>
                <domainExtension domain="ECIM">
                    <extension name="isNillable" value="true"/>
                </domainExtension>
                <dataType>
                    <uint16>
                        <defaultValue>24</defaultValue>
                    </uint16>
                </dataType>
            </attribute>
            <attribute name="enrollmentServerGroup">
                <description>The DN of the EnrollmentServerGroup used for online enrollments.</description>
                <domainExtension domain="ECIM">
                    <extension name="isNillable" value="true"/>
                </domainExtension>
                <dataType>
                    <moRef name="EnrollmentServerGroup">
                        <mimName>ECIM_CertM</mimName>
                    </moRef>
                </dataType>
            </attribute>
            <attribute name="keyInfo">
                <description>Specifies the key type and length that is used for the next enrollment.</description>
                <domainExtension domain="ECIM">
                    <extension name="isNillable" value="true"/>
                </domainExtension>
                <dataType>
                    <enumRef name="KeyInfo">
                        <mimName>ECIM_CertM</mimName>
                    </enumRef>
                </dataType>
            </attribute>
            <attribute name="enrollmentProgress">
                <description>Reports the progress of the ongoing enrollment.</description>
                <readOnly/>
                <dataType>
                    <structRef name="AsyncActionProgress">
                        <mimName>ECIM_CommonLibrary</mimName>
                    </structRef>
                </dataType>
            </attribute>
            <attribute name="renewalMode">
                <description>The certificate renewal mode for online enrollment.

Renewals use subjectName, keyInfo, and enrollmentServerGroup attributes as inputs.

If configured to AUTOMATIC, manually initiated offline and online renewals fail.</description>
                <domainExtension domain="ECIM">
                    <extension name="isNillable" value="true"/>
                </domainExtension>
                <dataType>
                    <enumRef name="RenewalMode">
                        <defaultValue>MANUAL</defaultValue>
                        <mimName>ECIM_CertM</mimName>
                    </enumRef>
                </dataType>
            </attribute>
            <attribute name="certificateState">
                <description>The current state of the certificate.</description>
                <readOnly/>
                <dataType>
                    <enumRef name="CertificateState">
                        <mimName>ECIM_CertM</mimName>
                    </enumRef>
                </dataType>
            </attribute>
            <attribute name="certificateContent">
                <description>The X.509 content of the certificate.</description>
                <readOnly/>
                <dataType>
                    <structRef name="CertificateContent">
                        <mimName>ECIM_CertM</mimName>
                    </structRef>
                </dataType>
            </attribute>
        </class>
        <class name="VendorCredential">
            <description>Represents the vendor credential pre-installed on the ME.</description>
            <systemCreated/>
            <attribute name="vendorCredentialId">
                <description>The value component of the RDN.</description>
                <mandatory/>
                <noNotification/>
                <restricted/>
                <key/>
                <dataType>
                    <string/>
                </dataType>
            </attribute>
            <attribute name="certificateState">
                <description>The current state of the certificate.</description>
                <readOnly/>
                <dataType>
                    <enumRef name="CertificateState">
                        <mimName>ECIM_CertM</mimName>
                    </enumRef>
                </dataType>
            </attribute>
            <attribute name="certificateContent">
                <description>The X.509 content of the certificate.</description>
                <readOnly/>
                <dataType>
                    <structRef name="CertificateContent">
                        <mimName>ECIM_CertM</mimName>
                    </structRef>
                </dataType>
            </attribute>
        </class>
        <class name="EnrollmentServerGroup">
            <description>Maintains a group of enrollment servers for load balancing.</description>
            <attribute name="enrollmentServerGroupId">
                <description>The value component of the RDN.</description>
                <mandatory/>
                <noNotification/>
                <restricted/>
                <key/>
                <dataType>
                    <string/>
                </dataType>
            </attribute>
            <attribute name="userLabel">
                <description>An additional descriptive text.</description>
                <domainExtension domain="ECIM">
                    <extension name="isNillable" value="true"/>
                </domainExtension>
                <dataType>
                    <string/>
                </dataType>
            </attribute>
        </class>
        <class name="EnrollmentAuthority">
            <description>Represents a Certification or Registration Authority for certificate enrollment.</description>
            <attribute name="enrollmentAuthorityId">
                <description>The value component of the RDN.</description>
                <mandatory/>
                <noNotification/>
                <restricted/>
                <key/>
                <dataType>
                    <string/>
                </dataType>
            </attribute>
            <attribute name="enrollmentCaCertificate">
                <description>The certificate of the enrollment CA. 

Represents the certificate by the DN of the appropriate TrustedCertificate MO. 

The CA certificate provided by the PKI response message is verified against the trusted certificate referenced by this attribute. The result of the comparison is used for the confirmation of the enrollment. 

If this attribute has value, the attribute enrollmentCaFingerprint is ignored.</description>
                <domainExtension domain="ECIM">
                    <extension name="isNillable" value="true"/>
                </domainExtension>
                <dataType>
                    <moRef name="TrustedCertificate">
                        <mimName>ECIM_CertM</mimName>
                    </moRef>
                </dataType>
            </attribute>
            <attribute name="enrollmentCaFingerprint">
                <description>The SHA fingerprint of the enrollment CA certificate.

If enrollmentCaCertificate references a TrustedCertificate MO, this attribute displays the fingerprint of the configured certificate. 

If the certificate of the CA is not stored on the ME as a TrustedCertificate MO, thus the enrollmentCaCertificate attribute cannot refer to the appropriate TrustedCertificate MO, at least this attribute must be provided. 

The hash must be calculated by the SHA algorithm indicated in fingerprintSupport of the CertMCapabilities MO. 

The CA certificate provided by the certificate response is verified against this attribute. The result of the comparison is used for the confirmation of the enrollment. If the certificate of the CA is not stored on the ME, thus the enrollmentCaCertificate attribute is unspecified, at least the fingerprint must be provided.</description>
                <domainExtension domain="ECIM">
                    <extension name="isNillable" value="true"/>
                </domainExtension>
                <dataType>
                    <derivedDataTypeRef name="Fingerprint">
                        <mimName>ECIM_CertM</mimName>
                    </derivedDataTypeRef>
                </dataType>
            </attribute>
            <attribute name="authorityType">
                <description>Indicates the type of the enrollment authority.

Used for the verification of the PKI response message. In case of a Certification Authority (CA) the self-signed certificate of the CA is accepted by Certificate Management given that the certificate is configured in the attribute enrollmentCaCertificate. In case of a Registration Authority (RA) the certificate of the RA is verified against the CA certificate configured in attribute enrollmentCaCertificate.</description>
                <mandatory/>
                <dataType>
                    <enumRef name="AuthorityType">
                        <mimName>ECIM_CertM</mimName>
                    </enumRef>
                </dataType>
            </attribute>
            <attribute name="userLabel">
                <description>An additional descriptive text.</description>
                <domainExtension domain="ECIM">
                    <extension name="isNillable" value="true"/>
                </domainExtension>
                <dataType>
                    <string/>
                </dataType>
            </attribute>
        </class>
        <class name="TrustCategory">
            <description>Represents a group of trusted certificates that can be referenced by Credential Users on the ME.</description>
            <attribute name="trustCategoryId">
                <description>The value component of the RDN.</description>
                <mandatory/>
                <noNotification/>
                <restricted/>
                <key/>
                <dataType>
                    <string/>
                </dataType>
            </attribute>
            <attribute name="userLabel">
                <description>An additional descriptive text.</description>
                <domainExtension domain="ECIM">
                    <extension name="isNillable" value="true"/>
                </domainExtension>
                <dataType>
                    <string/>
                </dataType>
            </attribute>
            <attribute name="trustedCertificates">
                <description>The list of trusted certificates that belongs to this trust category.

Contains the Distinguished Names of the TrustedCertificate Managed Objects.</description>
                <mandatory/>
                <dataType>
                    <sequence>
                        <moRef name="TrustedCertificate">
                            <mimName>ECIM_CertM</mimName>
                        </moRef>
                        <minLength>1</minLength>
                        <nonUnique/>
                    </sequence>
                </dataType>
            </attribute>
            <attribute name="reservedByUser">
                <description>Indicates the Distinguished Names of Credential User Managed Objects that refer to this TrustCategory MO.</description>
                <noNotification/>
                <readOnly/>
                <dataType>
                    <sequence>
                        <moRef name="ManagedObject"/>
                        <minLength>0</minLength>
                        <nonUnique/>
                    </sequence>
                </dataType>
            </attribute>
        </class>
        <class name="CertMCapabilities">
            <description>Contains the certificate management capabilities of the ME.</description>
            <systemCreated/>
            <attribute name="certMCapabilitiesId">
                <description>The value component of the RDN.</description>
                <mandatory/>
                <noNotification/>
                <restricted/>
                <key/>
                <dataType>
                    <string/>
                </dataType>
            </attribute>
            <attribute name="enrollmentSupport">
                <description>Indicates the enrollment methods supported by the ME.</description>
                <noNotification/>
                <readOnly/>
                <dataType>
                    <sequence>
                        <enumRef name="EnrollmentSupport">
                            <mimName>ECIM_CertM</mimName>
                        </enumRef>
                        <minLength>1</minLength>
                        <nonUnique/>
                    </sequence>
                </dataType>
            </attribute>
            <attribute name="fingerprintSupport">
                <description>The secure hash algorithm the ME supports for fingerprint calculation.

The attributes and parameters in the CertM model taking a fingerprint must be provided by calculating the fingerprint using the indicated algorithm.</description>
                <noNotification/>
                <readOnly/>
                <dataType>
                    <enumRef name="FingerprintSupport">
                        <mimName>ECIM_CertM</mimName>
                    </enumRef>
                </dataType>
            </attribute>
        </class>
        <class name="EnrollmentServer">
            <description>Represents an enrollment server that implements the Simple Certificate Enrollment Protocol (SCEP) or the Certificate Management Protocol (CMP).</description>
            <attribute name="enrollmentServerId">
                <description>The value component of the RDN.</description>
                <mandatory/>
                <noNotification/>
                <restricted/>
                <key/>
                <dataType>
                    <string/>
                </dataType>
            </attribute>
            <attribute name="userLabel">
                <description>An additional descriptive text.</description>
                <domainExtension domain="ECIM">
                    <extension name="isNillable" value="true"/>
                </domainExtension>
                <dataType>
                    <string/>
                </dataType>
            </attribute>
            <attribute name="enrollmentAuthority">
                <description>The Certification Authority or Registration Authority used by this enrollment server.

Represents the enrollment authority by the DN of the EnrollmentAuthority MO.</description>
                <mandatory/>
                <dataType>
                    <moRef name="EnrollmentAuthority">
                        <mimName>ECIM_CertM</mimName>
                    </moRef>
                </dataType>
            </attribute>
            <attribute name="uri">
                <description>The URI of the enrollment server.

The URI consists of a protocol, an IP or DNS address, and an optional port number. Specify the optional port designation by appending a colon followed by the port to the host part, for example, 192.168.33.27:8080. If no port is given, the default port is used.

In case of SCEP, the URI contains the relative URI of the enrollment CA HTTP CGI script path, which is the resource identifier of the resource on the server which will process the enrollment request.

Example for CMP: http://192.168.33.27:8080 or cmp://192.168.33.27
Example for SCEP: http://192.168.33.27:8080/cgi-bin/pkiclient.exe</description>
                <mandatory/>
                <dataType>
                    <string/>
                </dataType>
            </attribute>
            <attribute name="protocol">
                <description>The enrollment protocol.</description>
                <mandatory/>
                <dataType>
                    <enumRef name="EnrollmentProtocol">
                        <mimName>ECIM_CertM</mimName>
                    </enumRef>
                </dataType>
            </attribute>
        </class>
        <relationship name="CertM_to_EnrollmentServerGroup">
            <containment>
                <parent>
                    <hasClass name="CertM">
                        <mimName>ECIM_CertM</mimName>
                    </hasClass>
                </parent>
                <child>
                    <hasClass name="EnrollmentServerGroup">
                        <mimName>ECIM_CertM</mimName>
                    </hasClass>
                    <cardinality>
                        <min>0</min>
                    </cardinality>
                </child>
            </containment>
        </relationship>
        <relationship name="CertM_to_EnrollmentAuthority">
            <containment>
                <parent>
                    <hasClass name="CertM">
                        <mimName>ECIM_CertM</mimName>
                    </hasClass>
                </parent>
                <child>
                    <hasClass name="EnrollmentAuthority">
                        <mimName>ECIM_CertM</mimName>
                    </hasClass>
                    <cardinality>
                        <min>0</min>
                    </cardinality>
                </child>
            </containment>
        </relationship>
        <relationship name="CertM_to_TrustedCertificate">
            <containment>
                <parent>
                    <hasClass name="CertM">
                        <mimName>ECIM_CertM</mimName>
                    </hasClass>
                </parent>
                <child>
                    <hasClass name="TrustedCertificate">
                        <mimName>ECIM_CertM</mimName>
                    </hasClass>
                    <cardinality>
                        <min>0</min>
                    </cardinality>
                </child>
            </containment>
        </relationship>
        <relationship name="CertM_to_VendorCredential">
            <containment>
                <parent>
                    <hasClass name="CertM">
                        <mimName>ECIM_CertM</mimName>
                    </hasClass>
                </parent>
                <child>
                    <hasClass name="VendorCredential">
                        <mimName>ECIM_CertM</mimName>
                    </hasClass>
                    <cardinality>
                        <min>0</min>
                        <max>1</max>
                    </cardinality>
                </child>
            </containment>
        </relationship>
        <relationship name="CertM_to_NodeCredential">
            <containment>
                <parent>
                    <hasClass name="CertM">
                        <mimName>ECIM_CertM</mimName>
                    </hasClass>
                </parent>
                <child>
                    <hasClass name="NodeCredential">
                        <mimName>ECIM_CertM</mimName>
                    </hasClass>
                    <cardinality>
                        <min>0</min>
                    </cardinality>
                </child>
            </containment>
        </relationship>
        <relationship name="CertM_to_TrustCategory">
            <containment>
                <parent>
                    <hasClass name="CertM">
                        <mimName>ECIM_CertM</mimName>
                    </hasClass>
                </parent>
                <child>
                    <hasClass name="TrustCategory">
                        <mimName>ECIM_CertM</mimName>
                    </hasClass>
                    <cardinality>
                        <min>0</min>
                    </cardinality>
                </child>
            </containment>
        </relationship>
        <relationship name="CertM_to_CertMCapabilities">
            <containment>
                <parent>
                    <hasClass name="CertM">
                        <mimName>ECIM_CertM</mimName>
                    </hasClass>
                </parent>
                <child>
                    <hasClass name="CertMCapabilities">
                        <mimName>ECIM_CertM</mimName>
                    </hasClass>
                    <cardinality>
                        <min>1</min>
                        <max>1</max>
                    </cardinality>
                </child>
            </containment>
        </relationship>
        <relationship name="EnrollmentServerGroup_to_EnrollmentServer">
            <containment>
                <parent>
                    <hasClass name="EnrollmentServerGroup">
                        <mimName>ECIM_CertM</mimName>
                    </hasClass>
                </parent>
                <child>
                    <hasClass name="EnrollmentServer">
                        <mimName>ECIM_CertM</mimName>
                    </hasClass>
                    <cardinality>
                        <min>0</min>
                    </cardinality>
                </child>
            </containment>
        </relationship>
    </mim>
</models>
