<?xml version="1.0" encoding="utf-8"?>
<!-- 
  Copyright (c) 2012 Ericsson AB.
  All rights reserved
  
  DX ECIM Tool-chain generated this file on 07-Mar-2012 10:07:43 using 
    * ecim.m2m (2.0.3.201112211750)
    * ecim.m2t (2.0.3.201112211750) 
    * ecim.dsl (2.0.3.201112211750) 
    * ecim.edm (2.0.3.201112211750) 
--><!DOCTYPE models SYSTEM "mp.dtd">
<models>
    <dtdVersion>D</dtdVersion>
    <momMetaData>
        <momTitle>title</momTitle>
        <momSubTitle>sub title</momSubTitle>
        <momIdentity>
            <docNum>0</docNum>
            <docLang>English</docLang>
            <docRev>0</docRev>
            <docDate>date</docDate>
        </momIdentity>
    </momMetaData>
    <interMim>
        <relationship name="SystemFunctions_to_Pm">
            <containment>
                <parent>
                    <hasClass name="SystemFunctions">
                        <mimName>ECIM_Top</mimName>
                    </hasClass>
                </parent>
                <child>
                    <hasClass name="Pm">
                        <mimName>ECIM_PM</mimName>
                    </hasClass>
                    <cardinality>
                        <min>1</min>
                        <max>1</max>
                    </cardinality>
                </child>
            </containment>
        </relationship>
    </interMim>
    <mim author="eeiemy" contact="Enda Murphy" date="27/02/2012" docNo="" name="ECIM_PM" namespace="urn:com:ericsson:ecim:ECIM_PM" namespacePrefix="ecim_pm" organization="" release="2" revision="A" version="1">
        <description>Performance Management MOM. 
3GPP defines Performance Management in 3GPP 32.401.</description>
        <domainExtension domain="ECIM">
            <extension name="ecimMomName" value="ECIM_PM"/>
            <extension name="ecimMomVersion" value="1"/>
            <extension name="ecimMomRelease" value="2"/>
        </domainExtension>
        <struct name="MeasurementReaderNameValue">
            <description>This name value is used for real time monitoring.
The real time monitoring is set up using a PM job of type RealTimeJob.</description>
            <structMember name="currentValue">
                <description>Contains the real time value of the measurement.
This value can be read in conjunction with attribute lastUpdated to determine the value of counters in real time.</description>
                <string/>
            </structMember>
            <structMember name="lastUpdated">
                <description>Contains the last time that the currentValue has been set.
This attribute can be used to determine how recent the value supplied in currentValue is.</description>
                <derivedDataTypeRef name="DateTime">
                    <mimName>ECIM_Top</mimName>
                </derivedDataTypeRef>
            </structMember>
            <structMember name="moClassInstance">
                <description>Specifies the MO class instance that the real time measurement applies to.
This maps to the measObjLdn as defined in 3GPP 32.412.</description>
                <moRef name="ManagedObject"/>
            </structMember>
            <structMember name="suspectFlag">
                <description>Indicates if the collected measurement result is suspect.</description>
                <boolean>
                    <defaultValue>FALSE</defaultValue>
                </boolean>
            </structMember>
        </struct>
        <struct name="ManagedObjectClass">
            <description>This struct represents a Managed Object Class.</description>
            <structMember name="moClassName">
                <description>Contains the Managed Object Class name.</description>
                <string/>
            </structMember>
            <structMember name="mimName">
                <description>Contains the name of the MIM containing the Managed Object Class.

</description>
                <string/>
            </structMember>
            <structMember name="mimVersion">
                <description>Contains the version of the MIM containing the Managed Object Class.</description>
                <string/>
            </structMember>
            <structMember name="mimRelease">
                <description>Contains the release number of the MIM containing the Managed Object Class.</description>
                <string/>
            </structMember>
        </struct>
        <struct name="MeasurementSpecification">
            <description>This struct contains references which define which Measurements are associated with a MeasurementReader.</description>
            <structMember name="groupRef">
                <description>Reference to a PmGroup which can be associated with a MeasurementReader.
The MeasurementReader will therefore handle all the MeasurementTypes contained by the PmGroup.</description>
                <moRef name="PmGroup">
                    <mimName>ECIM_PM</mimName>
                </moRef>
            </structMember>
            <structMember name="measurementTypeRef">
                <description>Reference to a MeasurementType which can be associated with a MeasurementReader.
The MeasurementReader will handle this MeasurementType.</description>
                <moRef name="MeasurementType">
                    <mimName>ECIM_PM</mimName>
                </moRef>
            </structMember>
        </struct>
        <enum name="JobStartStopSupport">
            <description>Specifies if Performance Management jobs defined in NE can be started and stopped.</description>
            <enumMember name="NONE">
                <description>NONE - a job is started when it is created and will run until it is deleted.</description>
                <value>0</value>
            </enumMember>
            <enumMember name="BASIC">
                <description>BASIC - simple start/stop supported.</description>
                <value>1</value>
            </enumMember>
        </enum>
        <enum name="CollectionMethod">
            <description>The form in which measurement data for a Measurement Type  is obtained.</description>
            <enumMember name="CC">
                <description>Collection method is Cumulative Counter</description>
                <value>1</value>
            </enumMember>
            <enumMember name="GAUGE">
                <description>Collection method is Gauge - (dynamic variable), used when data being measured can vary up or down during the period of measurement.</description>
                <value>2</value>
            </enumMember>
            <enumMember name="DER">
                <description>Collection method is DER - (Discrete Event Registration), when data related to a particular event are captured every nth event is registered, where n can be 1 or larger.</description>
                <value>3</value>
            </enumMember>
            <enumMember name="SI">
                <description>Collection method is Status Inspection.</description>
                <value>4</value>
            </enumMember>
        </enum>
        <enum name="Aggregation">
            <description>The aggregation method for a Measurement Type.</description>
            <enumMember name="SUM">
                <description>Aggregation method = SUM</description>
                <value>2</value>
            </enumMember>
            <enumMember name="AVG">
                <description>Aggregation method = AVG</description>
                <value>3</value>
            </enumMember>
            <enumMember name="MIN">
                <description>Aggregation method = MIN</description>
                <value>4</value>
            </enumMember>
            <enumMember name="MAX">
                <description>Aggregation method = MAX</description>
                <value>5</value>
            </enumMember>
            <enumMember name="LAST_UPDATE">
                <description>Aggregation method = LAST_UPDATE</description>
                <value>6</value>
            </enumMember>
        </enum>
        <enum name="MeasurementStatus">
            <description>The Measurement status of a Measurement Type.</description>
            <enumMember name="USED">
                <description>Measurement status = Used. </description>
                <value>1</value>
            </enumMember>
            <enumMember name="DEPRECATED">
                <description>Measurement status = Deprecated.</description>
                <value>2</value>
            </enumMember>
            <enumMember name="OBSOLETE">
                <description>Measurement status = Obsolete.</description>
                <value>3</value>
            </enumMember>
            <enumMember name="PRELIMINARY">
                <description>MeasurementStatus = Preliminary.</description>
                <value>4</value>
            </enumMember>
        </enum>
        <enum name="ThresholdDirection">
            <description>The threshold direction of a Measurement Type value which raises the Performance Alarm severity.</description>
            <enumMember name="INCREASING">
                <description>Threshold direction = Increasing.</description>
                <value>1</value>
            </enumMember>
            <enumMember name="DECREASING">
                <description>Threshold Direction = Decreasing.</description>
                <value>2</value>
            </enumMember>
        </enum>
        <enum name="JobState">
            <description>PM job states.</description>
            <enumMember name="ACTIVE">
                <description>Job State = Active</description>
                <value>1</value>
            </enumMember>
            <enumMember name="STOPPED">
                <description>Job State = Stopped</description>
                <value>2</value>
            </enumMember>
        </enum>
        <enum name="JobType">
            <description>PM job types.</description>
            <enumMember name="MEASUREMENTJOB">
                <description>Job Type = Measurement Job.</description>
                <value>1</value>
            </enumMember>
            <enumMember name="THRESHOLDJOB">
                <description>Job Type = Threshold Job.</description>
                <value>2</value>
            </enumMember>
            <enumMember name="REALTIMEJOB">
                <description>Job Type = Real time Job.</description>
                <value>3</value>
            </enumMember>
        </enum>
        <enum name="JobPriority">
            <description>Job Priority.</description>
            <enumMember name="LOW">
                <description>Priority = Low</description>
                <value>1</value>
            </enumMember>
            <enumMember name="MEDIUM">
                <description>Priority = Medium</description>
                <value>2</value>
            </enumMember>
            <enumMember name="HIGH">
                <description>Priority = High</description>
                <value>3</value>
            </enumMember>
        </enum>
        <enum name="TimePeriod">
            <description>The different time periods associated with Performance Monitoring.</description>
            <enumMember name="ONE_MIN">
                <description>This represents a one minute time period.</description>
                <value>3</value>
            </enumMember>
            <enumMember name="FIVE_MIN">
                <description>This represents a five minute time period.</description>
                <value>4</value>
            </enumMember>
            <enumMember name="FIFTEEN_MIN">
                <description>This represents a 15 minute time period.</description>
                <value>5</value>
            </enumMember>
            <enumMember name="THIRTY_MIN">
                <description>This represents a 30 minute time period.</description>
                <value>6</value>
            </enumMember>
            <enumMember name="ONE_HOUR">
                <description>This represents a 1 hour time period.</description>
                <value>7</value>
            </enumMember>
            <enumMember name="TWELVE_HOUR">
                <description>This represents a 12 hour (720 minute)  time period.</description>
                <value>8</value>
            </enumMember>
            <enumMember name="ONE_DAY">
                <description>This represents a 24 hour (1440 minute)  time period.</description>
                <value>9</value>
            </enumMember>
            <enumMember name="TEN_SECONDS">
                <description>This represents a 10 second time period.</description>
                <value>1</value>
            </enumMember>
            <enumMember name="THIRTY_SECONDS">
                <description>This represents a 30 second time period.</description>
                <value>2</value>
            </enumMember>
        </enum>
        <class name="Pm">
            <description>The top class of the Performance Management model.
It is used to manage the Performance Management jobs and PM measurements.</description>
            <systemCreated/>
            <root/>
            <attribute name="pmId">
                <description>Unique Id.</description>
                <mandatory/>
                <noNotification/>
                <restricted/>
                <key/>
                <dataType>
                    <string/>
                </dataType>
            </attribute>
        </class>
        <class name="PmMeasurementCapabilities">
            <description>Contains the measurement capabilities of the ME.</description>
            <systemCreated/>
            <attribute name="pmMeasurementCapabilitiesId">
                <description>Unique Id.</description>
                <mandatory/>
                <noNotification/>
                <restricted/>
                <key/>
                <dataType>
                    <string/>
                </dataType>
            </attribute>
            <attribute name="maxNoOfJobs">
                <description>Specifies the maximum number of jobs that can be defined.
The default value of 0 means there is no limit to the number of jobs.
If this limit is exceeded, when a performance monitoring is created or started, the create job or start job operation is rejected.
This is an upper system limit, and may not be possible to be supported under high load conditions.</description>
                <noNotification/>
                <readOnly/>
                <dataType>
                    <uint16/>
                </dataType>
            </attribute>
            <attribute name="jobStartStopSupport">
                <description>Specifies if Performance Management jobs defined in the ME can be started and stopped, or not.
Possible values:
NONE : a job is started when it is created and will run until it is deleted.
BASIC : simple start/stop supported.</description>
                <noNotification/>
                <readOnly/>
                <dataType>
                    <enumRef name="JobStartStopSupport">
                        <defaultValue>BASIC</defaultValue>
                        <mimName>ECIM_PM</mimName>
                    </enumRef>
                </dataType>
            </attribute>
            <attribute name="finalROP">
                <description>Indicates if measurement file is expected for the last ROP.
When a measurement job is stopped this attribute will specify if a result file is expected for the last ROP (TRUE) or not (FALSE).</description>
                <noNotification/>
                <readOnly/>
                <dataType>
                    <boolean/>
                </dataType>
            </attribute>
            <attribute name="jobPrioritizationSupport">
                <description>Defines whether measurement jobs can be stopped by the system or not.
Measurement jobs can be stopped (TRUE) or not (FALSE) by the system, and this will be done based on the priority of the jobs. There is an attribute in the job (JobPriority) that sets the priority per job.</description>
                <noNotification/>
                <readOnly/>
                <dataType>
                    <boolean>
                        <defaultValue>false</defaultValue>
                    </boolean>
                </dataType>
            </attribute>
            <attribute name="maxNoOfMeasurements">
                <description>Defines the maximum number of counters instances (active counters) that can be reported in one ROP.
This is used by an NMS to determine the max PM data file size.
If the total number of simultaneously active counters becomes higher than the value defined in this attribute, an alarm is issued.
This is an upper system limit, and may not be possible to be supported under high load conditions.</description>
                <noNotification/>
                <readOnly/>
                <dataType>
                    <uint32/>
                </dataType>
            </attribute>
            <attribute name="maxNoOfPmFiles">
                <description>Specifies the maximum number of Result Output Period (ROP) files that are maintained in the ManagedElement.
If a new file is created and the limit is exceeded, the oldest file is deleted.
If the value is set to a lower value than before, files can be deleted to keep the number of stored files below the limit. The oldest file is deleted first.
This is an upper system limit, and may not be possible to be supported under high load conditions.</description>
                <noNotification/>
                <readOnly/>
                <dataType>
                    <uint16/>
                </dataType>
            </attribute>
            <attribute name="alignedReportingPeriod">
                <description>Defines whether the Managed Element aligns its reporting periods to the hour or not.</description>
                <noNotification/>
                <readOnly/>
                <dataType>
                    <boolean>
                        <defaultValue>true</defaultValue>
                    </boolean>
                </dataType>
            </attribute>
            <attribute name="measurementJobSupport">
                <description>Indicates if Managed Element supports Measurement Job Types.</description>
                <noNotification/>
                <readOnly/>
                <dataType>
                    <boolean>
                        <defaultValue>true</defaultValue>
                    </boolean>
                </dataType>
            </attribute>
            <attribute name="realTimeJobSupport">
                <description>Indicates if the Managed Element supports Realtime Jobs.</description>
                <noNotification/>
                <readOnly/>
                <dataType>
                    <boolean>
                        <defaultValue>true</defaultValue>
                    </boolean>
                </dataType>
            </attribute>
            <attribute name="thresholdJobSupport">
                <description>Indicates if the Managed Element supports Threshold Jobs.</description>
                <noNotification/>
                <readOnly/>
                <dataType>
                    <boolean>
                        <defaultValue>true</defaultValue>
                    </boolean>
                </dataType>
            </attribute>
            <attribute name="fileLocation">
                <description>Contains the path to the virtual file system on the node from which to fetch the measurement files.
This attribute will be set only if FileM is not present.</description>
                <noNotification/>
                <nonPersistent/>
                <readOnly/>
                <dataType>
                    <string/>
                </dataType>
            </attribute>
            <attribute name="fileGroup">
                <description>Contains the file storage path to the measurement files on the ME.
This attribute is only set if FileM is present, and refers to the file storage path. If this attribute is not set, then the file storage path is stored locally in the fileLocation attribute in PmMeasurementCapabilities.</description>
                <noNotification/>
                <nonPersistent/>
                <readOnly/>
                <dataType>
                    <moRef name="ManagedObject"/>
                </dataType>
            </attribute>
        </class>
        <class name="PmGroup">
            <description>A grouping of the measurements into logical grouping. 
Group is unique in the ME.</description>
            <systemCreated/>
            <attribute name="pmGroupId">
                <description>Unique Id of the PmGroup.</description>
                <mandatory/>
                <noNotification/>
                <restricted/>
                <key/>
                <dataType>
                    <string/>
                </dataType>
            </attribute>
            <attribute name="category">
                <description>Comma separated sequence of key words.
Used for categorization and searching for data among reports. E.g., KPI, Feature xx, etc...</description>
                <noNotification/>
                <readOnly/>
                <dataType>
                    <string/>
                </dataType>
            </attribute>
            <attribute name="consistentData">
                <description>Defines whether this group of data is guaranteed to be "consistent" or not.
Counter Data Consistency
In some NEs there are both detailed counters (e.g., #faildConnections and #succededConnections) as well as more high level summary counters (e.g., #totalConnections). 
A counter group is guaranteed to be "consistent" if it does not contain a summary counter whose value can be calculated based on other counters in that group, or if it does so but this calculation will always show the same value as the summary counter. 
This definition allows NE designers to group counters in a way to form consistent groups.</description>
                <noNotification/>
                <readOnly/>
                <dataType>
                    <boolean/>
                </dataType>
            </attribute>
            <attribute name="generation">
                <description>Determines if group concerns GSM, UMTS, EPS, combined (GSM+UMTS+EPS) or IMS measurements.
Values are defined in 3GPP standard 32:404.</description>
                <noNotification/>
                <readOnly/>
                <dataType>
                    <string/>
                </dataType>
            </attribute>
            <attribute name="switchingTechnology">
                <description>The Switching domain(s) this measurement is applicable to.
Values are defined in 3GPP standard 32:404.</description>
                <noNotification/>
                <readOnly/>
                <dataType>
                    <string/>
                </dataType>
            </attribute>
            <attribute name="validity">
                <description>States if the group is valid.
A group might not be valid if, for example, the feature that this group is used for is not available to the customer.</description>
                <noNotification/>
                <readOnly/>
                <dataType>
                    <boolean/>
                </dataType>
            </attribute>
            <attribute name="moClass">
                <description>The Managed Object Class that uses the Measurement Types in this PmGroup.</description>
                <noNotification/>
                <readOnly/>
                <dataType>
                    <structRef name="ManagedObjectClass">
                        <mimName>ECIM_PM</mimName>
                    </structRef>
                </dataType>
            </attribute>
            <attribute name="description">
                <description>Description of the PmGroup.</description>
                <noNotification/>
                <nonPersistent/>
                <readOnly/>
                <dataType>
                    <string/>
                </dataType>
            </attribute>
        </class>
        <class name="MeasurementType">
            <description>Defines a Measurement Type provided by the Managed Element.
Each of these Measurement Types will be included in an PmMeasurement library. This library will be used to co-ordinate the measurements within the network. Measurement Type is unique within the group.</description>
            <systemCreated/>
            <attribute name="measurementTypeId">
                <description>Unique Id of the MeasurementType.
A short form of the measurement name, which is used to identify the measurement type in the result files (not greater than 32 characters).</description>
                <mandatory/>
                <noNotification/>
                <restricted/>
                <key/>
                <dataType>
                    <string/>
                </dataType>
            </attribute>
            <attribute name="measurementName">
                <description>A descriptive name for this counter.
It will be the same name as measurementTypeId unless a name of more than 32 characters is required.</description>
                <noNotification/>
                <readOnly/>
                <dataType>
                    <string/>
                </dataType>
            </attribute>
            <attribute name="size">
                <description>Contains the size of the measurement in number of octets.</description>
                <noNotification/>
                <readOnly/>
                <dataType>
                    <uint16/>
                </dataType>
            </attribute>
            <attribute name="collectionMethod">
                <description>Contains the form in which this measurement data is obtained.
Possible Values:
CC -       Cumulative Counter
Gauge - Dynamic variable, used when data being measured can vary up or down during the period of measurement;
DER -     (Discrete Event Registration), when data related to a particular event are captured every nth event is registered, where n can be 1 or larger;
SI -         Status Inspection</description>
                <noNotification/>
                <readOnly/>
                <dataType>
                    <enumRef name="CollectionMethod">
                        <mimName>ECIM_PM</mimName>
                    </enumRef>
                </dataType>
            </attribute>
            <attribute name="description">
                <description>A readable explanation of this measurement.</description>
                <noNotification/>
                <readOnly/>
                <dataType>
                    <string/>
                </dataType>
            </attribute>
            <attribute name="condition">
                <description>Details the condition which causes the measurement result data to be updated.</description>
                <noNotification/>
                <readOnly/>
                <dataType>
                    <string/>
                </dataType>
            </attribute>
            <attribute name="aggregation">
                <description>Describes how the PM service aggregates the measurement values for measurement instances.
Possible Values:
SUM
AVG
MIN
MAX
LAST_UPDATE</description>
                <noNotification/>
                <readOnly/>
                <dataType>
                    <enumRef name="Aggregation">
                        <mimName>ECIM_PM</mimName>
                    </enumRef>
                </dataType>
            </attribute>
            <attribute name="measurementStatus">
                <description>Contains the status of the measurement.
If this is set to PRELIMINARY then the measurement is available and stepped in this version of the managed element, but is not yet approved.
If this is set to USED then the measurement is approved, available and stepped in this version of the managed element.
If it is set to OBSOLETE then the measurement is not available and not stepped in this version of the managed element.
If it is set to DEPRECATED then the measurement is available but it not stepped in this version of the managed element.
The status must go from (if used) PRELIMINARY (version x) to USED (version x=1) to DEPRECATED (version x+2) to OBSOLETE (version x+3).
Possible Values:
PRELIMINARY 
USED 
OBSOLETE 
DEPRECATED</description>
                <noNotification/>
                <readOnly/>
                <dataType>
                    <enumRef name="MeasurementStatus">
                        <mimName>ECIM_PM</mimName>
                    </enumRef>
                </dataType>
            </attribute>
            <attribute name="measurementResult">
                <description>Contains a description of expected result value(s).
For example, result is expected as a single integer value. See 3GPP 32.404.</description>
                <noNotification/>
                <readOnly/>
                <dataType>
                    <string/>
                </dataType>
            </attribute>
            <attribute name="multiplicity">
                <description>Where a counter is an array of values, this attribute represents the size of the array.</description>
                <noNotification/>
                <nonPersistent/>
                <readOnly/>
                <dataType>
                    <int16/>
                </dataType>
            </attribute>
            <attribute name="initialValue">
                <description>Defines the initial value which a counter shall be set to at the beginning of a new granularity period.
This attribute is only valid if resetAtGranPeriod = TRUE.</description>
                <noNotification/>
                <nonPersistent/>
                <readOnly/>
                <dataType>
                    <int32/>
                </dataType>
            </attribute>
            <attribute name="resetAtGranPeriod">
                <description>Specifies whether the value is reinitialised at the beginning of each granularity period.</description>
                <noNotification/>
                <nonPersistent/>
                <readOnly/>
                <dataType>
                    <boolean/>
                </dataType>
            </attribute>
            <attribute name="derSampleRate">
                <description>Specifies the sample rate for DER counters.
Defined as according to 3GPP 32.401.
Data related to a particular event is captured. Every nth event is registered, where n can be 1 or larger.
This attribute will define n.
This attribute is not valid for non-DER Measurement Types.</description>
                <noNotification/>
                <nonPersistent/>
                <readOnly/>
                <dataType>
                    <int16/>
                </dataType>
            </attribute>
            <attribute name="fmAlarmType">
                <description>FmAlarmType associated to Threshold.
It is assumed FmAlarmType is instantiated in the FM model.</description>
                <noNotification/>
                <readOnly/>
                <dataType>
                    <moRef name="FmAlarmType">
                        <mimName>ECIM_FM</mimName>
                    </moRef>
                </dataType>
            </attribute>
            <attribute name="thresholdDirection">
                <description>The threshold direction of a Measurement Type value which raises the Performance Alarm severity.
Possible Values:
INCREASING
DECREASING</description>
                <noNotification/>
                <readOnly/>
                <dataType>
                    <enumRef name="ThresholdDirection">
                        <defaultValue>INCREASING</defaultValue>
                        <mimName>ECIM_PM</mimName>
                    </enumRef>
                </dataType>
            </attribute>
        </class>
        <class name="PmThresholdMonitoring">
            <description>Contains configuration of each threshold for Threshold jobs.
To be able to monitor the overall health of the network, thresholds are used for generating Performance Alarms.
Performance alarms may not be cleared manually. Performance alarms shall be cleared when the threshold is (a) crossed or (b) reached in the opposite direction to the one that triggers the alarm.</description>
            <attribute name="pmThresholdMonitoringId">
                <description>Unique Id.</description>
                <mandatory/>
                <noNotification/>
                <restricted/>
                <key/>
                <dataType>
                    <string/>
                </dataType>
            </attribute>
            <attribute name="thresholdHigh">
                <description>Defines the high threshold level for this alarm severity.
For each pair of high and low threshold levels, one of them shall generate an alarm notification - or increase the severity of an existing alarm, and the other shall generate an alarm clear notification - or decrease the severity of an existing alarm. 
If the direction of the threshold is increasing, a new alarm (or severity increase of an existing alarm) will not be generated before the measurement value has (a) crossed or (b) reached the high level threshold value. 
Furthermore, an existing alarm will not be cleared (or its severity be decreased) before the measurement value has reached or crossed the low level threshold value. 
For decreasing thresholds, the opposite is applied. The hysteresis mechanism can be used for both Gauges and Cumulative Counters thresholds.</description>
                <mandatory/>
                <noNotification/>
                <dataType>
                    <int64/>
                </dataType>
            </attribute>
            <attribute name="thresholdLow">
                <description>Defines the low threshold level for this alarm severity.
For each pair of high and low threshold levels, one of them shall generate an alarm notification - or increase the severity of an existing alarm, and the other shall generate an alarm clear notification - or decrease the severity of an existing alarm. 
If the direction of the threshold is increasing, a new alarm (or severity increase of an existing alarm) will not be generated before the measurement value has (a) crossed or (b) reached the high level threshold value. 
Furthermore, an existing alarm will not be cleared (or its severity be decreased) before the measurement value has reached or crossed the low level threshold value. 
For decreasing thresholds, the opposite is applied. The hysteresis mechanism can be used for both Gauges and Cumulative Counters thresholds.</description>
                <mandatory/>
                <noNotification/>
                <dataType>
                    <int64/>
                </dataType>
            </attribute>
            <attribute name="thresholdSeverity">
                <description>Threshold severity.
One of the following Severity Levels shall be assigned per threshold, in order to raise a threshold alarm of this severity - or change an existing alarm to this severity - if that threshold is reached or crossed:
CRITICAL
MAJOR
MINOR
WARNING

The severity level CLEARED is not valid to be assigned for this attribute.</description>
                <domainExtension domain="ECIM">
                    <extension name="isNillable" value="true"/>
                </domainExtension>
                <noNotification/>
                <dataType>
                    <enumRef name="SeverityLevel">
                        <defaultValue>MINOR</defaultValue>
                        <mimName>ECIM_FM</mimName>
                    </enumRef>
                </dataType>
            </attribute>
        </class>
        <class name="PmJob">
            <description>Describes a defined measurement job on the Managed Element.
A PM Job defines the attributes required per job and also defines the measurements to be included in the resulting file. A new instance of the resource class will be created for every job and contains information on the group name and measurement names.</description>
            <attribute name="pmJobId">
                <description>Unique Id of the PmJob.</description>
                <mandatory/>
                <noNotification/>
                <restricted/>
                <key/>
                <dataType>
                    <string/>
                </dataType>
            </attribute>
            <attribute name="requestedJobState">
                <description>Contains the requested state of the PM job.
It represents the state that the Job has been ordered to reach.
Possible Values:
ACTIVE
STOPPED</description>
                <domainExtension domain="ECIM">
                    <extension name="isNillable" value="true"/>
                </domainExtension>
                <noNotification/>
                <dataType>
                    <enumRef name="JobState">
                        <defaultValue>ACTIVE</defaultValue>
                        <mimName>ECIM_PM</mimName>
                    </enumRef>
                </dataType>
            </attribute>
            <attribute name="granularityPeriod">
                <description>Contains the granularity period of the job.
The granularity period is the time between the initiation of two successive gatherings of measurement data. This is directly related to the ReportingPeriod as granularity can not be greater than reporting.
Possible Values (s=second,m=minute, h=hour): 10s,30s,1m, 5m, 15m, 30m, 1h, 12h, 24h.
Default Value: 15m.</description>
                <domainExtension domain="ECIM">
                    <extension name="isNillable" value="true"/>
                </domainExtension>
                <noNotification/>
                <dataType>
                    <enumRef name="TimePeriod">
                        <defaultValue>FIFTEEN_MIN</defaultValue>
                        <mimName>ECIM_PM</mimName>
                    </enumRef>
                </dataType>
            </attribute>
            <attribute name="reportingPeriod">
                <description>Contains the reporting period of the result file.
This is directly related to the granularity period as granularity can not be greater than reporting.
Possible Values (s=second,m=minute, h=hour): 10s,30s,1m, 5m, 15m, 30m, 1h, 12h, 24h.
Default Value: 15m.
Report files are generated only for jobs of jobType MeasurementJob.</description>
                <domainExtension domain="ECIM">
                    <extension name="isNillable" value="true"/>
                </domainExtension>
                <noNotification/>
                <dataType>
                    <enumRef name="TimePeriod">
                        <defaultValue>FIFTEEN_MIN</defaultValue>
                        <mimName>ECIM_PM</mimName>
                    </enumRef>
                </dataType>
            </attribute>
            <attribute name="jobPriority">
                <description>Contains the priority of the job.
Each job shall have a priority if priority in the PmMeasurementCapabilities is set to TRUE.
Possible values:
High
Medium
Low</description>
                <domainExtension domain="ECIM">
                    <extension name="isNillable" value="true"/>
                </domainExtension>
                <noNotification/>
                <dataType>
                    <enumRef name="JobPriority">
                        <defaultValue>MEDIUM</defaultValue>
                        <mimName>ECIM_PM</mimName>
                    </enumRef>
                </dataType>
            </attribute>
            <attribute name="jobType">
                <description>Contains the type of PM job.
Possible values are:
MeasurementJob - This job contains a group of measurement and the resulting data will be presented in an XML file. This file will then be available for collection.
ThresholdJob - This job contains a group of measurement and their associated thresholds. If a threshold is exceeded an alarm will be issued.
RealTimeJob - This job contains a group of measurement and their associated real time values.</description>
                <domainExtension domain="ECIM">
                    <extension name="isNillable" value="true"/>
                </domainExtension>
                <noNotification/>
                <dataType>
                    <enumRef name="JobType">
                        <defaultValue>MEASUREMENTJOB</defaultValue>
                        <mimName>ECIM_PM</mimName>
                    </enumRef>
                </dataType>
            </attribute>
            <attribute name="currentJobState">
                <description>Contains the current state of the PM job.
Possible Values:
ACTIVE
STOPPED</description>
                <noNotification/>
                <nonPersistent/>
                <readOnly/>
                <dataType>
                    <enumRef name="JobState">
                        <mimName>ECIM_PM</mimName>
                    </enumRef>
                </dataType>
            </attribute>
        </class>
        <class name="MeasurementReader">
            <description>Defines the measurement being counted in a particular PM job.
There can be many resources for each job (one for each counter or group).</description>
            <attribute name="measurementReaderId">
                <description>Unique Id.</description>
                <mandatory/>
                <noNotification/>
                <restricted/>
                <key/>
                <dataType>
                    <string/>
                </dataType>
            </attribute>
            <attribute name="measurementReaderNameValue">
                <description>Contains the real time measurement data.
Only used by a PM job of type RealTimeJob.</description>
                <noNotification/>
                <nonPersistent/>
                <readOnly/>
                <dataType>
                    <sequence>
                        <structRef name="MeasurementReaderNameValue">
                            <mimName>ECIM_PM</mimName>
                        </structRef>
                        <minLength>0</minLength>
                    </sequence>
                </dataType>
            </attribute>
            <attribute name="measurementSpecification">
                <description>This struct allows references to MeasurementTypes, and PmGroups containing MeasurementTypes, to be defined.</description>
                <mandatory/>
                <noNotification/>
                <dataType>
                    <structRef name="MeasurementSpecification">
                        <mimName>ECIM_PM</mimName>
                    </structRef>
                </dataType>
            </attribute>
        </class>
        <relationship name="Pm_to_PmMeasurementCapabilities">
            <containment>
                <parent>
                    <hasClass name="Pm">
                        <mimName>ECIM_PM</mimName>
                    </hasClass>
                </parent>
                <child>
                    <hasClass name="PmMeasurementCapabilities">
                        <mimName>ECIM_PM</mimName>
                    </hasClass>
                    <cardinality>
                        <min>1</min>
                        <max>1</max>
                    </cardinality>
                </child>
            </containment>
        </relationship>
        <relationship name="Pm_to_PmGroup">
            <containment>
                <parent>
                    <hasClass name="Pm">
                        <mimName>ECIM_PM</mimName>
                    </hasClass>
                </parent>
                <child>
                    <hasClass name="PmGroup">
                        <mimName>ECIM_PM</mimName>
                    </hasClass>
                    <cardinality>
                        <min>0</min>
                    </cardinality>
                </child>
            </containment>
        </relationship>
        <relationship name="Pm_to_PmJob">
            <containment>
                <parent>
                    <hasClass name="Pm">
                        <mimName>ECIM_PM</mimName>
                    </hasClass>
                </parent>
                <child>
                    <hasClass name="PmJob">
                        <mimName>ECIM_PM</mimName>
                    </hasClass>
                    <cardinality>
                        <min>0</min>
                    </cardinality>
                </child>
            </containment>
        </relationship>
        <relationship name="PmGroup_to_MeasurementType">
            <containment>
                <parent>
                    <hasClass name="PmGroup">
                        <mimName>ECIM_PM</mimName>
                    </hasClass>
                </parent>
                <child>
                    <hasClass name="MeasurementType">
                        <mimName>ECIM_PM</mimName>
                    </hasClass>
                    <cardinality>
                        <min>1</min>
                    </cardinality>
                </child>
            </containment>
        </relationship>
        <relationship name="MeasurementReader_to_PmThresholdMonitoring">
            <containment>
                <parent>
                    <hasClass name="MeasurementReader">
                        <mimName>ECIM_PM</mimName>
                    </hasClass>
                </parent>
                <child>
                    <hasClass name="PmThresholdMonitoring">
                        <mimName>ECIM_PM</mimName>
                    </hasClass>
                    <cardinality>
                        <min>0</min>
                        <max>4</max>
                    </cardinality>
                </child>
            </containment>
        </relationship>
        <relationship name="PmJob_to_MeasurementReader">
            <containment>
                <parent>
                    <hasClass name="PmJob">
                        <mimName>ECIM_PM</mimName>
                    </hasClass>
                </parent>
                <child>
                    <hasClass name="MeasurementReader">
                        <mimName>ECIM_PM</mimName>
                    </hasClass>
                    <cardinality>
                        <min>1</min>
                    </cardinality>
                </child>
            </containment>
        </relationship>
    </mim>
</models>
