<?xml version="1.0" encoding="utf-8"?>
<!-- 
  Copyright (c) 2011 Ericsson AB.
  All rights reserved
  
  DX ECIM Tool-chain generated this file on 2011-okt-07 12:09:44 using 
    * ecim.m2m (1.4.3.201108311500)
    * ecim.m2t (1.4.3.201108311500) 
    * ecim.dsl (1.4.3.201108311500) 
    * ecim.edm (1.4.3.201108311500) 
--><!DOCTYPE models SYSTEM "mp.dtd">
<models>
    <dtdVersion>D</dtdVersion>
    <momMetaData>
        <momTitle>title</momTitle>
        <momSubTitle>sub title</momSubTitle>
        <momIdentity>
            <docNum>0</docNum>
            <docLang>English</docLang>
            <docRev>0</docRev>
            <docDate>date</docDate>
        </momIdentity>
    </momMetaData>
    <interMim>
        <relationship name="SystemFunctions_to_SwInventory">
            <containment>
                <parent>
                    <hasClass name="SystemFunctions">
                        <mimName>ECIM_Top</mimName>
                    </hasClass>
                </parent>
                <child>
                    <hasClass name="SwInventory">
                        <mimName>ECIM_SwIM</mimName>
                    </hasClass>
                    <cardinality>
                        <min>1</min>
                        <max>1</max>
                    </cardinality>
                </child>
            </containment>
        </relationship>
    </interMim>
    <mim author="ERAANEE" contact="EAB/FLJ/GSB Anders S-O Eriksson" date="2011-09-13" docNo="" name="ECIM_SwIM" namespace="urn:com:ericsson:ecim:ECIM_SwIM" namespacePrefix="ecim_swim" organization="EAB/FLJ/GSB" release="0" revision="B" version="1">
        <description>This is the software inventory model. It contains the software versions installed on the managed element. For each software version, the software items constituting the software version are listed.</description>
        <domainExtension domain="ECIM">
            <extension name="ecimMomName" value="ECIM_SwIM"/>
            <extension name="ecimMomVersion" value="1"/>
            <extension name="ecimMomRelease" value="0"/>
        </domainExtension>
        <struct name="ProductData">
            <description>Product data.</description>
            <structMember name="productName">
                <description>The name of the product.</description>
                <string/>
            </structMember>
            <structMember name="productNumber">
                <description>The product number of the product.</description>
                <string/>
            </structMember>
            <structMember name="productRevision">
                <description>The revision state of the product.</description>
                <string/>
            </structMember>
            <structMember name="productionDate">
                <description>The production date of the product.</description>
                <derivedDataTypeRef name="DateTimeWithoutOffset">
                    <mimName>ECIM_Top</mimName>
                </derivedDataTypeRef>
            </structMember>
            <structMember name="description">
                <description>Free text description of the product. The NMS may display this information, but it is not supposed to build any logic on this one.</description>
                <string/>
            </structMember>
            <structMember name="type">
                <description>Free text product type. The NMS may display this information, but it is not supposed to build any logic on this one.</description>
                <string/>
            </structMember>
        </struct>
        <class name="SwInventory">
            <description>This class is a singleton class, which has only structural purpose.</description>
            <systemCreated/>
            <root/>
            <attribute name="swInventoryId">
                <description>The value component of the RDN.</description>
                <mandatory/>
                <noNotification/>
                <restricted/>
                <key/>
                <dataType>
                    <string/>
                </dataType>
            </attribute>
            <attribute name="userLabel">
                <description>A label for free usage.</description>
                <domainExtension domain="ECIM">
                    <extension name="isNillable" value="true"/>
                </domainExtension>
                <noNotification/>
                <dataType>
                    <string/>
                </dataType>
            </attribute>
            <attribute name="active">
                <description>A reference to the active software version of a software domain. The software of a managed element can be stuctured into more than one software domain. The active software version(s) control the behavior of the managed element .</description>
                <mandatory/>
                <noNotification/>
                <dataType>
                    <sequence>
                        <moRef name="SwVersion">
                            <mimName>ECIM_SwIM</mimName>
                        </moRef>
                        <minLength>1</minLength>
                    </sequence>
                </dataType>
            </attribute>
        </class>
        <class name="SwVersion">
            <description>An instance of this class represents the overall software version of the managed element.</description>
            <systemCreated/>
            <dependenciesScript/>
            <attribute name="swVersionId">
                <description>The value component of the RDN.</description>
                <mandatory/>
                <noNotification/>
                <restricted/>
                <key/>
                <dataType>
                    <string/>
                </dataType>
            </attribute>
            <attribute name="userLabel">
                <description>A label for free usage.</description>
                <domainExtension domain="ECIM">
                    <extension name="isNillable" value="true"/>
                </domainExtension>
                <noNotification/>
                <dataType>
                    <string/>
                </dataType>
            </attribute>
            <attribute name="administrativeData">
                <description>The product identification of the software version instance.</description>
                <noNotification/>
                <readOnly/>
                <dataType>
                    <structRef name="ProductData">
                        <mimName>ECIM_SwIM</mimName>
                    </structRef>
                </dataType>
            </attribute>
            <attribute name="timeOfInstallation">
                <description>Indicates the time the software version was installed.</description>
                <noNotification/>
                <readOnly/>
                <dataType>
                    <derivedDataTypeRef name="DateTimeWithoutOffset">
                        <mimName>ECIM_Top</mimName>
                    </derivedDataTypeRef>
                </dataType>
            </attribute>
            <attribute name="timeOfActivation">
                <description>Indicates when the software version was activated. If no time is presented, then current software version has not been activated.</description>
                <noNotification/>
                <readOnly/>
                <dataType>
                    <derivedDataTypeRef name="DateTimeWithoutOffset">
                        <mimName>ECIM_Top</mimName>
                    </derivedDataTypeRef>
                </dataType>
            </attribute>
            <attribute name="timeOfDeactivation">
                <description>Indicates when the software version was deactivated. If no time is presented, then current software version has not been deactivated.</description>
                <noNotification/>
                <readOnly/>
                <dataType>
                    <derivedDataTypeRef name="DateTimeWithoutOffset">
                        <mimName>ECIM_Top</mimName>
                    </derivedDataTypeRef>
                </dataType>
            </attribute>
            <attribute name="consistsOf">
                <description>List of references to the software items the software version consists of.</description>
                <noNotification/>
                <readOnly/>
                <dataType>
                    <sequence>
                        <moRef name="SwItem">
                            <mimName>ECIM_SwIM</mimName>
                        </moRef>
                        <minLength>0</minLength>
                    </sequence>
                </dataType>
            </attribute>
        </class>
        <class name="SwItem">
            <description>A software item is an Ericsson product which contains entities that can become  piece(s) of executing software or a logical piece of information associated with an executing software.</description>
            <systemCreated/>
            <attribute name="swItemId">
                <description>The value component of RDN.</description>
                <mandatory/>
                <noNotification/>
                <restricted/>
                <key/>
                <dataType>
                    <string/>
                </dataType>
            </attribute>
            <attribute name="userLabel">
                <description>A label for free usage.</description>
                <domainExtension domain="ECIM">
                    <extension name="isNillable" value="true"/>
                </domainExtension>
                <noNotification/>
                <dataType>
                    <string/>
                </dataType>
            </attribute>
            <attribute name="administrativeData">
                <description>The product specification of the software item.</description>
                <noNotification/>
                <readOnly/>
                <dataType>
                    <structRef name="ProductData">
                        <mimName>ECIM_SwIM</mimName>
                    </structRef>
                </dataType>
            </attribute>
            <attribute name="additionalInfo">
                <description>This attribute is optional and can be used to describe any additional aspects of the software item relevant for the manager of the managed element.</description>
                <noNotification/>
                <readOnly/>
                <dataType>
                    <string/>
                </dataType>
            </attribute>
            <attribute name="consistsOf">
                <description>An optional reference which can be used to describe a hierarchical relationship between software items.</description>
                <noNotification/>
                <readOnly/>
                <dataType>
                    <sequence>
                        <moRef name="SwItem">
                            <mimName>ECIM_SwIM</mimName>
                        </moRef>
                        <minLength>0</minLength>
                    </sequence>
                </dataType>
            </attribute>
        </class>
        <relationship name="SwInventory_to_SwItem">
            <description>The software inventory may contain software items.</description>
            <containment>
                <parent>
                    <hasClass name="SwInventory">
                        <mimName>ECIM_SwIM</mimName>
                    </hasClass>
                </parent>
                <child>
                    <hasClass name="SwItem">
                        <mimName>ECIM_SwIM</mimName>
                    </hasClass>
                    <cardinality>
                        <min>0</min>
                    </cardinality>
                </child>
            </containment>
        </relationship>
        <relationship name="SwInventory_to_SwVersion">
            <description>The software inventory may contain software versions.</description>
            <containment>
                <parent>
                    <hasClass name="SwInventory">
                        <mimName>ECIM_SwIM</mimName>
                    </hasClass>
                </parent>
                <child>
                    <hasClass name="SwVersion">
                        <mimName>ECIM_SwIM</mimName>
                    </hasClass>
                    <cardinality>
                        <min>0</min>
                    </cardinality>
                </child>
            </containment>
        </relationship>
    </mim>
</models>
