<?xml version="1.0" encoding="UTF-8"?><!--
	Copyright (c) 2013 Ericsson AB. 
	All rights reserved 

	DX ECIM Tool-chain generated this file on Jun 28, 2013 1:54:33 PM using:
	* com.ericsson.ecim.m2m 2.6.3.201303181606
	* com.ericsson.ecim.dsl 2.6.3.201303181606
	* com.ericsson.ecim.edm 2.6.3.201303181606
--><!DOCTYPE models SYSTEM "mp.dtd">
<models>
    <dtdVersion>E1</dtdVersion>
    <momMetaData>
        <momTitle>MSRBS_V1</momTitle>
        <momSubTitle>Version CXP R1A</momSubTitle>
        <momIdentity>
            <docNum>0</docNum>
            <docLang>English</docLang>
            <docRev>0</docRev>
            <docDate>28.06.2013</docDate>
        </momIdentity>
    </momMetaData>
    
    
    <mim author="ERAASE" contact="Anders Carlsson" date="2012-05-10" docNo="" name="ComFm" namespace="urn:com:ericsson:ecim:ComFm" namespacePrefix="comfm" organization="EAB/FLE/CD" release="1" revision="" version="10">
        <description>COM FM model, based on ECIM FM Fragment.</description>
        <domainExtension domain="ECIM">
            <extension name="ecimMomName" value="ECIM_FM"/>
            <extension name="ecimMomVersion" value="2"/>
            <extension name="ecimMomRelease" value="0"/>
            <extension name="immNamespace" value="NONE"/>
        </domainExtension>
        <enum name="EventType">
            <description>This is a general category for the alarm or alert type. The allowed values are defined by ITU-T X.733 and X.736.</description>
            <enumMember name="OTHER">
                <value>1</value>
            </enumMember>
            <enumMember name="COMMUNICATIONSALARM">
                <value>2</value>
            </enumMember>
            <enumMember name="QUALITYOFSERVICEALARM">
                <value>3</value>
            </enumMember>
            <enumMember name="PROCESSINGERRORALARM">
                <value>4</value>
            </enumMember>
            <enumMember name="EQUIPMENTALARM">
                <value>5</value>
            </enumMember>
            <enumMember name="ENVIRONMENTALALARM">
                <value>6</value>
            </enumMember>
            <enumMember name="INTEGRITYVIOLATION">
                <value>7</value>
            </enumMember>
            <enumMember name="OPERATIONALVIOLATION">
                <value>8</value>
            </enumMember>
            <enumMember name="PHYSICALVIOLATION">
                <value>9</value>
            </enumMember>
            <enumMember name="SECURITYSERVICEORMECHANISMVIOLATION">
                <value>10</value>
            </enumMember>
            <enumMember name="TIMEDOMAINVIOLATION">
                <value>11</value>
            </enumMember>
        </enum>
        <enum name="SeverityLevel">
            <description>The ENUM values are aligned to ERICSSON-ALARM-MIB numbering. The Indeterminiate severity level alarms (or alerts) are not supported as per Generic OaM Requirements (FM10).  &#13;
The ericsson Alarm MIB is compliant with the IETF understanding of the ITU X.733. &#13;
SnmpItuAlarmPercSeverity:&#13;
DESCRIPTION "The perceived severity of the alarm as specified in [X.733] and [X.736]."
SYNTAX INTEGER {cleared (1), indeterminate (2), critical (3), major (4), minor (5), warning (6)}</description>
            <enumMember name="CLEARED">
                <description>Aligned with ERICSSON-ALARM-MIB numbering.</description>
                <value>1</value>
            </enumMember>
            <enumMember name="CRITICAL">
                <description>Aligned with ERICSSON-ALARM-MIB numbering.</description>
                <value>3</value>
            </enumMember>
            <enumMember name="MAJOR">
                <description>Aligned with ERICSSON-ALARM-MIB numbering.</description>
                <value>4</value>
            </enumMember>
            <enumMember name="MINOR">
                <description>Aligned with ERICSSON-ALARM-MIB numbering.</description>
                <value>5</value>
            </enumMember>
            <enumMember name="WARNING">
                <description>Aligned with ERICSSON-ALARM-MIB numbering.</description>
                <value>6</value>
            </enumMember>
        </enum>
        <derivedDataType name="DateTime">
            <description>Represents the International Standard for the representation of date and time ( ISO 8601) . &#13;
The string format is "YYYY-MM-DDThh:mm:ss.SSSZ" (excluding quotes).&#13;
A DateTime string consists of a date part followed by a time part. When the time part represents local time, as opposed to UTC time indicated by Z as last character, an additional time offset part is added to the DateTime string.&#13;
&#13;
The following pattern describes the DateTime format in detail:&#13;
YYYY-MM-DDThh:mm:ss[.S+][Z|+-hh:mm]&#13;
Where:&#13;
YYYY = four digit year&#13;
MM = two digit month (01=January, etc.)&#13;
DD = two digit day of month (01 through 31)&#13;
T = time designator (shows start of time component)&#13;
hh = two digits of hour (00 through 23, AM/PM not allowed)&#13;
mm = two digits of minute (00 through 59)&#13;
ss = two digits of second (00 through 59, leap second not allowed)&#13;
S+ = one or more digits of decimal fraction of a second&#13;
Z = time is Coordinated Universal Time (UTC)&#13;
+- = + or - character indicating positive or negative offset to UTC &#13;
&#13;
DateTime values are compliant with ISO 8601 "Representation of dates and times" but are restricted according to RFC 3339 "Date and Time on the Internet: Timestamps". The DateTime format is further restricted:&#13;
- T and Z designators are upper case.&#13;
- . (dot) is used to indicate start of fractions of seconds (ISO 8601 also allows comma)</description>
            <baseType>
                <string>
                    <lengthRange>
                        <min>20</min>
                        <max>31</max>
                    </lengthRange>
                    <validValues>^([0-9]{4})-(1[0-2]|0[1-9])-(0[1-9]|[1|2][0-9]|3[0-1])T(0[0-9]|1[0-9]|2[0-4]):([0-5][0-9]):([0-5][0-9])([\.][0-9]+)*(([\+|\-](0[0-9]|1[0-9]|2[0-4])(:[0-5][0-9])?)|(Z))$</validValues>
                </string>
            </baseType>
        </derivedDataType>
        <derivedDataType name="ProbableCause">
            <description>Probable cause as specified in ITU recommendations M.3100, X.733 and X.736, and in ETSI recommendation GSM 12.11. This attribute value corresponds a Probable cause number. Reference the Ericsson Alarm Probable Cause MIB 4/196 03-CXC 172 7549 (Rev. A) to see the valid values for probable causes. &#13;
</description>
            <baseType>
                <uint32/>
            </baseType>
        </derivedDataType>
        <class name="Fm">
            <description>This is the fault management fragment and is used to manage the stateful alarms.</description>
            <systemCreated/>
            <root/>
            <attribute name="fmId">
                <description>Internal Id to unique identify MOC instance.</description>
                <mandatory/>
                <noNotification/>
                <restricted/>
                <key/>
                <dataType>
                    <string/>
                </dataType>
            </attribute>
            <attribute name="lastSequenceNo">
                <description>The last used sequence number for an alarm state change notification. With the Fm:lastChanged, an external system can determine if a resynchronization operation is needed, such as following a loss and restore of a communications link.  </description>
                <domainExtension domain="ECIM">
                    <extension name="isNillable" value="true"/>
                </domainExtension>
                <noNotification/>
                <readOnly/>
                <dataType>
                    <uint64>
                        <defaultValue>0</defaultValue>
                    </uint64>
                </dataType>
            </attribute>
            <attribute name="sumCritical">
                <description>Shows the number of active alarms with perceived severity 'critical'.</description>
                <domainExtension domain="ECIM">
                    <extension name="isNillable" value="true"/>
                </domainExtension>
                <noNotification/>
                <readOnly/>
                <dataType>
                    <uint32>
                        <defaultValue>0</defaultValue>
                    </uint32>
                </dataType>
            </attribute>
            <attribute name="sumMajor">
                <description>Shows the number of active alarms with perceived severity 'major'.</description>
                <domainExtension domain="ECIM">
                    <extension name="isNillable" value="true"/>
                </domainExtension>
                <noNotification/>
                <readOnly/>
                <dataType>
                    <uint32>
                        <defaultValue>0</defaultValue>
                    </uint32>
                </dataType>
            </attribute>
            <attribute name="sumMinor">
                <description>Shows the number of active alarms with perceived severity 'minor'.</description>
                <domainExtension domain="ECIM">
                    <extension name="isNillable" value="true"/>
                </domainExtension>
                <noNotification/>
                <readOnly/>
                <dataType>
                    <uint32>
                        <defaultValue>0</defaultValue>
                    </uint32>
                </dataType>
            </attribute>
            <attribute name="sumWarning">
                <description>Shows the number of active alarms with perceived severity 'warning'.</description>
                <domainExtension domain="ECIM">
                    <extension name="isNillable" value="true"/>
                </domainExtension>
                <noNotification/>
                <readOnly/>
                <dataType>
                    <uint32>
                        <defaultValue>0</defaultValue>
                    </uint32>
                </dataType>
            </attribute>
            <attribute name="totalActive">
                <description>This attribute shows the total number of currently active alarms, i.e. the total number of instantiated FmAlarm objects.</description>
                <domainExtension domain="ECIM">
                    <extension name="isNillable" value="true"/>
                </domainExtension>
                <noNotification/>
                <readOnly/>
                <dataType>
                    <uint32>
                        <defaultValue>0</defaultValue>
                    </uint32>
                </dataType>
            </attribute>
            <attribute name="lastChanged">
                <description>This attribute contains a timestamp of when any  Fm alarm has last changed.  With the Fm:lastSequenceNo, an external system can determine if a resynchronization operation is needed, such as following a loss and restore of a communications link.  </description>
                <domainExtension domain="ECIM">
                    <extension name="isNillable" value="true"/>
                </domainExtension>
                <noNotification/>
                <readOnly/>
                <dataType>
                    <derivedDataTypeRef name="DateTime">
                        <defaultValue/>
                        <mimName>ComFm</mimName>
                    </derivedDataTypeRef>
                </dataType>
            </attribute>
            <attribute name="heartbeatInterval">
                <description>The interval in seconds, with which a heartbeat event will be sent to all alarm and alert consumers.</description>
                <domainExtension domain="ECIM">
                    <extension name="isNillable" value="true"/>
                </domainExtension>
                <noNotification/>
                <dataType>
                    <uint32>
                        <defaultValue>60</defaultValue>
                    </uint32>
                </dataType>
            </attribute>
        </class>
        <class name="FmAlarmModel">
            <description>FmAlarmModel is a class that represents all alarm types (FmAlarmType) that can be generated from the managed element. This MOC is used for grouping FM Alarm types.</description>
            <systemCreated/>
            <attribute name="fmAlarmModelId">
                <description>Unique Id for MO instance</description>
                <mandatory/>
                <noNotification/>
                <restricted/>
                <key/>
                <dataType>
                    <string/>
                </dataType>
            </attribute>
        </class>
        <class name="FmAlarmType">
            <description>An Alarm type is a specific kind of alarm that can be reported, for example "power failure". Within Ericsson this maps to specific problem. In an X.733 context it maps to event type, probable cause, and specific problem. The Ericsson ECIM FM MOC uses integers major and minor to uniquely identify  Fm alarm types and assumes a 1:1 mapping to textual specific problems. The same principle is used for Alert types as is for Alarm types. The FmAlarmType MOC is used to model alarm and alert types.  &#13;
FmAlarmTypes are predefined Alarm types that are stored in FmAlarmType libraries. The predefined FmAlarmTypes contain all the data for a specific alarm type (i.e. Power failure). They are not considered as MOCs in ECIM. They are a predefined alarm type instance. There is however one specific FmAlarmType MOC. Refer to ECIM Tool-Chain (ET) User Guide (2/1553-LXA 119 613/3 ). The FmAlarmTypes are stored as XML files in the data model. Some applications may extend the model to instantiate FmAlarmTypes. This could be done for application specific purposes. NMS only reads FmAlarmTypes in XML format. &#13;
&#13;
</description>
            <systemCreated/>
            <attribute name="fmAlarmTypeId">
                <description>Unique Id for MO instance</description>
                <mandatory/>
                <noNotification/>
                <restricted/>
                <key/>
                <dataType>
                    <string/>
                </dataType>
            </attribute>
            <attribute name="majorType">
                <description>The attributes majorType and minorType are the two key attributes used to identify the Alarm Type.  Ericsson practice is to define alarm types according to a combination of event type, probable cause and specific problem.  Assignment of values for each alarm type shall be centrally administered.  </description>
                <domainExtension domain="ECIM">
                    <extension name="isNillable" value="true"/>
                </domainExtension>
                <noNotification/>
                <readOnly/>
                <dataType>
                    <uint32/>
                </dataType>
            </attribute>
            <attribute name="minorType">
                <description>The attributes majorType and minorType are the two key attributes used to identify the Alarm Type.  Ericsson practice is to define alarm types according to a combination of event type, probable cause and specific problem.  Assignment of values for each alarm type shall be centrally administered.  </description>
                <domainExtension domain="ECIM">
                    <extension name="isNillable" value="true"/>
                </domainExtension>
                <noNotification/>
                <readOnly/>
                <dataType>
                    <uint32/>
                </dataType>
            </attribute>
            <attribute name="moClasses">
                <description>This represents the Managed Object classes that can raise this alarm type.  This attribute contains a comma seperated list of Managed Object Classes types that use this AlarmType . This attribute shall be empty in the alarm type library and is filled out by the application designer when an alarm type is put into an instance model. See ECIM Tool-Chain User Guide 2/1553-LXA 119 613/3.</description>
                <domainExtension domain="ECIM">
                    <extension name="isNillable" value="true"/>
                </domainExtension>
                <noNotification/>
                <readOnly/>
                <dataType>
                    <string/>
                </dataType>
            </attribute>
            <attribute name="specificProblem">
                <description>This  provides further refinement to the information given in probableCause. The specificProblem is a unique string i.e no other Alarm type can have the same specificProblem value. </description>
                <domainExtension domain="ECIM">
                    <extension name="isNillable" value="true"/>
                </domainExtension>
                <noNotification/>
                <readOnly/>
                <dataType>
                    <string/>
                </dataType>
            </attribute>
            <attribute name="eventType">
                <description>This is a general category for the alarm or alert type. The allowed values are defined by ITU-T X.733 and X.736.&#13;
</description>
                <domainExtension domain="ECIM">
                    <extension name="isNillable" value="true"/>
                </domainExtension>
                <noNotification/>
                <readOnly/>
                <dataType>
                    <enumRef name="EventType">
                        <mimName>ComFm</mimName>
                    </enumRef>
                </dataType>
            </attribute>
            <attribute name="probableCause">
                <description>This attribute qualifies and provides further information on the reason for the event. A standard set of probableCause values is provided in the ERICSSON-ALARM-PC-MIB - 4/196 03-CXC 172 7549 rev A.</description>
                <domainExtension domain="ECIM">
                    <extension name="isNillable" value="true"/>
                </domainExtension>
                <noNotification/>
                <readOnly/>
                <dataType>
                    <derivedDataTypeRef name="ProbableCause">
                        <mimName>ComFm</mimName>
                    </derivedDataTypeRef>
                </dataType>
            </attribute>
            <attribute name="isStateful">
                <description>This indicates whether the Alarm Type is an alarm (i.e. has state) or an alert (i.e. has no state). TRUE indicates a stateful alarm and  FALSE indicates a stateless alarm.</description>
                <domainExtension domain="ECIM">
                    <extension name="isNillable" value="true"/>
                </domainExtension>
                <noNotification/>
                <readOnly/>
                <dataType>
                    <boolean/>
                </dataType>
            </attribute>
            <attribute name="additionalText">
                <description>this attribute is used by the application designer when creating an Alarm type to specify extra information that would not be contained in other FmAlarmType attributes. </description>
                <domainExtension domain="ECIM">
                    <extension name="isNillable" value="true"/>
                </domainExtension>
                <noNotification/>
                <readOnly/>
                <dataType>
                    <string/>
                </dataType>
            </attribute>
        </class>
        <class name="FmAlarm">
            <description>FmAlarm instance  models an alarm type that is reported at a specific time and for a specific managed object instance. The FmAlarm MOC will get the static data from the FmAlarmType . The  Managed alarming object instance and alarm type make the alarm instance unique within a managed element. FmAlarmType:majorType and FmAlarmType:minorType are the two key attributes used by an alarming object to identify the Alarm Type. Assignment of values for each alarm type shall be centrally administered.  &#13;
</description>
            <systemCreated/>
            <attribute name="fmAlarmId">
                <description>Unique Id for MO instance.</description>
                <mandatory/>
                <noNotification/>
                <restricted/>
                <key/>
                <dataType>
                    <string/>
                </dataType>
            </attribute>
            <attribute name="source">
                <description>This attribute is the DN pointer towards the alarming object.</description>
                <domainExtension domain="ECIM">
                    <extension name="isNillable" value="true"/>
                </domainExtension>
                <noNotification/>
                <readOnly/>
                <dataType>
                    <string/>
                </dataType>
            </attribute>
            <attribute name="lastEventTime">
                <description>This attribute is the timestamp of when the alarm was last updated, i.e. alarm status change or severity change. </description>
                <domainExtension domain="ECIM">
                    <extension name="isNillable" value="true"/>
                </domainExtension>
                <noNotification/>
                <readOnly/>
                <dataType>
                    <derivedDataTypeRef name="DateTime">
                        <mimName>ComFm</mimName>
                    </derivedDataTypeRef>
                </dataType>
            </attribute>
            <attribute name="sequenceNumber">
                <description>This attribute is the notification identity for this object instance. It is not the same as the fmAlarmId as multiple notifications may be sent for one alarm instance. This changes at every notification (i.e. severity change, alarm clear, etc).</description>
                <domainExtension domain="ECIM">
                    <extension name="isNillable" value="true"/>
                </domainExtension>
                <noNotification/>
                <readOnly/>
                <dataType>
                    <int64/>
                </dataType>
            </attribute>
            <attribute name="activeSeverity">
                <description>This attribute is used to define the current perceived severity level.  Attributes values are aligned to ITU-T X.733 Perceived Severity values</description>
                <domainExtension domain="ECIM">
                    <extension name="isNillable" value="true"/>
                </domainExtension>
                <noNotification/>
                <readOnly/>
                <dataType>
                    <enumRef name="SeverityLevel">
                        <mimName>ComFm</mimName>
                    </enumRef>
                </dataType>
            </attribute>
            <attribute name="additionalText">
                <description>This attribute gets its value from the FmAlarmType:additionalText attribute. For the attribute description see  FmAlarmType:additionalText attribute. </description>
                <domainExtension domain="ECIM">
                    <extension name="isNillable" value="true"/>
                </domainExtension>
                <noNotification/>
                <readOnly/>
                <dataType>
                    <string/>
                </dataType>
            </attribute>
            <attribute name="majorType">
                <description>The attributes majorType and minorType are the two key attributes used to identify the Alarm Type applicable to the raised alarm.  </description>
                <domainExtension domain="ECIM">
                    <extension name="isNillable" value="true"/>
                </domainExtension>
                <noNotification/>
                <readOnly/>
                <dataType>
                    <uint32/>
                </dataType>
            </attribute>
            <attribute name="minorType">
                <description>The attributes majorType and minorType are the two key attributes used to identify the Alarm Type.  </description>
                <domainExtension domain="ECIM">
                    <extension name="isNillable" value="true"/>
                </domainExtension>
                <noNotification/>
                <readOnly/>
                <dataType>
                    <uint32/>
                </dataType>
            </attribute>
            <attribute name="specificProblem">
                <description>This attribute gets its value from the FmAlarmType:specificProblem attribute. For the attribute description see  FmAlarmType:specificProblem attribute. </description>
                <domainExtension domain="ECIM">
                    <extension name="isNillable" value="true"/>
                </domainExtension>
                <noNotification/>
                <readOnly/>
                <dataType>
                    <string/>
                </dataType>
            </attribute>
            <attribute name="eventType">
                <description>This attribute gets its value from the FmAlarmType:eventType attribute. For the attribute description see  FmAlarmType:eventType attribute. </description>
                <domainExtension domain="ECIM">
                    <extension name="isNillable" value="true"/>
                </domainExtension>
                <noNotification/>
                <readOnly/>
                <dataType>
                    <enumRef name="EventType">
                        <mimName>ComFm</mimName>
                    </enumRef>
                </dataType>
            </attribute>
            <attribute name="probableCause">
                <description>This attribute gets its value from the FmAlarmType:probableCause attribute. For the attribute description see  FmAlarmType:probableCause attribute. </description>
                <domainExtension domain="ECIM">
                    <extension name="isNillable" value="true"/>
                </domainExtension>
                <noNotification/>
                <readOnly/>
                <dataType>
                    <derivedDataTypeRef name="ProbableCause">
                        <mimName>ComFm</mimName>
                    </derivedDataTypeRef>
                </dataType>
            </attribute>
            <attribute name="additionalInfo">
                <description>This attribute contains  further information in text format that is appended to an alarm.  The information is provided by the alarming object.</description>
                <domainExtension domain="ECIM">
                    <extension name="isNillable" value="true"/>
                </domainExtension>
                <noNotification/>
                <readOnly/>
                <dataType>
                    <string/>
                </dataType>
            </attribute>
        </class>
        <relationship name="Fm_to_FmAlarmModel">
            <containment>
                <parent>
                    <hasClass name="Fm">
                        <mimName>ComFm</mimName>
                    </hasClass>
                </parent>
                <child>
                    <hasClass name="FmAlarmModel">
                        <mimName>ComFm</mimName>
                    </hasClass>
                    <cardinality>
                        <min>1</min>
                    </cardinality>
                </child>
            </containment>
        </relationship>
        <relationship name="FmAlarmModel_to_FmAlarmType">
            <containment>
                <parent>
                    <hasClass name="FmAlarmModel">
                        <mimName>ComFm</mimName>
                    </hasClass>
                </parent>
                <child>
                    <hasClass name="FmAlarmType">
                        <mimName>ComFm</mimName>
                    </hasClass>
                    <cardinality>
                        <min>0</min>
                    </cardinality>
                </child>
            </containment>
        </relationship>
        <relationship name="Fm_to_FmAlarm">
            <containment>
                <parent>
                    <hasClass name="Fm">
                        <mimName>ComFm</mimName>
                    </hasClass>
                </parent>
                <child>
                    <hasClass name="FmAlarm">
                        <mimName>ComFm</mimName>
                    </hasClass>
                    <cardinality>
                        <min>0</min>
                    </cardinality>
                </child>
            </containment>
        </relationship>
    </mim>
    
    
    
    
    
    
    
    
    
    
    
    
    
    
    
    
    
    
    
    
    
    
    
    
    
    
    
    
    
    
    <interMim>
        <relationship name="SystemFunctions_to_Fm">
            <containment>
                <parent>
                    <hasClass name="SystemFunctions">
                        <mimName>ComTop</mimName>
                    </hasClass>
                </parent>
                <child>
                    <hasClass name="Fm">
                        <mimName>ComFm</mimName>
                    </hasClass>
                    <cardinality>
                        <min>1</min>
                        <max>1</max>
                    </cardinality>
                </child>
            </containment>
        </relationship>
    </interMim>
    
    
    
    
    
    
    
    
    
    
    
    
    
    
    
    
    
    
    
    
    
    
    
    
    
    
    
    
    
    
    
    
    
    
    
    
    
    
    
    
    
    
    
    
    
</models>