<?xml version="1.0" encoding="UTF-8"?><!--
	Copyright (c) 2013 Ericsson AB. 
	All rights reserved 

	DX ECIM Tool-chain generated this file on Jun 28, 2013 1:54:33 PM using:
	* com.ericsson.ecim.m2m 2.6.3.201303181606
	* com.ericsson.ecim.dsl 2.6.3.201303181606
	* com.ericsson.ecim.edm 2.6.3.201303181606
--><!DOCTYPE models SYSTEM "mp.dtd">
<models>
    <dtdVersion>E1</dtdVersion>
    <momMetaData>
        <momTitle>MSRBS_V1</momTitle>
        <momSubTitle>Version CXP R1A</momSubTitle>
        <momIdentity>
            <docNum>0</docNum>
            <docLang>English</docLang>
            <docRev>0</docRev>
            <docDate>28.06.2013</docDate>
        </momIdentity>
    </momMetaData>
    
    
    
    
    <mim author="ERAASC" contact="" date="2012-08-17" docNo="" name="ComLocalAuthorization" namespace="urn:com:ericsson:ecim:ComLocalAuthorization" namespacePrefix="comlocalauthorization" organization="EAB/FLE/CD" release="0" revision="" version="10">
        <description>Local Role Based Access Control (RBAC) model.</description>
        <domainExtension domain="ECIM">
            <extension name="ecimMomName" value="ECIM_Local_Authorization"/>
            <extension name="ecimMomVersion" value="1"/>
            <extension name="ecimMomRelease" value="1"/>
            <extension name="immNamespace" value="NONE"/>
        </domainExtension>
        <enum name="BasicAdmState">
            <description>The basic administrative states for a resource.</description>
            <enumMember name="LOCKED">
                <description>   The resource is administratively prohibited from performing services for its users.</description>
                <value>0</value>
            </enumMember>
            <enumMember name="UNLOCKED">
                <description>  The resource is administratively permitted to perform services for its users. This is independent of its inherent operability.</description>
                <value>1</value>
            </enumMember>
        </enum>
        <enum name="PermissionType">
            <description>Permission is the access right a role has on a target object specified by the ruleData attribute.&#13;
&#13;
Current permission types follow UNIX/Linux permission enumeration values as follows:&#13;
0 = NO_ACCESS&#13;
1 = X (EXECUTE)&#13;
4 = R (READ)&#13;
6 = RW (READ and WRITE)&#13;
7 = RWX (READ, WRITE and EXECUTE)&#13;
&#13;
Reserved values that are not included here are as follows (these values may be introduced at a later date, if required):&#13;
2 = W (WRITE)&#13;
3 = WX (WRITE and EXECUTE)&#13;
5 = RX (READ and EXECUTE)</description>
            <enumMember name="R">
                <description>Read only access right.  The user can read MOs and can get attribute values.</description>
                <value>4</value>
            </enumMember>
            <enumMember name="RW">
                <description>Read and write access right.  The user can create and delete MOs and set and get attribute values.</description>
                <value>6</value>
            </enumMember>
            <enumMember name="X">
                <description>Execute access right.  This is valid only for actions and specific commands</description>
                <value>1</value>
            </enumMember>
            <enumMember name="RWX">
                <description>Read, write and execute access rights.  The user can create and delete MOs and set and get attribute values and execute any actions.</description>
                <value>7</value>
            </enumMember>
            <enumMember name="NO_ACCESS">
                <description>The user has no read, write or execute rights to the MO.</description>
                <value>0</value>
            </enumMember>
        </enum>
        <derivedDataType name="RuleDataType">
            <description>The main purpose of this attribute is to specify the target Managed Object (MO) or MO Class (MOC) that the rule applies to. Entire sub-trees can be addressed as well as attributes and actions defined for a specific MO or MOC. Patterns are used for this purpose according to simplified regular expression syntax. Any regular expression can also be defined but has to be identified as such using a specific prefix ("regexp:").

Examples:
- Entire MO tree, that is the rule will match all Managed Objects:
ManagedElement,*

- All ipAddress and port attributes belonging to MOs of the Boo MO class:
ManagedElement,ApplFuncX,Boo.ipAddress|port

- Only the port attribute belonging to a specific instance of the Boo MOC:
ManagedElement=1,ApplFuncX=1,Boo=17.port

- All commands in the command module group System:
regexp:System-[a-zA-Z0-9]+</description>
            <baseType>
                <string>
                    <validValues>(^[A-Za-z0-9_]+(\.[A-Za-z0-9_]+)?(\=[A-Za-z0-9_]+)?(\,[A-Za-z0-9_]+(\.[A-Za-z0-9_]+)?(\=[A-Za-z0-9_]+)?)*((\.[A-Za-z0-9_]+(|[A-Za-z0-9_]+)*)|(\,\*)|(\.\*)|(\$))?$)|(^regexp:.*[A-Za-z0-9_]\+.*$)</validValues>
                </string>
            </baseType>
        </derivedDataType>
        <class name="Role">
            <description>Authorization roles that may be assigned to users.  Roles have a containment relationship to the rules which define the access controls to objects.</description>
            <systemCreated/>
            <attribute name="roleId">
                <description>The value component of the RDN</description>
                <mandatory/>
                <noNotification/>
                <restricted/>
                <key/>
                <dataType>
                    <string/>
                </dataType>
            </attribute>
            <attribute name="userLabel">
                <description>Freetext label providing additional description of the role</description>
                <domainExtension domain="ECIM">
                    <extension name="isNillable" value="true"/>
                </domainExtension>
                <noNotification/>
                <dataType>
                    <string/>
                </dataType>
            </attribute>
            <attribute name="roleName">
                <description>The name of the role that a user may have.  The name must match the role names retrieved from persistent storage</description>
                <domainExtension domain="ECIM">
                    <extension name="isNillable" value="true"/>
                </domainExtension>
                <noNotification/>
                <readOnly/>
                <dataType>
                    <string/>
                </dataType>
            </attribute>
        </class>
        <class name="Rule">
            <description>The rules that define the access control to objects.  Rules are contained by role(s) which may be then applied to users.</description>
            <systemCreated/>
            <attribute name="ruleId">
                <description>The value component of the RDN</description>
                <mandatory/>
                <noNotification/>
                <restricted/>
                <key/>
                <dataType>
                    <string/>
                </dataType>
            </attribute>
            <attribute name="userLabel">
                <description>Freetext label providing additional description of the rule</description>
                <domainExtension domain="ECIM">
                    <extension name="isNillable" value="true"/>
                </domainExtension>
                <noNotification/>
                <dataType>
                    <string/>
                </dataType>
            </attribute>
            <attribute name="permission">
                <description>Permission is the access right a role has on a target specified by the ruleData attribute. </description>
                <domainExtension domain="ECIM">
                    <extension name="isNillable" value="true"/>
                </domainExtension>
                <noNotification/>
                <readOnly/>
                <dataType>
                    <enumRef name="PermissionType">
                        <mimName>ComLocalAuthorization</mimName>
                    </enumRef>
                </dataType>
            </attribute>
            <attribute name="ruleData">
                <description>The main purpose of this attribute is to specify the target Managed Object (MO) or MO Class (MOC) that the rule applies to.  Entire sub-trees can be addressed as well as attributes and actions defined for a specific MO or MOC. Patterns are used for this purpose according to simplified regular expression syntax. Any regular expression can also be defined but has to be identified as such using a specific prefix. &#13;
MOs are specified using the 3GPP DN notation, for example "ManagedElement=1,ApplFuncX=2". In case the naming attribute is not the same as the MO Class name + "Id", the naming attribute is according to 3GPP part of the DN as well. This means that if ApplFuncX naming attribute is xyz, then the DN would be "ManagedElement=1,ApplFuncX.xyz=2". However, it is not required (and neither forbidden) to use this more elaborate form of DN. The naming attribute (xyz) can be omitted.  &#13;
MOCs are specified in their containment hierarchy separated by commas ','. For example: "ManagedElement,ApplFuncX".&#13;
&#13;
The same rule must not mix MO and MOC. The content of ruleData is either all MO or all MOC, which means that "ManagedElement,ApplFunc=1" is not valid.&#13;
Attributes and actions are specified after the MO or MOC separated by a dot '.'. Several attributes or actions can be specified for the same MO or MOC separated by the the bar '|' character.&#13;
The rule applies to a single MO or MOC and all of its attributes and actions unless the following notation is used:  &#13;
*   ...,MOC$&#13;
The rule applies only to the MOC itself and not to its attributes and actions. &#13;
*   ...,MOC.*&#13;
The rule applies to all attributes and actions belonging to the MO Class, but not to the MOC itself. &#13;
*   ...,MOC,*&#13;
The rule applies to the MOC and all its attributes and actions and all containing (child) MOCs and their attribute and actions.&#13;
&#13;
The above notations are also valid for MOs.&#13;
In addition the ruleData attribute can specify any Perl Compatible Regular Expressions. These regular expressions can be used by CLI Command Modules for tailored commands. The allowed content is specified by the CLI Command Module documentation. The only general restriction to these kinds of rule data is that they must start with "regexp:" plus something different from the wild card ".*". &#13;
Examples:&#13;
1)   Entire MO tree, that is the rule will match all Managed Objects:&#13;
ManagedElement,*&#13;
&#13;
2)   Only MOs and their attributes and actions of ManagedElement MOC:&#13;
ManagedElement &#13;
&#13;
3)   Only MOs of ManagedElement MOC (and not their attributes and actions):&#13;
ManagedElement$&#13;
&#13;
4)   A specific MO:&#13;
ManagedElement=1,Equipment=1,FRU=19&#13;
&#13;
5)   An entire sub-tree below and including a specific MO:&#13;
ManagedElement=1,Equipment=1,FRU=17,*&#13;
&#13;
6)   An entire sub-tree below and including a specific MO belonging to a MO class where the naming attribute is not equal to the MOC Name + "Id" (two examples are given, both are valid and describes exactly the same MO tree):&#13;
ManagedElement=1,Equipment=1,Abc.xyz=1,*&#13;
ManagedElement=1,Equipment=1,Abc=1,*&#13;
&#13;
7)   All port attributes belonging to MOs of the Boo MOC:&#13;
ManagedElement,ApplFuncX,Boo.port&#13;
&#13;
8)   All ipAddress and port attributes belonging to MOs of the Boo MO class:&#13;
ManagedElement,ApplFuncX,Boo.ipAddress|port&#13;
&#13;
9)   Only the port attribute belonging to a specific instance of the Boo MOC:&#13;
ManagedElement=1,ApplFuncX=1,Boo=17.port&#13;
&#13;
10)   The restart action on the ManagedElement MOC:&#13;
ManagedElement.restart&#13;
&#13;
11)   All commands in the command module group System:&#13;
regexp:System-[a-zA-Z0-9]+ &#13;
&#13;
</description>
                <domainExtension domain="ECIM">
                    <extension name="isNillable" value="true"/>
                </domainExtension>
                <noNotification/>
                <readOnly/>
                <dataType>
                    <derivedDataTypeRef name="RuleDataType">
                        <mimName>ComLocalAuthorization</mimName>
                    </derivedDataTypeRef>
                </dataType>
            </attribute>
        </class>
        <class name="LocalAuthorizationMethod">
            <description>Root MOC of the local authorization method. Roles and authorization rules are defined to build an RBAC model for controlling access to Managed Element resources such as Managed Objects, attributes, actions and CLI commands. </description>
            <systemCreated/>
            <root/>
            <attribute name="localAuthorizationMethodId">
                <description>The value component of the RDN.</description>
                <mandatory/>
                <noNotification/>
                <restricted/>
                <key/>
                <dataType>
                    <string/>
                </dataType>
            </attribute>
            <attribute name="administrativeState">
                <description>The administrative state of this authorization method</description>
                <mandatory/>
                <noNotification/>
                <dataType>
                    <enumRef name="BasicAdmState">
                        <mimName>ComLocalAuthorization</mimName>
                    </enumRef>
                </dataType>
            </attribute>
            <attribute name="userLabel">
                <description>Freetext label</description>
                <domainExtension domain="ECIM">
                    <extension name="isNillable" value="true"/>
                </domainExtension>
                <noNotification/>
                <dataType>
                    <string/>
                </dataType>
            </attribute>
        </class>
        <relationship name="Role_to_Rule">
            <containment>
                <parent>
                    <hasClass name="Role">
                        <mimName>ComLocalAuthorization</mimName>
                    </hasClass>
                </parent>
                <child>
                    <hasClass name="Rule">
                        <mimName>ComLocalAuthorization</mimName>
                    </hasClass>
                    <cardinality>
                        <min>1</min>
                    </cardinality>
                </child>
            </containment>
        </relationship>
        <relationship name="LocalAuthorizationMethod_to_Role">
            <containment>
                <parent>
                    <hasClass name="LocalAuthorizationMethod">
                        <mimName>ComLocalAuthorization</mimName>
                    </hasClass>
                </parent>
                <child>
                    <hasClass name="Role">
                        <mimName>ComLocalAuthorization</mimName>
                    </hasClass>
                    <cardinality>
                        <min>0</min>
                    </cardinality>
                </child>
            </containment>
        </relationship>
    </mim>
    
    
    
    
    
    
    
    
    
    
    
    
    
    
    
    
    
    
    
    
    
    
    
    
    
    
    
    
    
    
    <interMim>
        <relationship name="UserManagement_to_LocalAuthorizationMethod">
            <containment>
                <parent>
                    <hasClass name="UserManagement">
                        <mimName>ComSecM</mimName>
                    </hasClass>
                </parent>
                <child>
                    <hasClass name="LocalAuthorizationMethod">
                        <mimName>ComLocalAuthorization</mimName>
                    </hasClass>
                    <cardinality>
                        <min>1</min>
                        <max>1</max>
                    </cardinality>
                </child>
            </containment>
        </relationship>
    </interMim>
    
    
    
    
    
    
    
    
    
    
    
    
    
    
    
    
    
    
    
    
    
    
    
    
    
    
    
    
    
    
    
    
    
    
    
    
    
    
    
    
    
    
    
</models>