<?xml version="1.0" encoding="UTF-8"?><!--
	Copyright (c) 2013 Ericsson AB. 
	All rights reserved 

	DX ECIM Tool-chain generated this file on Jun 28, 2013 1:54:33 PM using:
	* com.ericsson.ecim.m2m 2.6.3.201303181606
	* com.ericsson.ecim.dsl 2.6.3.201303181606
	* com.ericsson.ecim.edm 2.6.3.201303181606
--><!DOCTYPE models SYSTEM "mp.dtd">
<models>
    <dtdVersion>E1</dtdVersion>
    <momMetaData>
        <momTitle>MSRBS_V1</momTitle>
        <momSubTitle>Version CXP R1A</momSubTitle>
        <momIdentity>
            <docNum>0</docNum>
            <docLang>English</docLang>
            <docRev>0</docRev>
            <docDate>28.06.2013</docDate>
        </momIdentity>
    </momMetaData>
    
    
    
    
    
    
    <mim author="Patrik Buhr" contact="QPATBUH" date="" docNo="" name="ComSnmp" namespace="urn:com:ericsson:ecim:ComSnmp" namespacePrefix="comsnmp" organization="EAB/FLE/CC" release="1" revision="A" version="10">
        <description>COM FM model, based on ECIM SNMP Fragment.</description>
        <domainExtension domain="ECIM">
            <extension name="immNamespace" value="NONE"/>
        </domainExtension>
        <struct name="EcimPassword">
            <description>This struct stores the password.</description>
            <structMember name="cleartext">
                <description>Indicates if the password is entered in cleartext or not. </description>
                <domainExtension domain="ECIM">
                    <extension name="isNillable" value="true"/>
                </domainExtension>
                <derivedDataTypeRef name="EcimEmpty">
                    <mimName>ComSnmp</mimName>
                </derivedDataTypeRef>
            </structMember>
            <structMember name="password">
                <description>Holds the password or passphrase text.</description>
                <domainExtension domain="ECIM">
                    <extension name="isKey" value="true"/>
                </domainExtension>
                <string/>
            </structMember>
        </struct>
        <struct name="HostAndPort">
            <description>Host (IP address or DNS name) and port number. </description>
            <structMember name="host">
                <description>IP address to listen for SNMP requests, typically 0.0.0.0, which means that requests on any interface is accepted. </description>
                <derivedDataTypeRef name="IpDNSAddress">
                    <mimName>ComSnmp</mimName>
                </derivedDataTypeRef>
            </structMember>
            <structMember name="port">
                <description>Port number used for listen for SNMP connections, typically 161 (which is the standard SNMP port). </description>
                <uint32/>
            </structMember>
        </struct>
        <enum name="SecurityLevel">
            <description>Tree types of security levels are supported: noAuthNoPriv, authNoPriv and authPriv.</description>
            <enumMember name="NO_AUTH_NO_PRIV">
                <value>1</value>
            </enumMember>
            <enumMember name="AUTH_NO_PRIV">
                <value>2</value>
            </enumMember>
            <enumMember name="AUTH_PRIV">
                <value>3</value>
            </enumMember>
        </enum>
        <enum name="AuthProtocol">
            <description>Valid values for authorization Protocol.</description>
            <enumMember name="NONE">
                <value>0</value>
            </enumMember>
            <enumMember name="MD5">
                <value>1</value>
            </enumMember>
            <enumMember name="SHA1">
                <value>2</value>
            </enumMember>
        </enum>
        <enum name="PrivProtocol">
            <description>Allowed values are DES and AES128 cipher</description>
            <enumMember name="NONE">
                <value>0</value>
            </enumMember>
            <enumMember name="DES">
                <value>1</value>
            </enumMember>
            <enumMember name="AES128">
                <value>2</value>
            </enumMember>
        </enum>
        <enum name="OperState">
            <description>The operational states of a resource.</description>
            <enumMember name="DISABLED">
                <description> The resource is  totally inoperable.</description>
                <value>0</value>
            </enumMember>
            <enumMember name="ENABLED">
                <description> The resource is partially or fully operable&#13;
</description>
                <value>1</value>
            </enumMember>
        </enum>
        <enum name="NotifyType">
            <description>The type of method to use, can be TRAP or INFORM.</description>
            <enumMember name="TRAP">
                <value>1</value>
            </enumMember>
            <enumMember name="INFORM">
                <value>2</value>
            </enumMember>
        </enum>
        <enum name="BasicAdmState">
            <description>The basic administrative states for a resource.&#13;
</description>
            <enumMember name="LOCKED">
                <description> The resource is administratively prohibited from performing services for its users.</description>
                <value>0</value>
            </enumMember>
            <enumMember name="UNLOCKED">
                <description> The resource is administratively permitted to perform services for its users. This is independent of its inherent operability.</description>
                <value>1</value>
            </enumMember>
        </enum>
        <derivedDataType name="EcimEmpty">
            <description>This type represents a leaf that does not have any value, it conveys information by its presence or absence.</description>
            <baseType>
                <boolean/>
            </baseType>
        </derivedDataType>
        <derivedDataType name="Timeout">
            <description>Restricts the Timeout intervals. 
</description>
            <baseType>
                <uint32>
                    <range>
                        <min>0</min>
                        <max>2147483647</max>
                    </range>
                </uint32>
            </baseType>
        </derivedDataType>
        <derivedDataType name="IpDNSAddress">
            <description>The IpDNSAddress type represents an IP address or a DNS domain name.&#13;
A version 4 IP address is specified in dotted quad notation, for example 130.100.92.154. RFC 791 describes the syntax details.&#13;
A version 6 IP address is specified by 8 groups of 16 bit hexadecimal values separated by colons, for example 2001:0db8:85a3:0000:0000:8a2e:0370:7334. RFC 4291 describes the syntax details.&#13;
A DNS name is specified as a fully qualified domain name, for example myhost.ericsson.com. Internet domain are loosely specified but RFC 1034 recommends a syntax.&#13;
</description>
            <baseType>
                <string>
                    <lengthRange>
                        <min>1</min>
                        <max>253</max>
                    </lengthRange>
                    <validValues>^((([0-9][1-9])|([1-9][0-9])|[1-9]|1[0-1][0-9]|12[0-6]|12[8-9]|1[3-9][0-9]|2[0-2][0-3])\.)((([2][5][0-5]|([2][0-4]|[1][0-9]|[0-9])?[0-9])\.){2})([2][5][0-5]|([2][0-4]|[1][0-9]|[0-9])?[0-9])$|^\s*((([0-9A-Fa-f]{1,4}:){7}(([0-9A-Fa-f]{1,4})|:))|(([0-9A-Fa-f]{1,4}:){6}(:|((25[0-5]|2[0-4]\d|[01]?\d{1,2})(\.(25[0-5]|2[0-4]\d|[01]?\d{1,2})){3})|(:[0-9A-Fa-f]{1,4})))|(([0-9A-Fa-f]{1,4}:){5}((:((25[0-5]|2[0-4]\d|[01]?\d{1,2})(\.(25[0-5]|2[0-4]\d|[01]?\d{1,2})){3})?)|((:[0-9A-Fa-f]{1,4}){1,2})))|(([0-9A-Fa-f]{1,4}:){4}(:[0-9A-Fa-f]{1,4}){0,1}((:((25[0-5]|2[0-4]\d|[01]?\d{1,2})(\.(25[0-5]|2[0-4]\d|[01]?\d{1,2})){3})?)|((:[0-9A-Fa-f]{1,4}){1,2})))|(([0-9A-Fa-f]{1,4}:){3}(:[0-9A-Fa-f]{1,4}){0,2}((:((25[0-5]|2[0-4]\d|[01]?\d{1,2})(\.(25[0-5]|2[0-4]\d|[01]?\d{1,2})){3})?)|((:[0-9A-Fa-f]{1,4}){1,2})))|(([0-9A-Fa-f]{1,4}:){2}(:[0-9A-Fa-f]{1,4}){0,3}((:((25[0-5]|2[0-4]\d|[01]?\d{1,2})(\.(25[0-5]|2[0-4]\d|[01]?\d{1,2})){3})?)|((:[0-9A-Fa-f]{1,4}){1,2})))|(([0-9A-Fa-f]{1,4}:)(:[0-9A-Fa-f]{1,4}){0,4}((:((25[0-5]|2[0-4]\d|[01]?\d{1,2})(\.(25[0-5]|2[0-4]\d|[01]?\d{1,2})){3})?)|((:[0-9A-Fa-f]{1,4}){1,2})))|(:(:[0-9A-Fa-f]{1,4}){0,5}((:((25[0-5]|2[0-4]\d|[01]?\d{1,2})(\.(25[0-5]|2[0-4]\d|[01]?\d{1,2})){3})?)|((:[0-9A-Fa-f]{1,4}){1,2})))|(((25[0-5]|2[0-4]\d|[01]?\d{1,2})(\.(25[0-5]|2[0-4]\d|[01]?\d{1,2})){3})))(%.+)?\s*$|^(([a-zA-Z]|[a-zA-Z][a-zA-Z0-9\-]*[a-zA-Z0-9])\.)*([A-Za-z]|[A-Za-z][A-Za-z0-9\-]*[A-Za-z0-9])$</validValues>
                </string>
            </baseType>
        </derivedDataType>
        <class name="Snmp">
            <description>Configuration of  the SNMP protocol.</description>
            <systemCreated/>
            <root/>
            <attribute name="snmpId">
                <description>The key attribute for Snmp.</description>
                <mandatory/>
                <noNotification/>
                <restricted/>
                <key/>
                <dataType>
                    <string/>
                </dataType>
            </attribute>
            <attribute name="operationalState">
                <description>Operational state signals the operational status of the SNMP functionality. If DISABLED, there is some problem that degrades the SNMP functionality. </description>
                <domainExtension domain="ECIM">
                    <extension name="isNillable" value="true"/>
                </domainExtension>
                <noNotification/>
                <readOnly/>
                <dataType>
                    <enumRef name="OperState">
                        <mimName>ComSnmp</mimName>
                    </enumRef>
                </dataType>
            </attribute>
            <attribute name="administrativeState">
                <description>The administrative state for the SNMP protocol. If LOCKED, no alarm, alerts or heartbeats are generated and
all users and views are disabled.</description>
                <domainExtension domain="ECIM">
                    <extension name="isNillable" value="true"/>
                </domainExtension>
                <noNotification/>
                <dataType>
                    <enumRef name="BasicAdmState">
                        <defaultValue>UNLOCKED</defaultValue>
                        <mimName>ComSnmp</mimName>
                    </enumRef>
                </dataType>
            </attribute>
            <attribute name="agentAddress">
                <description>A sequence of interfaces and ports which is used by the SNMP agent for listening on incomming SNMP requests. The typical configuration is IP address 0.0.0.0 and port 161, which means that the standard SNMP port is used on all interfaces. </description>
                <noNotification/>
                <dataType>
                    <sequence>
                        <structRef name="HostAndPort">
                            <mimName>ComSnmp</mimName>
                        </structRef>
                        <minLength>0</minLength>
                    </sequence>
                </dataType>
            </attribute>
        </class>
        <class name="SnmpTargetV1">
            <description>An SNMP target  defines a Trap receiver and gives access privileges. This class, defines V1 protocol attributes.</description>
            <attribute name="snmpTargetV1Id">
                <description>The key attribute for SnmpV1</description>
                <mandatory/>
                <noNotification/>
                <restricted/>
                <key/>
                <dataType>
                    <string/>
                </dataType>
            </attribute>
            <attribute name="community">
                <description>The SNMP community string.</description>
                <mandatory/>
                <noNotification/>
                <dataType>
                    <string/>
                </dataType>
            </attribute>
            <attribute name="administrativeState">
                <description>Administrative state for the SNMP target. When LOCKED,  for this user traps will not be sent and access is not allowed. 
</description>
                <domainExtension domain="ECIM">
                    <extension name="isNillable" value="true"/>
                </domainExtension>
                <noNotification/>
                <dataType>
                    <enumRef name="BasicAdmState">
                        <defaultValue>UNLOCKED</defaultValue>
                        <mimName>ComSnmp</mimName>
                    </enumRef>
                </dataType>
            </attribute>
            <attribute name="address">
                <description>Host address (or DNS name) for the SNMP Trap target</description>
                <mandatory/>
                <noNotification/>
                <dataType>
                    <derivedDataTypeRef name="IpDNSAddress">
                        <mimName>ComSnmp</mimName>
                    </derivedDataTypeRef>
                </dataType>
            </attribute>
            <attribute name="port">
                <description>UDP port number for this SNMP trap target.</description>
                <domainExtension domain="ECIM">
                    <extension name="isNillable" value="true"/>
                </domainExtension>
                <noNotification/>
                <dataType>
                    <uint32>
                        <defaultValue>162</defaultValue>
                    </uint32>
                </dataType>
            </attribute>
            <attribute name="isMibWritable">
                <description>Specifies if target has write access to MIB or not. If false, the user is only allowed to perform read access (SNMP GET etc.)</description>
                <domainExtension domain="ECIM">
                    <extension name="isNillable" value="true"/>
                </domainExtension>
                <noNotification/>
                <dataType>
                    <boolean>
                        <defaultValue>true</defaultValue>
                    </boolean>
                </dataType>
            </attribute>
            <attribute name="operationalState">
                <description>Signals the operational status of this SNMP target. </description>
                <domainExtension domain="ECIM">
                    <extension name="isNillable" value="true"/>
                </domainExtension>
                <noNotification/>
                <readOnly/>
                <dataType>
                    <enumRef name="OperState">
                        <mimName>ComSnmp</mimName>
                    </enumRef>
                </dataType>
            </attribute>
        </class>
        <class name="SnmpTargetV2C">
            <description>An SNMP target  defines a Trap receiver and gives access privileges. This class, defines V2C protocol attributes</description>
            <attribute name="snmpTargetV2CId">
                <description>The key attribute for SnmpV2c</description>
                <mandatory/>
                <noNotification/>
                <restricted/>
                <key/>
                <dataType>
                    <string/>
                </dataType>
            </attribute>
            <attribute name="community">
                <description>The SNMP community string</description>
                <mandatory/>
                <noNotification/>
                <dataType>
                    <string/>
                </dataType>
            </attribute>
            <attribute name="informRetryCount">
                <description>Specifies the number of retries to be attempted when a response is not received for a generated message. This value has only relevance if transportMethod is set to INFORM.</description>
                <domainExtension domain="ECIM">
                    <extension name="isNillable" value="true"/>
                </domainExtension>
                <noNotification/>
                <dataType>
                    <uint32>
                        <defaultValue>1</defaultValue>
                    </uint32>
                </dataType>
            </attribute>
            <attribute name="address">
                <description>Host address (or DNS name) for the SNMP Trap target</description>
                <mandatory/>
                <noNotification/>
                <dataType>
                    <derivedDataTypeRef name="IpDNSAddress">
                        <mimName>ComSnmp</mimName>
                    </derivedDataTypeRef>
                </dataType>
            </attribute>
            <attribute name="port">
                <description>UDP or TCP port number for this SNMP trap target. If INFORM is used as transportMethod, a TCP port is used. If TRAP is used, an UDP port is used.</description>
                <domainExtension domain="ECIM">
                    <extension name="isNillable" value="true"/>
                </domainExtension>
                <noNotification/>
                <dataType>
                    <uint32>
                        <defaultValue>162</defaultValue>
                    </uint32>
                </dataType>
            </attribute>
            <attribute name="informTimeout">
                <description>Reflects the expected maximum delay time to master agent. When a message is sent to this address, and a response is not received within this time period, an implementation may assume that the response will not be delivered.&#13;
&#13;
 This value has only relevance if transportMethod is set to INFORM.&#13;
&#13;
The unit is centisecond (0.01 seconds).</description>
                <domainExtension domain="ECIM">
                    <extension name="isNillable" value="true"/>
                </domainExtension>
                <noNotification/>
                <dataType>
                    <derivedDataTypeRef name="Timeout">
                        <defaultValue>300</defaultValue>
                        <mimName>ComSnmp</mimName>
                    </derivedDataTypeRef>
                </dataType>
            </attribute>
            <attribute name="transportMethod">
                <description>The type of method to use, can be TRAP or INFORM.</description>
                <domainExtension domain="ECIM">
                    <extension name="isNillable" value="true"/>
                </domainExtension>
                <noNotification/>
                <dataType>
                    <enumRef name="NotifyType">
                        <defaultValue>TRAP</defaultValue>
                        <mimName>ComSnmp</mimName>
                    </enumRef>
                </dataType>
            </attribute>
            <attribute name="isMibWritable">
                <description>Specifies if target has write access to MIB or not. If false, the user is only allowed to perform read access (SNMP GET etc.)</description>
                <domainExtension domain="ECIM">
                    <extension name="isNillable" value="true"/>
                </domainExtension>
                <noNotification/>
                <dataType>
                    <boolean>
                        <defaultValue>true</defaultValue>
                    </boolean>
                </dataType>
            </attribute>
            <attribute name="operationalState">
                <description>Signals the operational status of this SNMP target. </description>
                <domainExtension domain="ECIM">
                    <extension name="isNillable" value="true"/>
                </domainExtension>
                <noNotification/>
                <readOnly/>
                <dataType>
                    <enumRef name="OperState">
                        <mimName>ComSnmp</mimName>
                    </enumRef>
                </dataType>
            </attribute>
            <attribute name="administrativeState">
                <description>Administrative state for the SNMP target. When LOCKED,  for this user traps will not be sent and access is not allowed. </description>
                <domainExtension domain="ECIM">
                    <extension name="isNillable" value="true"/>
                </domainExtension>
                <noNotification/>
                <dataType>
                    <enumRef name="BasicAdmState">
                        <defaultValue>UNLOCKED</defaultValue>
                        <mimName>ComSnmp</mimName>
                    </enumRef>
                </dataType>
            </attribute>
        </class>
        <class name="SnmpTargetV3">
            <description>An SNMP target  defines a Trap receiver and gives access privileges. This class, defines V3 protocol attributes</description>
            <attribute name="snmpTargetV3Id">
                <description>The key attribute for SnmpV3</description>
                <mandatory/>
                <noNotification/>
                <restricted/>
                <key/>
                <dataType>
                    <string/>
                </dataType>
            </attribute>
            <attribute name="user">
                <description>The SNMP V3 user name and the securityname for the SNMP V3 message. </description>
                <mandatory/>
                <noNotification/>
                <dataType>
                    <string/>
                </dataType>
            </attribute>
            <attribute name="authProtocol">
                <description>The authProtocols supported by COM are the MD5 and SHA1 cipher codes.</description>
                <domainExtension domain="ECIM">
                    <extension name="isNillable" value="true"/>
                </domainExtension>
                <noNotification/>
                <dataType>
                    <enumRef name="AuthProtocol">
                        <defaultValue>MD5</defaultValue>
                        <mimName>ComSnmp</mimName>
                    </enumRef>
                </dataType>
            </attribute>
            <attribute name="privProtocol">
                <description>The privProtocols supported by COM are the DES and AES128 cipher codes (or NONE).</description>
                <domainExtension domain="ECIM">
                    <extension name="isNillable" value="true"/>
                </domainExtension>
                <noNotification/>
                <dataType>
                    <enumRef name="PrivProtocol">
                        <defaultValue>DES</defaultValue>
                        <mimName>ComSnmp</mimName>
                    </enumRef>
                </dataType>
            </attribute>
            <attribute name="informRetryCount">
                <description>Specifies the number of retries to be attempted when a response is not received for a generated message. This value has only relevance if transportMethod is set to INFORM.</description>
                <domainExtension domain="ECIM">
                    <extension name="isNillable" value="true"/>
                </domainExtension>
                <noNotification/>
                <dataType>
                    <uint32>
                        <defaultValue>1</defaultValue>
                    </uint32>
                </dataType>
            </attribute>
            <attribute name="administrativeState">
                <description>Administrative state for the SNMP target. When LOCKED,  for this user traps will not be sent and access is not allowed. 
</description>
                <domainExtension domain="ECIM">
                    <extension name="isNillable" value="true"/>
                </domainExtension>
                <noNotification/>
                <dataType>
                    <enumRef name="BasicAdmState">
                        <defaultValue>UNLOCKED</defaultValue>
                        <mimName>ComSnmp</mimName>
                    </enumRef>
                </dataType>
            </attribute>
            <attribute name="address">
                <description>Host address (or DNS name) for the SNMP Trap target


</description>
                <mandatory/>
                <noNotification/>
                <dataType>
                    <derivedDataTypeRef name="IpDNSAddress">
                        <mimName>ComSnmp</mimName>
                    </derivedDataTypeRef>
                </dataType>
            </attribute>
            <attribute name="port">
                <description>UDP or TCP port number for this SNMP trap target. If INFORM is used as transportMethod, a TCP port is used. If TRAP is used, an UDP port is used.</description>
                <domainExtension domain="ECIM">
                    <extension name="isNillable" value="true"/>
                </domainExtension>
                <noNotification/>
                <dataType>
                    <uint32>
                        <defaultValue>162</defaultValue>
                    </uint32>
                </dataType>
            </attribute>
            <attribute name="informTimeout">
                <description>Reflect the expected maximum delay time to master agent. When a message is sent to this address, and a response is not received within this time period, an implementation may assume that the response will not be delivered.&#13;
&#13;
 This value has only relevance if transportMethod is set to INFORM.&#13;
&#13;
The unit is centisecond (0.01 seconds).</description>
                <domainExtension domain="ECIM">
                    <extension name="isNillable" value="true"/>
                </domainExtension>
                <noNotification/>
                <dataType>
                    <derivedDataTypeRef name="Timeout">
                        <defaultValue>300</defaultValue>
                        <mimName>ComSnmp</mimName>
                    </derivedDataTypeRef>
                </dataType>
            </attribute>
            <attribute name="transportMethod">
                <description>The type of method to use, can be TRAP or INFORM.</description>
                <domainExtension domain="ECIM">
                    <extension name="isNillable" value="true"/>
                </domainExtension>
                <noNotification/>
                <dataType>
                    <enumRef name="NotifyType">
                        <defaultValue>TRAP</defaultValue>
                        <mimName>ComSnmp</mimName>
                    </enumRef>
                </dataType>
            </attribute>
            <attribute name="snmpSecurityLevel">
                <description>Three types of security levels are supported: NO_AUTH_NO_PRIV (unauthenticated and unencrypted), AUTH_NO_PRIV (authenticated but unencrypted) and AUTH_PRIV (authenticated and encrypted).</description>
                <domainExtension domain="ECIM">
                    <extension name="isNillable" value="true"/>
                </domainExtension>
                <noNotification/>
                <dataType>
                    <enumRef name="SecurityLevel">
                        <defaultValue>AUTH_PRIV</defaultValue>
                        <mimName>ComSnmp</mimName>
                    </enumRef>
                </dataType>
            </attribute>
            <attribute name="privKey">
                <description>Encryption is performed by using a users privKey to encrypt the data portion the message being sent.</description>
                <mandatory/>
                <noNotification/>
                <dataType>
                    <structRef name="EcimPassword">
                        <mimName>ComSnmp</mimName>
                    </structRef>
                </dataType>
            </attribute>
            <attribute name="authKey">
                <description>Authentication is performed by using a users authKey to sign the message being sent.</description>
                <mandatory/>
                <noNotification/>
                <dataType>
                    <structRef name="EcimPassword">
                        <mimName>ComSnmp</mimName>
                    </structRef>
                </dataType>
            </attribute>
            <attribute name="isMibWritable">
                <description>Specifies if target has write access to MIB or not. If false, the user is only allowed to perform read access (SNMP GET etc.)</description>
                <domainExtension domain="ECIM">
                    <extension name="isNillable" value="true"/>
                </domainExtension>
                <noNotification/>
                <dataType>
                    <boolean>
                        <defaultValue>true</defaultValue>
                    </boolean>
                </dataType>
            </attribute>
            <attribute name="operationalState">
                <description>Reflects the operational status of this SNMP target. </description>
                <domainExtension domain="ECIM">
                    <extension name="isNillable" value="true"/>
                </domainExtension>
                <noNotification/>
                <readOnly/>
                <dataType>
                    <enumRef name="OperState">
                        <mimName>ComSnmp</mimName>
                    </enumRef>
                </dataType>
            </attribute>
        </class>
        <relationship name="Snmp_to_SnmpTargetV2C">
            <containment>
                <parent>
                    <hasClass name="Snmp">
                        <mimName>ComSnmp</mimName>
                    </hasClass>
                </parent>
                <child>
                    <hasClass name="SnmpTargetV2C">
                        <mimName>ComSnmp</mimName>
                    </hasClass>
                    <cardinality>
                        <min>0</min>
                    </cardinality>
                </child>
            </containment>
        </relationship>
        <relationship name="Snmp_to_SnmpTargetV3">
            <containment>
                <parent>
                    <hasClass name="Snmp">
                        <mimName>ComSnmp</mimName>
                    </hasClass>
                </parent>
                <child>
                    <hasClass name="SnmpTargetV3">
                        <mimName>ComSnmp</mimName>
                    </hasClass>
                    <cardinality>
                        <min>0</min>
                    </cardinality>
                </child>
            </containment>
        </relationship>
        <relationship name="Snmp_to_SnmpTargetV1">
            <containment>
                <parent>
                    <hasClass name="Snmp">
                        <mimName>ComSnmp</mimName>
                    </hasClass>
                </parent>
                <child>
                    <hasClass name="SnmpTargetV1">
                        <mimName>ComSnmp</mimName>
                    </hasClass>
                    <cardinality>
                        <min>0</min>
                    </cardinality>
                </child>
            </containment>
        </relationship>
    </mim>
    
    
    
    
    
    
    
    
    
    
    
    
    
    
    
    
    
    
    
    
    
    
    
    
    
    
    
    
    
    
    <interMim>
        <relationship name="SysM_to_Snmp">
            <containment>
                <parent>
                    <hasClass name="SysM">
                        <mimName>ComSysM</mimName>
                    </hasClass>
                </parent>
                <child>
                    <hasClass name="Snmp">
                        <mimName>ComSnmp</mimName>
                    </hasClass>
                    <cardinality>
                        <min>1</min>
                        <max>1</max>
                    </cardinality>
                </child>
            </containment>
        </relationship>
    </interMim>
    
    
    
    
    
    
    
    
    
    
    
    
    
    
    
    
    
    
    
    
    
    
    
    
    
    
    
    
    
    
    
    
    
    
    
    
    
    
    
    
    
</models>