<?xml version="1.0" encoding="UTF-8"?><!--
	Copyright (c) 2013 Ericsson AB. 
	All rights reserved 

	DX ECIM Tool-chain generated this file on Jun 28, 2013 1:54:33 PM using:
	* com.ericsson.ecim.m2m 2.6.3.201303181606
	* com.ericsson.ecim.dsl 2.6.3.201303181606
	* com.ericsson.ecim.edm 2.6.3.201303181606
--><!DOCTYPE models SYSTEM "mp.dtd">
<models>
    <dtdVersion>E1</dtdVersion>
    <momMetaData>
        <momTitle>MSRBS_V1</momTitle>
        <momSubTitle>Version CXP R1A</momSubTitle>
        <momIdentity>
            <docNum>0</docNum>
            <docLang>English</docLang>
            <docRev>0</docRev>
            <docDate>28.06.2013</docDate>
        </momIdentity>
    </momMetaData>
    
    
    
    
    
    
    
    <mim author="Vahagn Avedian" contact="ETXAVED" date="04/11/2011" docNo="" name="ComSysM" namespace="urn:com:ericsson:ecim:ComSysM" namespacePrefix="comsysm" organization="EAB/FLE/TA" release="0" revision="A" version="2">
        <description>The system management fragment is used to define the features that are used by other fragments or by the managed element itself. These include the schema for the managed element that will define the version handling for the model parts and the handling of the NTP server information.&#13;
</description>
        <domainExtension domain="ECIM">
            <extension name="ecimMomName" value="ECIM_SysM"/>
            <extension name="ecimMomVersion" value="2"/>
            <extension name="ecimMomRelease" value="0"/>
            <extension name="immNamespace" value="NONE"/>
        </domainExtension>
        <enum name="BasicAdmState">
            <description>The basic administrative states for a resource.&#13;
</description>
            <enumMember name="LOCKED">
                <description> The resource is administratively prohibited from performing services for its users.</description>
                <value>0</value>
            </enumMember>
            <enumMember name="UNLOCKED">
                <description> The resource is administratively permitted to perform services for its users. This is independent of its inherent operability.</description>
                <value>1</value>
            </enumMember>
        </enum>
        <derivedDataType name="IpDNSAddress">
            <description>The IpDNSAddress type represents an IP address or a DNS domain name.&#13;
A version 4 IP address is specified in dotted quad notation, for example 130.100.92.154. RFC 791 describes the syntax details.&#13;
A version 6 IP address is specified by 8 groups of 16 bit hexadecimal values separated by colons, for example 2001:0db8:85a3:0000:0000:8a2e:0370:7334. RFC 4291 describes the syntax details.&#13;
A DNS name is specified as a fully qualified domain name, for example myhost.ericsson.com. Internet domain are loosely specified but RFC 1034 recommends a syntax.&#13;
</description>
            <baseType>
                <string>
                    <lengthRange>
                        <min>1</min>
                        <max>253</max>
                    </lengthRange>
                    <validValues>^((([0-9][1-9])|([1-9][0-9])|[1-9]|1[0-1][0-9]|12[0-6]|12[8-9]|1[3-9][0-9]|2[0-2][0-3])\.)((([2][5][0-5]|([2][0-4]|[1][0-9]|[0-9])?[0-9])\.){2})([2][5][0-5]|([2][0-4]|[1][0-9]|[0-9])?[0-9])$|^\s*((([0-9A-Fa-f]{1,4}:){7}(([0-9A-Fa-f]{1,4})|:))|(([0-9A-Fa-f]{1,4}:){6}(:|((25[0-5]|2[0-4]\d|[01]?\d{1,2})(\.(25[0-5]|2[0-4]\d|[01]?\d{1,2})){3})|(:[0-9A-Fa-f]{1,4})))|(([0-9A-Fa-f]{1,4}:){5}((:((25[0-5]|2[0-4]\d|[01]?\d{1,2})(\.(25[0-5]|2[0-4]\d|[01]?\d{1,2})){3})?)|((:[0-9A-Fa-f]{1,4}){1,2})))|(([0-9A-Fa-f]{1,4}:){4}(:[0-9A-Fa-f]{1,4}){0,1}((:((25[0-5]|2[0-4]\d|[01]?\d{1,2})(\.(25[0-5]|2[0-4]\d|[01]?\d{1,2})){3})?)|((:[0-9A-Fa-f]{1,4}){1,2})))|(([0-9A-Fa-f]{1,4}:){3}(:[0-9A-Fa-f]{1,4}){0,2}((:((25[0-5]|2[0-4]\d|[01]?\d{1,2})(\.(25[0-5]|2[0-4]\d|[01]?\d{1,2})){3})?)|((:[0-9A-Fa-f]{1,4}){1,2})))|(([0-9A-Fa-f]{1,4}:){2}(:[0-9A-Fa-f]{1,4}){0,3}((:((25[0-5]|2[0-4]\d|[01]?\d{1,2})(\.(25[0-5]|2[0-4]\d|[01]?\d{1,2})){3})?)|((:[0-9A-Fa-f]{1,4}){1,2})))|(([0-9A-Fa-f]{1,4}:)(:[0-9A-Fa-f]{1,4}){0,4}((:((25[0-5]|2[0-4]\d|[01]?\d{1,2})(\.(25[0-5]|2[0-4]\d|[01]?\d{1,2})){3})?)|((:[0-9A-Fa-f]{1,4}){1,2})))|(:(:[0-9A-Fa-f]{1,4}){0,5}((:((25[0-5]|2[0-4]\d|[01]?\d{1,2})(\.(25[0-5]|2[0-4]\d|[01]?\d{1,2})){3})?)|((:[0-9A-Fa-f]{1,4}){1,2})))|(((25[0-5]|2[0-4]\d|[01]?\d{1,2})(\.(25[0-5]|2[0-4]\d|[01]?\d{1,2})){3})))(%.+)?\s*$|^(([a-zA-Z]|[a-zA-Z][a-zA-Z0-9\-]*[a-zA-Z0-9])\.)*([A-Za-z]|[A-Za-z][A-Za-z0-9\-]*[A-Za-z0-9])$</validValues>
                </string>
            </baseType>
        </derivedDataType>
        <class name="SysM">
            <description>This is the System Management MO. &#13;
&#13;
It is a parent to the MOs which represent the system level functions such as time handling and version handling.&#13;
&#13;
This MO is created automatically and cannot be deleted.&#13;
&#13;
The RDN of this MO is SysM=1.</description>
            <systemCreated/>
            <root/>
            <attribute name="sysMId">
                <description>The value component of the RDN.&#13;
&#13;
It is set automatically when the MO instance is created.</description>
                <mandatory/>
                <noNotification/>
                <restricted/>
                <key/>
                <dataType>
                    <string/>
                </dataType>
            </attribute>
            <attribute name="userLabel">
                <description>Label for free use.</description>
                <domainExtension domain="ECIM">
                    <extension name="isNillable" value="true"/>
                </domainExtension>
                <dataType>
                    <string/>
                </dataType>
            </attribute>
        </class>
        <class name="NtpServer">
            <description>The NtpServer MO represents a persistent NTP client mode network association with a specified remote server or local reference clock address. </description>
            <specification>RFC1305; RFC5905</specification>
            <attribute name="userLabel">
                <description>Label for free use.</description>
                <domainExtension domain="ECIM">
                    <extension name="isNillable" value="true"/>
                </domainExtension>
                <dataType>
                    <string/>
                </dataType>
            </attribute>
            <attribute name="ntpServerId">
                <description>The value component of the RDN.</description>
                <mandatory/>
                <noNotification/>
                <restricted/>
                <key/>
                <dataType>
                    <string/>
                </dataType>
            </attribute>
            <attribute name="serverAddress">
                <description>This is the address of the NTP server with which a persistent client server mode association will be made.&#13;
&#13;
The serverAddress represents either a V4 IP address,a V6 IP address or a DNS domain name.</description>
                <mandatory/>
                <dataType>
                    <derivedDataTypeRef name="IpDNSAddress">
                        <mimName>ComSysM</mimName>
                    </derivedDataTypeRef>
                </dataType>
            </attribute>
            <attribute name="administrativeState">
                <description>The administrative state enables or disables the operation of the NTP client function. This is a convenience function to permit some or all NtpServer instances to be temporarily disabled without having to delete the object.</description>
                <domainExtension domain="ECIM">
                    <extension name="isNillable" value="true"/>
                </domainExtension>
                <dataType>
                    <enumRef name="BasicAdmState">
                        <defaultValue>UNLOCKED</defaultValue>
                        <mimName>ComSysM</mimName>
                    </enumRef>
                </dataType>
            </attribute>
        </class>
        <class name="Schema">
            <description>The Schema MO represents a MIM model fragment whose corresponding functionality is operational in the Managed Element.</description>
            <systemCreated/>
            <attribute name="schemaId">
                <description>The value component of the RDN.&#13;
&#13;
It is set automatically at system upgrade or installation.</description>
                <mandatory/>
                <noNotification/>
                <restricted/>
                <key/>
                <dataType>
                    <string/>
                </dataType>
            </attribute>
            <attribute name="identifier">
                <description>The identifier attribute will represent the name of the data model fragment that the schema represents.&#13;
&#13;
Example: In the case of an mp.dtd based MIM it is the mim name of the data model of the model fragment.</description>
                <domainExtension domain="ECIM">
                    <extension name="isNillable" value="true"/>
                </domainExtension>
                <noNotification/>
                <readOnly/>
                <dataType>
                    <string/>
                </dataType>
            </attribute>
            <attribute name="baseModelIdentifier">
                <description>The base model identifier attribute represents the name of the common information model fragment that the data model fragment is derived from.</description>
                <domainExtension domain="ECIM">
                    <extension name="isNillable" value="true"/>
                </domainExtension>
                <noNotification/>
                <readOnly/>
                <dataType>
                    <string/>
                </dataType>
            </attribute>
            <attribute name="version">
                <description>The version attribute represents the full version information for the data model fragment that the schema represents. The version and release values will be concantenated with a . (dot).&#13;
&#13;
Example: In the case of an mp.dtd based MIM it is a concatenation of the mim version and release of the data model of the model fragment itself.</description>
                <domainExtension domain="ECIM">
                    <extension name="isNillable" value="true"/>
                </domainExtension>
                <noNotification/>
                <readOnly/>
                <dataType>
                    <string/>
                </dataType>
            </attribute>
            <attribute name="baseModelVersion">
                <description>The baseModelVersion attribute represents the full version information for the common information model fragment that the data model fragment is derived from. The version and release values will be concantenated with a . (dot). &#13;
&#13;
Example: In the case of an mp.dtd based MIM it is a concatenation of the mim version and mim release of the common information model fragment that the data model is derived from.</description>
                <domainExtension domain="ECIM">
                    <extension name="isNillable" value="true"/>
                </domainExtension>
                <noNotification/>
                <readOnly/>
                <dataType>
                    <string/>
                </dataType>
            </attribute>
            <attribute name="fileInformation">
                <description>This attribute contains a reference to the FileInformation MO which represents the Schema data model file,  if the FileInformation MO is supported by the Managed Element.&#13;
&#13;
This reference is presented in the form of the Distinguished Name of the referenced MO.</description>
                <domainExtension domain="ECIM">
                    <extension name="isNillable" value="true"/>
                </domainExtension>
                <noNotification/>
                <readOnly/>
                <dataType>
                    <moRef name="ManagedObject"/>
                </dataType>
            </attribute>
            <attribute name="location">
                <description>This attribute contains the path to the data model fragment schema file in the file system, including the file name.</description>
                <domainExtension domain="ECIM">
                    <extension name="isNillable" value="true"/>
                </domainExtension>
                <noNotification/>
                <readOnly/>
                <dataType>
                    <string/>
                </dataType>
            </attribute>
        </class>
        <relationship name="SysM_to_NtpServer">
            <containment>
                <parent>
                    <hasClass name="SysM">
                        <mimName>ComSysM</mimName>
                    </hasClass>
                </parent>
                <child>
                    <hasClass name="NtpServer">
                        <mimName>ComSysM</mimName>
                    </hasClass>
                    <cardinality>
                        <min>0</min>
                    </cardinality>
                </child>
            </containment>
        </relationship>
        <relationship name="SysM_to_Schema">
            <containment>
                <parent>
                    <hasClass name="SysM">
                        <mimName>ComSysM</mimName>
                    </hasClass>
                </parent>
                <child>
                    <hasClass name="Schema">
                        <mimName>ComSysM</mimName>
                    </hasClass>
                    <cardinality>
                        <min>2</min>
                    </cardinality>
                </child>
            </containment>
        </relationship>
    </mim>
    
    
    
    
    
    
    
    
    
    
    
    
    
    
    
    
    
    
    
    
    
    
    
    
    
    
    
    
    
    
    <interMim>
        <relationship name="SystemFunctions_to_SysM">
            <containment>
                <parent>
                    <hasClass name="SystemFunctions">
                        <mimName>ComTop</mimName>
                    </hasClass>
                </parent>
                <child>
                    <hasClass name="SysM">
                        <mimName>ComSysM</mimName>
                    </hasClass>
                    <cardinality>
                        <min>1</min>
                        <max>1</max>
                    </cardinality>
                </child>
            </containment>
        </relationship>
    </interMim>
    
    
    
    
    
    
    
    
    
    
    
    
    
    
    
    
    
    
    
    
    
    
    
    
    
    
    
    
    
    
    
    
    
    
    
    
    
    
    
    
</models>