<?xml version="1.0" encoding="UTF-8"?><!--
	Copyright (c) 2013 Ericsson AB. 
	All rights reserved 

	DX ECIM Tool-chain generated this file on Jun 28, 2013 1:54:33 PM using:
	* com.ericsson.ecim.m2m 2.6.3.201303181606
	* com.ericsson.ecim.dsl 2.6.3.201303181606
	* com.ericsson.ecim.edm 2.6.3.201303181606
--><!DOCTYPE models SYSTEM "mp.dtd">
<models>
    <dtdVersion>E1</dtdVersion>
    <momMetaData>
        <momTitle>MSRBS_V1</momTitle>
        <momSubTitle>Version CXP R1A</momSubTitle>
        <momIdentity>
            <docNum>0</docNum>
            <docLang>English</docLang>
            <docRev>0</docRev>
            <docDate>28.06.2013</docDate>
        </momIdentity>
    </momMetaData>
    
    <mim author="EMIKLIL" contact="EAB/FLE/CC Mikael Lilliestierna" date="2012-08-16" docNo="" name="ComTop" namespace="urn:com:ericsson:ecim:ComTop" namespacePrefix="comtop" organization="EAB/FLE/CC" release="2" revision="" version="3">
        <description>ECIM Top Level Model. This is the root level for the Ericsson Common Information Model. It contains the singleton, root Managed Object Class, ManagedElement under which the complete model is contained. Directly under ManagedElement are managed-function level classes SystemFunctions, Transport, Equipment  and the root MOC of any managed functions. The Equipment Root MOC is in the Equipment MOM.  The root MOC for a managed function is hosted in the managed function MOM.&#13;
</description>
        <domainExtension domain="ECIM">
            <extension name="ecimMomName" value="ECIM_Top"/>
            <extension name="ecimMomVersion" value="1"/>
            <extension name="ecimMomRelease" value="2"/>
            <extension name="immNamespace" value="NONE"/>
        </domainExtension>
        <struct name="ProductIdentity">
            <description>Contains product information for a Managed Element and Managed Function(s).  &#13;
This entity is deprecated.</description>
            <structMember name="productNumber">
                <description>The product number in Ericsson's ABC format.  See Ericsson Corporate Basic Standards for information.</description>
                <string/>
            </structMember>
            <structMember name="productRevision">
                <description>The product revision in the form R[1-9][A-Z].  See Ericsson Corporate Basic Standards for information.</description>
                <string/>
            </structMember>
            <structMember name="productDesignation">
                <description>The product designation is the common name for the product.  </description>
                <string/>
            </structMember>
        </struct>
        <derivedDataType name="DateTimeWithoutOffset">
            <description>Represents the local date and time ( ISO 8601) . &#13;
The following pattern describes the DateTimeWithoutOffset format in detail:&#13;
YYYY-MM-DDThh:mm:ss[.S+]&#13;
Where:&#13;
YYYY    = four digit year&#13;
MM      = two digit month (01=January, etc.)&#13;
DD      = two digit day of month (01 through 31)&#13;
T       = time designator (shows start of time component)&#13;
hh      = two digits of hour (00 through 23, AM/PM not allowed)&#13;
mm      = two digits of minute (00 through 59)&#13;
ss      = two digits of second (00 through 59, leap second not allowed)&#13;
S+      = one or more digits of decimal fraction of a second&#13;
&#13;
DateTimeWithoutOffset values are compliant with ISO 8601 (Representation of dates and times) but are restricted according to RFC 3339 (Date and Time on the Internet: Timestamps). The DateTimeWithoutOffset format is further restricted:&#13;
- T designator is upper case.&#13;
- . (dot) is used to indicate start of fractions of seconds (ISO 8601 also allows comma)&#13;
</description>
            <baseType>
                <string>
                    <lengthRange>
                        <min>19</min>
                        <max>19</max>
                    </lengthRange>
                    <validValues>^([0-9]{4})-(1[0-2]|0[1-9])-(0[1-9]|[1|2][0-9]|3[0-1])T(0[0-9]|1[0-9]|2[0-4]):([0-5][0-9]):([0-5][0-9])([\.][0-9]+)*$</validValues>
                </string>
            </baseType>
        </derivedDataType>
        <derivedDataType name="DifferenceFromUTC">
            <description>Time zone difference between the local current time  and UTC (Coordinated Universal Time).&#13;
The following format shall be used&#13;
[+/-]hh:mm&#13;
&#13;
It is expressed as positive (i.e. with the leading plus sign [+]) if the local time is ahead of or equal to UTC and as negative (i.e. with the leading minus sign [-]) if it is behind UTC.&#13;
Example:  +01:00</description>
            <baseType>
                <string>
                    <lengthRange>
                        <min>6</min>
                        <max>6</max>
                    </lengthRange>
                    <validValues>^([+|-])(0[0-9]|1[0-9]|2[0-4]):([0-5][0-9])$</validValues>
                </string>
            </baseType>
        </derivedDataType>
        <class name="ManagedElement">
            <description>The top-level class in the Common Information Model is the Managed Element root Managed Object Class (MOC).  &#13;
From this class, all model entities are contained.  The MOC has attributes that provide information on the Managed Element Identity, primary location and the products it contains.  </description>
            <systemCreated/>
            <root/>
            <attribute name="managedElementId">
                <description>The value component of the RDN.  &#13;
The allowed character set is defined by 3GPP TS 32.300.</description>
                <mandatory/>
                <noNotification/>
                <restricted/>
                <key/>
                <dataType>
                    <string/>
                </dataType>
            </attribute>
            <attribute name="siteLocation">
                <description>A freetext attribute describing the geographic location of a Managed Element.&#13;
</description>
                <domainExtension domain="ECIM">
                    <extension name="isNillable" value="true"/>
                </domainExtension>
                <dataType>
                    <string/>
                </dataType>
            </attribute>
            <attribute name="userLabel">
                <description>A freetext string for additional information to assist Managed Element identification.</description>
                <domainExtension domain="ECIM">
                    <extension name="isNillable" value="true"/>
                </domainExtension>
                <noNotification/>
                <dataType>
                    <string/>
                </dataType>
            </attribute>
            <attribute name="productIdentity">
                <description>Contains product information for the Managed Element and its Managed Function(s). &#13;
This attribute is deprecated.</description>
                <noNotification/>
                <dataType>
                    <sequence>
                        <structRef name="ProductIdentity">
                            <mimName>ComTop</mimName>
                        </structRef>
                        <minLength>0</minLength>
                    </sequence>
                </dataType>
                <deprecated/>
            </attribute>
            <attribute name="localDateTime">
                <description>This is the local date and time for the Managed Element.&#13;
The following format is used: YYYY-MM-DDThh:mm:ss&#13;
&#13;
The meaning of each field is as follows:&#13;
YYYY is a 4-digit year.&#13;
MM is the month within the year (starting with 01).&#13;
DD is the day within the month (starting with 01).&#13;
T is used as time designator to indicate the start of the time of day component in the expression.&#13;
hh is the hour within the day (24-hour clock, starting with 00).&#13;
mm is the minute within the hour (starting with 00).&#13;
ss is the second within the minute (starting with 00).&#13;
&#13;
The hyphen [-] and the colon [:] are used as separators within the date and time of day expressions, respectively.</description>
                <domainExtension domain="ECIM">
                    <extension name="isNillable" value="true"/>
                </domainExtension>
                <noNotification/>
                <dataType>
                    <derivedDataTypeRef name="DateTimeWithoutOffset">
                        <mimName>ComTop</mimName>
                    </derivedDataTypeRef>
                </dataType>
                <specification>ISO 8601:2004(E)</specification>
            </attribute>
            <attribute name="timeZone">
                <description>This is the timeZone that the Managed Element resides in.&#13;
The possible values for this attribute are defined in the public-domain zoneinfo (or Olson) database.&#13;
Locations are identified by a string indicating the continent or ocean and then the name of the location, which is typically the largest city within the region. &#13;
See http://www.twinsun.com/tz/tz-link.htm for more information.&#13;
&#13;
Example: Europe/Stockholm&#13;
</description>
                <domainExtension domain="ECIM">
                    <extension name="isNillable" value="true"/>
                </domainExtension>
                <dataType>
                    <string/>
                </dataType>
            </attribute>
            <attribute name="dateTimeOffset">
                <description>Difference between the value of the localDateTime attribute and UTC (Coordinated Universal Time).</description>
                <domainExtension domain="ECIM">
                    <extension name="isNillable" value="true"/>
                </domainExtension>
                <readOnly/>
                <dataType>
                    <derivedDataTypeRef name="DifferenceFromUTC">
                        <mimName>ComTop</mimName>
                    </derivedDataTypeRef>
                </dataType>
            </attribute>
            <attribute name="dnPrefix">
                <description>It provides additional naming context that allows  the managed objects to be partitioned into logical domains.&#13;
A Distingushed Name (DN) is defined by 3GPP TS 32.300  which splits the DN in a DN Prefix and Local DN e.g.   DN format: dnPrefix=&lt;DN Prefix&gt;, localDn =&lt;Local DN&gt;</description>
                <domainExtension domain="ECIM">
                    <extension name="isNillable" value="true"/>
                </domainExtension>
                <dataType>
                    <string/>
                </dataType>
            </attribute>
            <attribute name="managedElementType">
                <description>The type of product being managed. &#13;
For example the type could be  RBS or CSCF.</description>
                <noNotification/>
                <readOnly/>
                <dataType>
                    <string/>
                </dataType>
            </attribute>
            <attribute name="release">
                <description>The release of the type of product specified by the attribute managedElementType.&#13;
It commonly contains the Managed Element release e.g. L12.0, 13A, R1A </description>
                <readOnly/>
                <dataType>
                    <string/>
                </dataType>
            </attribute>
            <attribute name="networkManagedElementId">
                <description>Replaces the value component of the RDN in the COM Northbound Interface. This attribute shall, if used, be set to a simple alphanumeric value. The value should be unique within the network namespace.</description>
                <domainExtension domain="ECIM">
                    <extension name="isNillable" value="true"/>
                </domainExtension>
                <dataType>
                    <string/>
                </dataType>
            </attribute>
        </class>
        <class name="SystemFunctions">
            <description>This is a container class for all common OAM functions provided by the Managed Element.  &#13;
Examples of these functions include Fault Management, Performance Management, System Management and Heartbeat Management. </description>
            <systemCreated/>
            <attribute name="systemFunctionsId">
                <description>The value component of the RDN.  &#13;
The allowed character set is defined by 3GPP TS 32.300.</description>
                <mandatory/>
                <noNotification/>
                <restricted/>
                <key/>
                <dataType>
                    <string/>
                </dataType>
            </attribute>
        </class>
        <class name="Transport">
            <description>This is a container for common transport functions used within the Managed Element. &#13;
&#13;
</description>
            <systemCreated/>
            <attribute name="transportId">
                <description>The value component of the RDN.  &#13;
The allowed character set is defined by 3GPP TS 32.300.</description>
                <mandatory/>
                <noNotification/>
                <restricted/>
                <key/>
                <dataType>
                    <string/>
                </dataType>
            </attribute>
        </class>
        <relationship name="ManagedElement_to_SystemFunctions">
            <containment>
                <parent>
                    <hasClass name="ManagedElement">
                        <mimName>ComTop</mimName>
                    </hasClass>
                </parent>
                <child>
                    <hasClass name="SystemFunctions">
                        <mimName>ComTop</mimName>
                    </hasClass>
                    <cardinality>
                        <min>1</min>
                        <max>1</max>
                    </cardinality>
                </child>
            </containment>
        </relationship>
        <relationship name="ManagedElement_to_Transport">
            <description>Containment association of the Transport MOC</description>
            <containment>
                <parent>
                    <hasClass name="ManagedElement">
                        <mimName>ComTop</mimName>
                    </hasClass>
                </parent>
                <child>
                    <hasClass name="Transport">
                        <mimName>ComTop</mimName>
                    </hasClass>
                    <cardinality>
                        <min>0</min>
                        <max>1</max>
                    </cardinality>
                </child>
            </containment>
        </relationship>
    </mim>
    
    
    
    
    
    
    
    
    
    
    
    
    
    
    
    
    
    
    
    
    
    
    
    
    
    
    
    
    
    
    
    
    
    
    
    
    
    
    
    
    
    
    
    
    
    
    
    
    
    
    
    
    
    
    
    
    
    
    
    
    
    
    
    
    
    
    
    
    
    
    
    
    
    
    
    
    
</models>