<?xml version="1.0" encoding="UTF-8"?><!--
	Copyright (c) 2013 Ericsson AB. 
	All rights reserved 

	DX ECIM Tool-chain generated this file on Jun 28, 2013 1:54:33 PM using:
	* com.ericsson.ecim.m2m 2.6.3.201303181606
	* com.ericsson.ecim.dsl 2.6.3.201303181606
	* com.ericsson.ecim.edm 2.6.3.201303181606
--><!DOCTYPE models SYSTEM "mp.dtd">
<models>
    <dtdVersion>E1</dtdVersion>
    <momMetaData>
        <momTitle>MSRBS_V1</momTitle>
        <momSubTitle>Version CXP R1A</momSubTitle>
        <momIdentity>
            <docNum>0</docNum>
            <docLang>English</docLang>
            <docRev>0</docRev>
            <docDate>28.06.2013</docDate>
        </momIdentity>
    </momMetaData>
    
    
    
    
    
    
    
    
    
    
    
    
    
    
    
    
    
    
    
    
    <mim author="Sampo Rahikkala" contact="Saija Sipola" date="26.06.2013" docNo="" name="MSRBS_V1_T_Tunnel" namespace="urn:com:ericsson:ecim:MSRBS_V1_T_Tunnel" namespacePrefix="scp_t_tunnel" organization="Albatross" release="0" revision="" version="1">
        <description>IPsecTunnel model.</description>
        <domainExtension domain="ECIM">
            <extension name="immNamespace" value="NONE"/>
        </domainExtension>
        <class name="IpsecTunnel">
            <description>This MOC holds configuration and runtime information on an IPsec tunnel.</description>
            <systemCreated/>
            <root/>
            <attribute name="remoteAddress">
                <description>The external tunnel address on the remote side.&#13;
The remote ipv4 tunnel endpoint address in the untrusted domain.&#13;
Rule: Local and remote address shall have the same address family.</description>
                <domainExtension domain="ECIM">
                    <extension name="isNillable" value="true"/>
                </domainExtension>
                <readOnly/>
                <dataType>
                    <moRef name="ManagedObject"/>
                </dataType>
            </attribute>
            <attribute name="ipsecTunnelId">
                <description>The value component of the RDN.</description>
                <mandatory/>
                <noNotification/>
                <restricted/>
                <key/>
                <dataType>
                    <string/>
                </dataType>
            </attribute>
            <attribute name="localAddress">
                <description>The external tunnel address on the local side.&#13;
The local ipv4 tunnel endpoint address in the untrusted domain.&#13;
Rule: Local and remote address shall have the same address family.</description>
                <readOnly/>
                <dataType>
                    <moRef name="ManagedObject"/>
                </dataType>
            </attribute>
        </class>
    </mim>
    
    
    
    
    
    
    
    
    
    
    
    
    
    
    
    
    
    
    
    
    
    
    
    
    
    
    
    
    
    
    <interMim>
        <relationship name="Transport_to_IpsecTunnel">
            <containment>
                <parent>
                    <hasClass name="Transport">
                        <mimName>ComTop</mimName>
                    </hasClass>
                </parent>
                <child>
                    <hasClass name="IpsecTunnel">
                        <mimName>MSRBS_V1_T_Tunnel</mimName>
                    </hasClass>
                    <cardinality>
                        <min>0</min>
                        <max>2</max>
                    </cardinality>
                </child>
            </containment>
        </relationship>
    </interMim>
    
    
    
    
    
    
    
    
    
    
    
    
    
    
    
    
    
    
    
    
    
    
    
    
    
    
    
</models>