<?xml version="1.0" encoding="UTF-8"?><!--
	Copyright (c) 2013 Ericsson AB. 
	All rights reserved 

	DX ECIM Tool-chain generated this file on Jun 28, 2013 1:54:33 PM using:
	* com.ericsson.ecim.m2m 2.6.3.201303181606
	* com.ericsson.ecim.dsl 2.6.3.201303181606
	* com.ericsson.ecim.edm 2.6.3.201303181606
--><!DOCTYPE models SYSTEM "mp.dtd">
<models>
    <dtdVersion>E1</dtdVersion>
    <momMetaData>
        <momTitle>MSRBS_V1</momTitle>
        <momSubTitle>Version CXP R1A</momSubTitle>
        <momIdentity>
            <docNum>0</docNum>
            <docLang>English</docLang>
            <docRev>0</docRev>
            <docDate>28.06.2013</docDate>
        </momIdentity>
    </momMetaData>
    
    
    
    
    
    
    
    
    
    
    
    
    
    
    
    
    
    
    
    <mim author="Sampo Rahikkala" contact="Saija Sipola" date="26.06.2013" docNo="" name="MSRBS_V1_T_TrafficScheduler" namespace="urn:com:ericsson:ecim:MSRBS_V1_T_TrafficScheduler" namespacePrefix="scp_t_trafficscheduler" organization="Albatross" release="0" revision="" version="1">
        <description>Traffic Scheduler for MSRBS_V1.</description>
        <domainExtension domain="ECIM">
            <extension name="immNamespace" value="NONE"/>
        </domainExtension>
        <enum name="TrafficShapingProfile">
            <enumMember name="PROFILE1">
                <description>The Number of queues: 5
DSCP-to-queues map: Q1 {51, 54}, 
                                         Q2 {24, 32, 34, 36, 38, 40, 46, 48}, 
                                         Q3 {8, 16, 18, 20, 22, 26, 28}, 
                                         Q4 {10, 12, 14}, 
                                         Q5 {All others}
Scheduling algorithms: SP {Q1, Q2, Q3, Q4, Q5}, 
                                           DWRR {none}
Buffer weights for DWRR: -
Queue length: 1024 kB
Drop profile: Taildrop

</description>
                <value>1</value>
            </enumMember>
            <enumMember name="PROFILE2">
                <description>The Number of queues: 5
DSCP-to-queues map: Q1 {51, 54}, 
                                         Q2 {24, 32, 34, 36, 38, 40, 46, 48}, 
                                         Q3 {8, 16, 18, 20, 22, 26, 28}, 
                                         Q4 {10, 12, 14}, 
                                         Q5 {All others}
Scheduling algorithms: SP {Q1, Q2}, 
                                           DWRR {Q3, Q4, Q5}
Buffer weights for DWRR: Q3 {0.65}
                                             Q4 {0.25}
                                             Q5 {0.10}
Queue length: 1024 kB
Drop profile: Taildrop</description>
                <value>2</value>
            </enumMember>
            <enumMember name="PROFILE3">
                <description>The Number of queues: 7
DSCP-to-queues map: Q1 {51, 54}, 
                                         Q2 {32, 40, 48}, 
                                         Q3 {24, 34, 36, 38, 46}, 
                                         Q4 {8, 16, 26, 28},
                                         Q5 {18, 20, 22},
                                         Q6 {10, 12, 14},
                                         Q7 {All others}
Scheduling algorithms: SP {Q1, Q2, Q3}, 
                                           DWRR {Q4, Q5, Q6, Q7}
Buffer weights for DWRR: Q4 {0.35}
                                              Q5 {0.30}
                                              Q6 {0.25}
                                              Q7 {0.10} 
Queue length: 1024 kB
Drop profile: Taildrop</description>
                <value>3</value>
            </enumMember>
        </enum>
        <derivedDataType name="EgressCirRange">
            <description>EgressCirRange.</description>
            <baseType>
                <int32>
                    <range>
                        <min>0</min>
                        <max>0</max>
                        <min>2</min>
                        <max>1000</max>
                    </range>
                    <unit>Mbps</unit>
                </int32>
            </baseType>
        </derivedDataType>
        <derivedDataType name="RbsULPolicingFactorRange">
            <description>Allowed range for rbsULPolicingFactor.</description>
            <baseType>
                <int32>
                    <range>
                        <min>2</min>
                        <max>10</max>
                    </range>
                    <multiplicationFactor>0.1</multiplicationFactor>
                </int32>
            </baseType>
        </derivedDataType>
        <derivedDataType name="WifiDLPolicingFactorRange">
            <description>Allowed range for wifiDLPolicingFactor.</description>
            <baseType>
                <int32>
                    <range>
                        <min>2</min>
                        <max>10</max>
                    </range>
                    <multiplicationFactor>0.1</multiplicationFactor>
                </int32>
            </baseType>
        </derivedDataType>
        <derivedDataType name="EgressCbsRange">
            <description>Allowed range for egress Committed Burst Size.</description>
            <baseType>
                <int32>
                    <range>
                        <min>2</min>
                        <max>125</max>
                    </range>
                    <unit>kB</unit>
                </int32>
            </baseType>
        </derivedDataType>
        <class name="TrafficScheduler">
            <description>This MO handles configuration of scheduling and shaping for the logical Ethernet port.
It also enables selecting of traffic shaping profile.

The RDN of this MO is TrafficScheduler=1.</description>
            <systemCreated/>
            <root/>
            <attribute name="rbsULPolicingFactor">
                <description>Ratio in reference to backhaul data rate to limit RBS data to backhaul leaving space for WiFi or cascaded pRBS’s.
</description>
                <domainExtension domain="ECIM">
                    <extension name="isNillable" value="true"/>
                </domainExtension>
                <dataType>
                    <derivedDataTypeRef name="RbsULPolicingFactorRange">
                        <defaultValue>8</defaultValue>
                        <mimName>MSRBS_V1_T_TrafficScheduler</mimName>
                    </derivedDataTypeRef>
                </dataType>
            </attribute>
            <attribute name="trafficShapingProfile">
                <description>The selected traffic shaping profile.

Traffic shaping profile defines the number of queues, DSCP to queue mapping, scheduling algorithm,
buffer weights for DWWR queues, queue length and drop profile for traffic shaping.</description>
				<domainExtension domain="RBS6401">
					<extension name="takesEffect" value="1"/>
				</domainExtension>
                <domainExtension domain="ECIM">
                    <extension name="isNillable" value="true"/>
                </domainExtension>
                <dataType>
                    <enumRef name="TrafficShapingProfile">
                        <defaultValue>PROFILE1</defaultValue>
                        <mimName>MSRBS_V1_T_TrafficScheduler</mimName>
                    </enumRef>
                </dataType>
                <takesEffect>at restart</takesEffect>
            </attribute>
            <attribute name="egressCir">
                <description>This attribute defines the Committed Information Rate (CIR), that is, the average rate in Mbps, 
used by the traffic shaper on the egress direction of the interface. 
If the value is zero (default value), then there is effectively no rate limit.
The lowest configurable value (above zero) is 2 Mbps.</description>
                <domainExtension domain="ECIM">
                    <extension name="isNillable" value="true"/>
                </domainExtension>
                <dataType>
                    <derivedDataTypeRef name="EgressCirRange">
                        <defaultValue>0</defaultValue>
                        <mimName>MSRBS_V1_T_TrafficScheduler</mimName>
                    </derivedDataTypeRef>
                </dataType>
            </attribute>
            <attribute name="egressCbs">
                <description>The maximum Committed Burst Size (CBS) in number of bytes sent in the egress direction.

An egress Traffic Scheduler  entity is always allowed to burst 2 x MTU bytes even if egressCbs is configured to a value lower than 2 x MTU.</description>
                <domainExtension domain="ECIM">
                    <extension name="isNillable" value="true"/>
                </domainExtension>
                <dataType>
                    <derivedDataTypeRef name="EgressCbsRange">
                        <defaultValue>3</defaultValue>
                        <mimName>MSRBS_V1_T_TrafficScheduler</mimName>
                    </derivedDataTypeRef>
                </dataType>
            </attribute>
            <attribute name="trafficSchedulerId">
                <description>The value component of the RDN.</description>
                <mandatory/>
                <noNotification/>
                <restricted/>
                <key/>
                <dataType>
                    <string/>
                </dataType>
            </attribute>
            <attribute name="wifiDLPolicingFactor">
                <description>Ratio in ref to backhaul data rate to limit downlink data for WiFi.</description>
                <domainExtension domain="ECIM">
                    <extension name="isNillable" value="true"/>
                </domainExtension>
                <dataType>
                    <derivedDataTypeRef name="WifiDLPolicingFactorRange">
                        <defaultValue>8</defaultValue>
                        <mimName>MSRBS_V1_T_TrafficScheduler</mimName>
                    </derivedDataTypeRef>
                </dataType>
            </attribute>
        </class>
    </mim>
    
    
    
    
    
    
    
    
    
    
    
    
    
    
    
    
    
    
    
    
    
    
    
    
    
    
    
    
    
    
    <interMim>
        <relationship name="EthernetPort_to_TrafficScheduler">
            <containment>
                <parent>
                    <hasClass name="EthernetPort">
                        <mimName>MSRBS_V1_T_L2_EthernetPort</mimName>
                    </hasClass>
                </parent>
                <child>
                    <hasClass name="TrafficScheduler">
                        <mimName>MSRBS_V1_T_TrafficScheduler</mimName>
                    </hasClass>
                    <cardinality>
                        <min>1</min>
                        <max>1</max>
                    </cardinality>
                </child>
            </containment>
        </relationship>
    </interMim>
    
    
    
    
    
    
    
    
    
    
    
    
    
    
    
    
    
    
    
    
    
    
    
    
    
    
    
    
</models>