<?xml version="1.0" encoding="UTF-8"?><!--
	Copyright (c) 2013 Ericsson AB. 
	All rights reserved 

	DX ECIM Tool-chain generated this file on Jun 28, 2013 1:54:33 PM using:
	* com.ericsson.ecim.m2m 2.6.3.201303181606
	* com.ericsson.ecim.dsl 2.6.3.201303181606
	* com.ericsson.ecim.edm 2.6.3.201303181606
--><!DOCTYPE models SYSTEM "mp.dtd">
<models>
    <dtdVersion>E1</dtdVersion>
    <momMetaData>
        <momTitle>MSRBS_V1</momTitle>
        <momSubTitle>Version CXP R1A</momSubTitle>
        <momIdentity>
            <docNum>0</docNum>
            <docLang>English</docLang>
            <docRev>0</docRev>
            <docDate>28.06.2013</docDate>
        </momIdentity>
    </momMetaData>
    
    
    
    
    
    
    
    
    
    
    
    
    
    
    
    
    
    
    
    
    
    
    
    
    
    <mim author="Sampo Rahikkala" contact="Saija Sipola" date="27.06.2013" docNo="" name="MSRBS_V1_T_SyncServer" namespace="urn:com:ericsson:ecim:MSRBS_V1_T_SyncServer" namespacePrefix="scp_t_syncserver" organization="Albatross" release="1" revision="" version="1">
        <description>MSRBS_V1 Transport Synchronization server Model.</description>
        <domainExtension domain="ECIM">
            <extension name="immNamespace" value="NONE"/>
        </domainExtension>
        <enum name="Protocol">
            <enumMember name="NTP">
                <value>0</value>
            </enumMember>
            <enumMember name="PTP">
                <value>1</value>
            </enumMember>
        </enum>
        <enum name="NetworkProtocol">
            <description>Available network protocols.
PTP communications occur on paths using transport protocols defined by the mapping annexes of this standard. The identification of the transport protocol in use for a communication path shall be indicated by the networkProtocol enumeration.</description>
            <enumMember name="UDP_IPV4">
                <value>1</value>
            </enumMember>
            <enumMember name="IEEE_802_3">
                <value>3</value>
            </enumMember>
        </enum>
        <enum name="BasicAdmState">
            <description>The basic administrative states for a resource.</description>
            <enumMember name="LOCKED">
                <description>   The resource is administratively prohibited from performing services for its users.</description>
                <value>0</value>
            </enumMember>
            <enumMember name="UNLOCKED">
                <description>  The resource is administratively permitted to perform services for its users. This is independent of its inherent operability.</description>
                <value>1</value>
            </enumMember>
        </enum>
        <derivedDataType name="IpDNSAddress">
            <description>The IpDNSAddress type represents an IP address or a DNS domain name.&#13;
A version 4 IP address is specified in dotted quad notation, for example 130.100.92.154. RFC 791 describes the syntax details.&#13;
A version 6 IP address is specified by 8 groups of 16 bit hexadecimal values separated by colons, for example 2001:0db8:85a3:0000:0000:8a2e:0370:7334. RFC 4291 describes the syntax details.&#13;
A DNS name is specified as a fully qualified domain name, for example myhost.ericsson.com. Internet domain are loosely specified but RFC 1034 recommends a syntax.&#13;
</description>
            <baseType>
                <string>
                    <lengthRange>
                        <min>1</min>
                        <max>253</max>
                    </lengthRange>
                    <validValues>^((([0-9][1-9])|([1-9][0-9])|[1-9]|1[0-1][0-9]|12[0-6]|12[8-9]|1[3-9][0-9]|2[0-2][0-3])\.)((([2][5][0-5]|([2][0-4]|[1][0-9]|[0-9])?[0-9])\.){2})([2][5][0-5]|([2][0-4]|[1][0-9]|[0-9])?[0-9])$|^\s*((([0-9A-Fa-f]{1,4}:){7}(([0-9A-Fa-f]{1,4})|:))|(([0-9A-Fa-f]{1,4}:){6}(:|((25[0-5]|2[0-4]\d|[01]?\d{1,2})(\.(25[0-5]|2[0-4]\d|[01]?\d{1,2})){3})|(:[0-9A-Fa-f]{1,4})))|(([0-9A-Fa-f]{1,4}:){5}((:((25[0-5]|2[0-4]\d|[01]?\d{1,2})(\.(25[0-5]|2[0-4]\d|[01]?\d{1,2})){3})?)|((:[0-9A-Fa-f]{1,4}){1,2})))|(([0-9A-Fa-f]{1,4}:){4}(:[0-9A-Fa-f]{1,4}){0,1}((:((25[0-5]|2[0-4]\d|[01]?\d{1,2})(\.(25[0-5]|2[0-4]\d|[01]?\d{1,2})){3})?)|((:[0-9A-Fa-f]{1,4}){1,2})))|(([0-9A-Fa-f]{1,4}:){3}(:[0-9A-Fa-f]{1,4}){0,2}((:((25[0-5]|2[0-4]\d|[01]?\d{1,2})(\.(25[0-5]|2[0-4]\d|[01]?\d{1,2})){3})?)|((:[0-9A-Fa-f]{1,4}){1,2})))|(([0-9A-Fa-f]{1,4}:){2}(:[0-9A-Fa-f]{1,4}){0,3}((:((25[0-5]|2[0-4]\d|[01]?\d{1,2})(\.(25[0-5]|2[0-4]\d|[01]?\d{1,2})){3})?)|((:[0-9A-Fa-f]{1,4}){1,2})))|(([0-9A-Fa-f]{1,4}:)(:[0-9A-Fa-f]{1,4}){0,4}((:((25[0-5]|2[0-4]\d|[01]?\d{1,2})(\.(25[0-5]|2[0-4]\d|[01]?\d{1,2})){3})?)|((:[0-9A-Fa-f]{1,4}){1,2})))|(:(:[0-9A-Fa-f]{1,4}){0,5}((:((25[0-5]|2[0-4]\d|[01]?\d{1,2})(\.(25[0-5]|2[0-4]\d|[01]?\d{1,2})){3})?)|((:[0-9A-Fa-f]{1,4}){1,2})))|(((25[0-5]|2[0-4]\d|[01]?\d{1,2})(\.(25[0-5]|2[0-4]\d|[01]?\d{1,2})){3})))(%.+)?\s*$|^(([a-zA-Z]|[a-zA-Z][a-zA-Z0-9\-]*[a-zA-Z0-9])\.)*([A-Za-z]|[A-Za-z][A-Za-z0-9\-]*[A-Za-z0-9])$</validValues>
                </string>
            </baseType>
        </derivedDataType>
        <class name="SyncServer">
            <description>This Managed Object represents SyncServer. 
In NTP and PTP, servers are used for frequency synchronization.
PTP servers can also be used for ToD synchronization.</description>
            <systemCreated/>
            <root/>
            <attribute name="syncServerId">
                <description>The value component of the RDN.</description>
                <mandatory/>
                <noNotification/>
                <restricted/>
                <key/>
                <dataType>
                    <string/>
                </dataType>
            </attribute>
            <attribute name="serverAddress">
                <description>This attribute is the synchronization server address.

The serverAddress represents either a V4 IP address, a V6 IP address, or a DNS domain name.</description>
                <domainExtension domain="ECIM">
                    <extension name="isNillable" value="true"/>
                </domainExtension>
                <dataType>
                    <derivedDataTypeRef name="IpDNSAddress">
                        <mimName>MSRBS_V1_T_SyncServer</mimName>
                    </derivedDataTypeRef>
                </dataType>
                <dependencies>has no effect when communicationMedia is set to IEEE 802.3</dependencies>
            </attribute>
            <attribute name="protocol">
                <description>This attribute defines the used time protocol for synchronization.</description>
                <domainExtension domain="ECIM">
                    <extension name="isNillable" value="true"/>
                </domainExtension>
                <dataType>
                    <enumRef name="Protocol">
                        <mimName>MSRBS_V1_T_SyncServer</mimName>
                    </enumRef>
                </dataType>
                <disturbances>when communicationMedia is set to IEEE 802.3, selecting NTP protocol will disable SyncServer functionality.</disturbances>
            </attribute>
            <attribute name="administrativeState">
                <description>The administrative state enables or disables the operation of the NTP or PTP client function.
This is a convenience function to permit some or all instances to be temporarily disabled.</description>
                <dataType>
                    <enumRef name="BasicAdmState">
                        <defaultValue>LOCKED</defaultValue>
                        <mimName>MSRBS_V1_T_SyncServer</mimName>
                    </enumRef>
                </dataType>
            </attribute>
            <attribute name="communicationMedia">
                <description>Specifies the underlying network protocol type.</description>
                <domainExtension domain="ECIM">
                    <extension name="isNillable" value="true"/>
                </domainExtension>
                <readOnly/>
                <dataType>
                    <enumRef name="NetworkProtocol">
                        <mimName>MSRBS_V1_T_SyncServer</mimName>
                    </enumRef>
                </dataType>
            </attribute>
        </class>
    </mim>
    
    
    
    
    
    
    
    
    
    
    
    
    
    
    
    
    
    
    
    
    
    
    
    
    
    
    
    
    
    
    <interMim>
        <relationship name="Synchronization_to_SyncServer">
            <containment>
                <parent>
                    <hasClass name="Synchronization">
                        <mimName>MSRBS_V1_T_Synchronization</mimName>
                    </hasClass>
                </parent>
                <child>
                    <hasClass name="SyncServer">
                        <mimName>MSRBS_V1_T_SyncServer</mimName>
                    </hasClass>
                    <cardinality>
                        <min>3</min>
                        <max>3</max>
                    </cardinality>
                </child>
            </containment>
        </relationship>
    </interMim>
    
    
    
    
    
    
    
    
    
    
    
    
    
    
    
    
    
    
    
    
    
    
</models>