<?xml version="1.0" encoding="UTF-8"?><!--
	Copyright (c) 2013 Ericsson AB. 
	All rights reserved 

	DX ECIM Tool-chain generated this file on Jun 28, 2013 1:54:33 PM using:
	* com.ericsson.ecim.m2m 2.6.3.201303181606
	* com.ericsson.ecim.dsl 2.6.3.201303181606
	* com.ericsson.ecim.edm 2.6.3.201303181606
--><!DOCTYPE models SYSTEM "mp.dtd">
<models>
    <dtdVersion>E1</dtdVersion>
    <momMetaData>
        <momTitle>MSRBS_V1</momTitle>
        <momSubTitle>Version CXP R1A</momSubTitle>
        <momIdentity>
            <docNum>0</docNum>
            <docLang>English</docLang>
            <docRev>0</docRev>
            <docDate>28.06.2013</docDate>
        </momIdentity>
    </momMetaData>
    
    

    
    
    
    
    
    
    
    
    
    
    
    
    
    
    
    
    
    
    
    
    
    
    
    
    
    
    
    <mim author="Sampo Rahikkala" contact="Saija Sipola" date="27.06.2013" docNo="" name="MSRBS_V1_Equipment_RbsUnit" namespace="urn:com:ericsson:ecim:MSRBS_V1_Equipment_RbsUnit" namespacePrefix="scp_equipment_rbsunit" organization="Albatross" release="1" revision="" version="1">
        <description>Managed Object Model for MSRBS_V1 COMMON.</description>
        <domainExtension domain="ECIM">
            <extension name="immNamespace" value="NONE"/>
        </domainExtension>
        <enum name="OperState">
            <description>The operational states of a resource.</description>
            <enumMember name="DISABLED">
                <description> The resource is  totally inoperable.</description>
                <value>0</value>
            </enumMember>
            <enumMember name="ENABLED">
                <description> The resource is partially or fully operable&#13;
</description>
                <value>1</value>
            </enumMember>
        </enum>
        <enum name="RestartType">
            <description>This is used in the restart action for the pRBS node.</description>
            <enumMember name="RESTART_COLD">
                <description>Reloads the software from the disk, restarts the pRBS node, including all hardware. All traffic is stopped.</description>
                <value>0</value>
            </enumMember>
        </enum>
        <enum name="AdmState">
            <description>The administrative state of a resource. </description>
            <enumMember name="LOCKED">
                <description>The resource is administratively prohibited from performing services for its users.</description>
                <value>0</value>
            </enumMember>
            <enumMember name="UNLOCKED">
                <description>The resource is administratively permitted to perform services for its users. This is independent of its inherent operability.</description>
                <value>1</value>
            </enumMember>
        </enum>
        <derivedDataType name="NoiseFloorEstimateRange">
            <description>Allowed range for noise floor estimate.
</description>
            <baseType>
                <int32>
                    <range>
                        <min>-1150</min>
                        <max>-600</max>
                    </range>
                    <unit>dBm</unit>
                    <multiplicationFactor>0.1</multiplicationFactor>
                </int32>
            </baseType>
        </derivedDataType>
        <derivedDataType name="LinkSpeedRange">
            <description>Range for uplink and downlink speed.</description>
            <baseType>
                <int32>
                    <range>
                        <min>0</min>
                        <max>1048576</max>
                    </range>
                    <unit>Kbytes/sec</unit>
                </int32>
            </baseType>
        </derivedDataType>
        <class name="RbsUnit">
            <description>This MO models an RBS unit.
The RDN of this MO is RbsUnit=1.</description>
            <systemCreated/>
            <root/>
            <action name="restart">
                <description>Performs a restart at node level.</description>
                <domainExtension domain="CoreMW">
                    <extension name="admOpId" value="0"/>
                </domainExtension>
                <returnType>
                    <void/>
                </returnType>
                <parameter name="restartType">
                    <description>The type used for the restart.</description>
                    <in/>
                    <dataType>
                        <enumRef name="RestartType">
                            <mimName>MSRBS_V1_Equipment_RbsUnit</mimName>
                        </enumRef>
                    </dataType>
                </parameter>
            </action>
            <action name="resetToFactory">
                <description>Fully restores the pRBS node to its factory default settings.</description>
                <domainExtension domain="CoreMW">
                    <extension name="admOpId" value="0"/>
                </domainExtension>
                <returnType>
                    <void/>
                </returnType>
            </action>
            <attribute name="rbsUnitId">
                <description>The value component of the RDN.</description>
                <mandatory/>
                <noNotification/>
                <restricted/>
                <key/>
                <dataType>
                    <string/>
                </dataType>
            </attribute>
            <attribute name="productCode">
                <description>The Pico RBS unit product code.
It consists of list of productNumber, productRevision and serialNumber in this order.
Syntax: productNumber:#1, productRevision:#2, serialNumber:#3.
For syntax of list items, see below:
#1 productNumber:
The product number in the Ericsson ABC format. For information, see the Ericsson Corporate Basic Standards.
#2 productRevision:
The product revision in format R[1-9][A-Z]. For information, see the Ericsson Corporate Basic Standards.
#3 serialNumber:
The serial number consists of 13 alphanumerical characters grouped as 6 plus 7 characters.
The first 6 characters are to be used for factory codes and the last 7 characters are used for an individual number or batch number. 
</description>
                <domainExtension domain="ECIM">
                    <extension name="isNillable" value="true"/>
                </domainExtension>
                <readOnly/>
                <dataType>
                    <string/>
                </dataType>
                <deprecated/>
            </attribute>
        </class>
        <class name="Vdsl2Module">
            <description>This MO models a VDSL2 module. The module is plugged directly into a pRBS unit.
The RDN of this MO is Vdsl2Module=1.</description>
            <systemCreated/>
            <attribute name="vdsl2ModuleId">
                <description>The value component of the RDN.</description>
                <mandatory/>
                <noNotification/>
                <restricted/>
                <key/>
                <dataType>
                    <string/>
                </dataType>
            </attribute>
            <attribute name="presence">
                <description>This attribute indicates whether or not the module is present in the RBS.</description>
                <domainExtension domain="ECIM">
                    <extension name="isNillable" value="true"/>
                </domainExtension>
                <nonPersistent/>
                <readOnly/>
                <dataType>
                    <boolean>
                        <defaultValue>false</defaultValue>
                    </boolean>
                </dataType>
                <deprecated/>
            </attribute>
            <attribute name="speedUl">
                <description>This attribute determines the VDSL2 module uplink speed.
</description>
                <domainExtension domain="ECIM">
                    <extension name="isNillable" value="true"/>
                </domainExtension>
                <nonPersistent/>
                <readOnly/>
                <dataType>
                    <derivedDataTypeRef name="LinkSpeedRange">
                        <mimName>MSRBS_V1_Equipment_RbsUnit</mimName>
                    </derivedDataTypeRef>
                </dataType>
            </attribute>
            <attribute name="speedDl">
                <description>This attribute determines the VDSL2 module downlink speed.</description>
                <domainExtension domain="ECIM">
                    <extension name="isNillable" value="true"/>
                </domainExtension>
                <nonPersistent/>
                <readOnly/>
                <dataType>
                    <derivedDataTypeRef name="LinkSpeedRange">
                        <mimName>MSRBS_V1_Equipment_RbsUnit</mimName>
                    </derivedDataTypeRef>
                </dataType>
            </attribute>
            <attribute name="operationalState">
                <description>The operational state.</description>
                <domainExtension domain="ECIM">
                    <extension name="isNillable" value="true"/>
                </domainExtension>
                <nonPersistent/>
                <readOnly/>
                <dataType>
                    <enumRef name="OperState">
                        <defaultValue>DISABLED</defaultValue>
                        <mimName>MSRBS_V1_Equipment_RbsUnit</mimName>
                    </enumRef>
                </dataType>
            </attribute>
        </class>
        <class name="WifiModule">
            <description>This MO represents the Wi-Fi module in the pRBS.
The RDN of this MO is WifiModule=1.</description>
            <systemCreated/>
            <attribute name="wifiModuleId">
                <description>The value component of the RDN.</description>
                <mandatory/>
                <noNotification/>
                <restricted/>
                <key/>
                <dataType>
                    <string/>
                </dataType>
            </attribute>
            <attribute name="presence">
                <description>This attribute indicates whether or not the module is present in the RBS.</description>
                <domainExtension domain="ECIM">
                    <extension name="isNillable" value="true"/>
                </domainExtension>
                <nonPersistent/>
                <readOnly/>
                <dataType>
                    <boolean>
                        <defaultValue>false</defaultValue>
                    </boolean>
                </dataType>
                <deprecated/>
            </attribute>
            <attribute name="encapsulation">
                <description>This attribute indicates the underlying encapsulation.</description>
                <domainExtension domain="ECIM">
                    <extension name="isNillable" value="true"/>
                </domainExtension>
                <readOnly/>
                <dataType>
                    <moRef name="ManagedObject"/>
                </dataType>
            </attribute>
            <attribute name="operationalState">
                <description>The operational state.</description>
                <domainExtension domain="ECIM">
                    <extension name="isNillable" value="true"/>
                </domainExtension>
                <nonPersistent/>
                <readOnly/>
                <dataType>
                    <enumRef name="OperState">
                        <defaultValue>DISABLED</defaultValue>
                        <mimName>MSRBS_V1_Equipment_RbsUnit</mimName>
                    </enumRef>
                </dataType>
            </attribute>
            <attribute name="administrativeState">
                <description>The administrative state.</description>
                <domainExtension domain="ECIM">
                    <extension name="isNillable" value="true"/>
                </domainExtension>
                <dataType>
                    <enumRef name="AdmState">
                        <defaultValue>UNLOCKED</defaultValue>
                        <mimName>MSRBS_V1_Equipment_RbsUnit</mimName>
                    </enumRef>
                </dataType>
            </attribute>
        </class>
        <class name="ProcessorLoad">
            <description>This MO abstracts the processor load.</description>
            <systemCreated/>
            <attribute name="processorloadId">
                <description>The value component of the RDN.</description>
                <mandatory/>
                <noNotification/>
                <restricted/>
                <key/>
                <dataType>
                    <string/>
                </dataType>
            </attribute>
        </class>
        <relationship name="RbsUnit_to_Vdsl2Module">
            <description/>
            <containment>
                <parent>
                    <hasClass name="RbsUnit">
                        <mimName>MSRBS_V1_Equipment_RbsUnit</mimName>
                    </hasClass>
                </parent>
                <child>
                    <hasClass name="Vdsl2Module">
                        <mimName>MSRBS_V1_Equipment_RbsUnit</mimName>
                    </hasClass>
                    <cardinality>
                        <min>0</min>
                        <max>1</max>
                    </cardinality>
                </child>
            </containment>
        </relationship>
        <relationship name="RbsUnit_to_WifiModule">
            <description/>
            <containment>
                <parent>
                    <hasClass name="RbsUnit">
                        <mimName>MSRBS_V1_Equipment_RbsUnit</mimName>
                    </hasClass>
                </parent>
                <child>
                    <hasClass name="WifiModule">
                        <mimName>MSRBS_V1_Equipment_RbsUnit</mimName>
                    </hasClass>
                    <cardinality>
                        <min>0</min>
                        <max>1</max>
                    </cardinality>
                </child>
            </containment>
        </relationship>
        <relationship name="RbsUnit_to_ProcessorLoad">
            <description>sdfsdf</description>
            <containment>
                <parent>
                    <hasClass name="RbsUnit">
                        <mimName>MSRBS_V1_Equipment_RbsUnit</mimName>
                    </hasClass>
                </parent>
                <child>
                    <hasClass name="ProcessorLoad">
                        <mimName>MSRBS_V1_Equipment_RbsUnit</mimName>
                    </hasClass>
                    <cardinality>
                        <min>5</min>
                        <max>5</max>
                    </cardinality>
                </child>
            </containment>
        </relationship>
    </mim>
    
    
    
    
    
    
    
    
    
    
    
    
    
    
    
    
    
    
    
    
    
    
    
    
    
    
    
    
    
    
    <interMim>
        <relationship name="Equipment_to_RbsUnit">
            <containment>
                <parent>
                    <hasClass name="Equipment">
                        <mimName>MSRBS_V1_Equipment</mimName>
                    </hasClass>
                </parent>
                <child>
                    <hasClass name="RbsUnit">
                        <mimName>MSRBS_V1_Equipment_RbsUnit</mimName>
                    </hasClass>
                    <cardinality>
                        <min>1</min>
                        <max>1</max>
                    </cardinality>
                </child>
            </containment>
        </relationship>
    </interMim>
    
    
    
    
    
    
    
    
    
    
    
    
    
    
    
    
    
</models>