<?xml version="1.0" encoding="UTF-8"?><!--
	Copyright (c) 2013 Ericsson AB. 
	All rights reserved 

	DX ECIM Tool-chain generated this file on Jun 28, 2013 1:54:33 PM using:
	* com.ericsson.ecim.m2m 2.6.3.201303181606
	* com.ericsson.ecim.dsl 2.6.3.201303181606
	* com.ericsson.ecim.edm 2.6.3.201303181606
--><!DOCTYPE models SYSTEM "mp.dtd">
<models>
    <dtdVersion>E1</dtdVersion>
    <momMetaData>
        <momTitle>MSRBS_V1</momTitle>
        <momSubTitle>Version CXP R1A</momSubTitle>
        <momIdentity>
            <docNum>0</docNum>
            <docLang>English</docLang>
            <docRev>0</docRev>
            <docDate>28.06.2013</docDate>
        </momIdentity>
    </momMetaData>
    
    
    
    
    
    
    
    
    
    
    
    
    
    
    
    
    
    
    
    
    
    
    
    
    
    
    <mim author="Sampo Rahikkala" contact="Saija Sipola" date="26.06.2013" docNo="" name="MSRBS_V1_T_L3_InterfaceIPv4" namespace="urn:com:ericsson:ecim:MSRBS_V1_T_L3_InterfaceIPv4" namespacePrefix="scp_t_l3_interfaceipv4" organization="Albatross" release="0" revision="" version="1">
        <description>Assigned IPv4 addresses.</description>
        <domainExtension domain="ECIM">
            <extension name="ecimMomName" value="ECIM_T_L3_Ipv4Interface"/>
            <extension name="ecimMomVersion" value="0"/>
            <extension name="ecimMomRelease" value="2"/>
            <extension name="immNamespace" value="NONE"/>
        </domainExtension>
        <struct name="Encapsulation">
            <description>Union of encapsulation options.</description>
            <isExclusive/>
            <structMember name="ref">
                <description>The underlying encapsulation.</description>
                <domainExtension domain="ECIM">
                    <extension name="isNillable" value="true"/>
                </domainExtension>
                <moRef name="ManagedObject"/>
            </structMember>
        </struct>
        <enum name="OperState">
            <description>The operational states of a resource.</description>
            <enumMember name="DISABLED">
                <description> The resource is  totally inoperable.</description>
                <value>0</value>
            </enumMember>
            <enumMember name="ENABLED">
                <description> The resource is partially or fully operable&#13;
</description>
                <value>1</value>
            </enumMember>
        </enum>
        <class name="InterfaceIPv4">
            <description>IPv4-addressed termination point; interface on an IPv4 routing domain.</description>
            <systemCreated/>
            <root/>
            <attribute name="encapsulation">
                <description>The underlying encapsulation.</description>
                <domainExtension domain="ECIM">
                    <extension name="isNillable" value="true"/>
                </domainExtension>
                <restricted/>
                <dataType>
                    <structRef name="Encapsulation">
                        <mimName>MSRBS_V1_T_L3_InterfaceIPv4</mimName>
                    </structRef>
                </dataType>
            </attribute>
            <attribute name="interfaceIPv4Id">
                <description>The value component of the RDN.</description>
                <mandatory/>
                <noNotification/>
                <restricted/>
                <key/>
                <dataType>
                    <string/>
                </dataType>
            </attribute>
            <attribute name="operationalState">
                <description>The operational state.</description>
                <nonPersistent/>
                <readOnly/>
                <dataType>
                    <enumRef name="OperState">
                        <mimName>MSRBS_V1_T_L3_InterfaceIPv4</mimName>
                    </enumRef>
                </dataType>
            </attribute>
            <attribute name="userLabel">
                <description>Label for free use.</description>
                <domainExtension domain="ECIM">
                    <extension name="isNillable" value="true"/>
                </domainExtension>
                <dataType>
                    <string/>
                </dataType>
            </attribute>
        </class>
    </mim>
    
    
    
    
    
    
    
    
    
    
    
    
    
    
    
    
    
    
    
    
    
    
    
    
    
    
    
    
    
    
    <interMim>
        <relationship name="Host_to_InterfaceIPv4">
            <containment>
                <parent>
                    <hasClass name="Host">
                        <mimName>MSRBS_V1_T_L3_Host</mimName>
                    </hasClass>
                </parent>
                <child>
                    <hasClass name="InterfaceIPv4">
                        <mimName>MSRBS_V1_T_L3_InterfaceIPv4</mimName>
                    </hasClass>
                    <cardinality>
                        <min>0</min>
                        <max>1</max>
                    </cardinality>
                </child>
            </containment>
        </relationship>
    </interMim>
    
    
    
    
    
    
    
    
    
    
    
    
    
    
    
    
    
    
    
    
    
</models>