<?xml version="1.0" encoding="UTF-8"?><!--
	Copyright (c) 2013 Ericsson AB. 
	All rights reserved 

	DX ECIM Tool-chain generated this file on Jun 28, 2013 1:54:33 PM using:
	* com.ericsson.ecim.m2m 2.6.3.201303181606
	* com.ericsson.ecim.dsl 2.6.3.201303181606
	* com.ericsson.ecim.edm 2.6.3.201303181606
--><!DOCTYPE models SYSTEM "mp.dtd">
<models>
    <dtdVersion>E1</dtdVersion>
    <momMetaData>
        <momTitle>MSRBS_V1</momTitle>
        <momSubTitle>Version CXP R1A</momSubTitle>
        <momIdentity>
            <docNum>0</docNum>
            <docLang>English</docLang>
            <docRev>0</docRev>
            <docDate>28.06.2013</docDate>
        </momIdentity>
    </momMetaData>
    
    
    
    
    
    
    
    
    
    
    
    
    
    
    
    
    
    
    
    
    
    
    
    
    <mim author="Sampo Rahikkala" contact="Saija Sipola" date="21.06.2013" docNo="" name="MSRBS_V1_T_SCTP_SctpProfile" namespace="urn:com:ericsson:ecim:MSRBS_V1_T_SCTP_SctpProfile" namespacePrefix="scp_t_sctp_sctpprofile" organization="Albatross" release="1" revision="" version="1">
        <description>SCTP profile.</description>
        <domainExtension domain="ECIM">
            <extension name="ecimMomName" value="ECIM_T_SCTP_SctpProfile"/>
            <extension name="ecimMomVersion" value="0"/>
            <extension name="ecimMomRelease" value="1"/>
            <extension name="immNamespace" value="NONE"/>
        </domainExtension>
        <derivedDataType name="HeartbeatIntervalType">
            <description>SCTP heartbeat interval (HB.interval) defined in section 8.3, RFC 4960. Milliseconds.</description>
            <baseType>
                <uint32>
                    <range>
                        <min>10</min>
                        <max>1800000</max>
                    </range>
                </uint32>
            </baseType>
        </derivedDataType>
        <derivedDataType name="DscpType">
            <description>The DSCP value used.</description>
            <baseType>
                <uint8>
                    <range>
                        <min>0</min>
                        <max>64</max>
                    </range>
                </uint8>
            </baseType>
        </derivedDataType>
        <class name="SctpProfile">
            <description>This Managed Object (MO) is the SCTP configuration profile.</description>
            <systemCreated/>
            <root/>
            <attribute name="dscp">
                <description>The used DSCP value.</description>
				<domainExtension domain="RBS6401">
					<extension name="takesEffect" value="1"/>
				</domainExtension>
                <domainExtension domain="ECIM">
                    <extension name="isNillable" value="true"/>
                </domainExtension>
                <dataType>
                    <derivedDataTypeRef name="DscpType">
                        <defaultValue>40</defaultValue>
                        <mimName>MSRBS_V1_T_SCTP_SctpProfile</mimName>
                    </derivedDataTypeRef>
                </dataType>
                <takesEffect>at restart.</takesEffect>
            </attribute>
            <attribute name="sctpProfileId">
                <description>The value component of the RDN.</description>
                <mandatory/>
                <noNotification/>
                <restricted/>
                <key/>
                <dataType>
                    <string/>
                </dataType>
            </attribute>
            <attribute name="heartbeatInterval">
                <description>SCTP heartbeat interval (HB.interval) defined in section 8.3, RFC 4960.</description>
				<domainExtension domain="RBS6401">
					<extension name="takesEffect" value="1"/>
				</domainExtension>
                <dataType>
                    <derivedDataTypeRef name="HeartbeatIntervalType">
                        <defaultValue>2000</defaultValue>
                        <mimName>MSRBS_V1_T_SCTP_SctpProfile</mimName>
                    </derivedDataTypeRef>
                </dataType>
                <takesEffect>at restart.</takesEffect>
            </attribute>
        </class>
    </mim>
    
    
    
    
    
    
    
    
    
    
    
    
    
    
    
    
    
    
    
    
    
    
    
    
    
    
    
    
    
    
    <interMim>
        <relationship name="Transport_to_SctpProfile">
            <containment>
                <parent>
                    <hasClass name="Transport">
                        <mimName>ComTop</mimName>
                    </hasClass>
                </parent>
                <child>
                    <hasClass name="SctpProfile">
                        <mimName>MSRBS_V1_T_SCTP_SctpProfile</mimName>
                    </hasClass>
                    <cardinality>
                        <min>1</min>
                        <max>1</max>
                    </cardinality>
                </child>
            </containment>
        </relationship>
    </interMim>
    
    
    
    
    
    
    
    
    
    
    
    
    
    
    
    
    
    
    
    
    
    
    
</models>