<?xml version="1.0" encoding="UTF-8"?><!--
	Copyright (c) 2013 Ericsson AB. 
	All rights reserved 

	DX ECIM Tool-chain generated this file on Jun 28, 2013 1:54:33 PM using:
	* com.ericsson.ecim.m2m 2.6.3.201303181606
	* com.ericsson.ecim.dsl 2.6.3.201303181606
	* com.ericsson.ecim.edm 2.6.3.201303181606
--><!DOCTYPE models SYSTEM "mp.dtd">
<models>
    <dtdVersion>E1</dtdVersion>
    <momMetaData>
        <momTitle>MSRBS_V1</momTitle>
        <momSubTitle>Version CXP R1A</momSubTitle>
        <momIdentity>
            <docNum>0</docNum>
            <docLang>English</docLang>
            <docRev>0</docRev>
            <docDate>28.06.2013</docDate>
        </momIdentity>
    </momMetaData>
    
    
    
    
    
    
    
    
    
    
    
    <mim author="Sampo Rahikkala" contact="Saija Sipola" date="26.06.2013" docNo="" name="MSRBS_V1_SwIM" namespace="urn:com:ericsson:ecim:MSRBS_V1_SwIM" namespacePrefix="scp_swim" organization="Albatross" release="0" revision="" version="1">
        <description>This is the software inventory model. &#13;
It contains the software versions installed on the managed element. For each software version, the software items constituting the software version are listed.</description>
        <domainExtension domain="ECIM">
            <extension name="ecimMomName" value="ECIM_SwIM"/>
            <extension name="ecimMomVersion" value="1"/>
            <extension name="ecimMomRelease" value="1"/>
            <extension name="immNamespace" value="NONE"/>
        </domainExtension>
        <struct name="ProductData">
            <description>This represents an Ericsson software product. The product name, product number and product revision represent product information stored in PRIM realization part.</description>
            <structMember name="productName">
                <description>The name of the product.</description>
                <string/>
            </structMember>
            <structMember name="productNumber">
                <description>The product number of the product.</description>
                <string/>
            </structMember>
            <structMember name="productRevision">
                <description>The revision state of the product.</description>
                <string/>
            </structMember>
            <structMember name="productionDate">
                <description>The production date of the product.</description>
                <derivedDataTypeRef name="DateTime">
                    <mimName>MSRBS_V1_SwIM</mimName>
                </derivedDataTypeRef>
            </structMember>
            <structMember name="description">
                <description>Free text description of the product. </description>
                <string/>
            </structMember>
            <structMember name="type">
                <description>Free text product type. </description>
                <string/>
            </structMember>
        </struct>
        <derivedDataType name="DateTime">
            <description>Represents the International Standard for the representation of date and time ( ISO 8601) . &#13;
The string format is "YYYY-MM-DDThh:mm:ss.SSSZ" (excluding quotes).&#13;
A DateTime string consists of a date part, a time part, and an optional time zone information part. The time zone part may be a "Z" representing UTC time zone (equals to +00) or a time zone offset (e.g., +02:00).&#13;
If the time zone part is not present, the DateTime value represents local time.&#13;
&#13;
The following pattern describes the DateTime format in detail:&#13;
YYYY-MM-DDThh:mm:ss[.S+][Z|+-hh:mm]&#13;
Where:&#13;
YYYY = four digit year&#13;
MM = two digit month (01=January, etc.)&#13;
DD = two digit day of month (01 through 31)&#13;
T = time designator (shows start of time component)&#13;
hh = two digits of hour (00 through 23, AM/PM not allowed)&#13;
mm = two digits of minute (00 through 59)&#13;
ss = two digits of second (00 through 59, leap second not allowed)&#13;
S+ = one or more digits of decimal fraction of a second&#13;
Z = time is Coordinated Universal Time (UTC)&#13;
+- = + or - character indicating positive or negative offset to UTC &#13;
&#13;
DateTime values are compliant with ISO 8601 "Representation of dates and times" but are restricted according to RFC 3339 "Date and Time on the Internet: Timestamps". The DateTime format is further restricted:&#13;
- T and Z designators are upper case.&#13;
- . (dot) is used to indicate start of fractions of seconds (ISO 8601 also allows comma)&#13;
&#13;
</description>
            <baseType>
                <string>
                    <lengthRange>
                        <min>19</min>
                        <max>31</max>
                    </lengthRange>
                    <validValues>^([0-9]{4})-(1[0-2]|0[1-9])-(0[1-9]|[1|2][0-9]|3[0-1])T(0[0-9]|1[0-9]|2[0-3]):([0-5][0-9]):([0-5][0-9])([\.][0-9]+){0,1}(([\+|\-](0[0-9]|1[0-9]|2[0-4])(:[0-5][0-9])?)|(Z)?)$</validValues>
                </string>
            </baseType>
        </derivedDataType>
        <class name="SwInventory">
            <description>A singleton class which has only structural purpose.</description>
            <systemCreated/>
            <root/>
            <attribute name="swInventoryId">
                <description>The value component of the RDN.</description>
                <mandatory/>
                <noNotification/>
                <restricted/>
                <key/>
                <dataType>
                    <string/>
                </dataType>
            </attribute>
            <attribute name="userLabel">
                <description>A label for free usage.</description>
                <domainExtension domain="ECIM">
                    <extension name="isNillable" value="true"/>
                </domainExtension>
                <dataType>
                    <string/>
                </dataType>
            </attribute>
            <attribute name="active">
                <description>A reference to the active software version of a software domain.&#13;
The software of a managed element can be stuctured into more than one software domain. The active software version(s) control the behavior of the managed element .</description>
                <readOnly/>
                <dataType>
                    <sequence>
                        <moRef name="SwVersion">
                            <mimName>MSRBS_V1_SwIM</mimName>
                        </moRef>
                        <minLength>1</minLength>
                    </sequence>
                </dataType>
            </attribute>
        </class>
        <class name="SwVersion">
            <description>An MO of this class represents the software version of a domain of the software.&#13;
If there is only one software domain, then the MO represents the overall version of the managed element.</description>
            <systemCreated/>
            <dependenciesScript/>
            <attribute name="swVersionId">
                <description>The value component of the RDN.</description>
                <mandatory/>
                <noNotification/>
                <restricted/>
                <key/>
                <dataType>
                    <string/>
                </dataType>
            </attribute>
            <attribute name="userLabel">
                <description>A label for free usage.</description>
                <domainExtension domain="ECIM">
                    <extension name="isNillable" value="true"/>
                </domainExtension>
                <dataType>
                    <string/>
                </dataType>
            </attribute>
            <attribute name="administrativeData">
                <description>The product identification of the software version.</description>
                <domainExtension domain="ECIM">
                    <extension name="isNillable" value="true"/>
                </domainExtension>
                <readOnly/>
                <dataType>
                    <structRef name="ProductData">
                        <mimName>MSRBS_V1_SwIM</mimName>
                    </structRef>
                </dataType>
            </attribute>
            <attribute name="timeOfInstallation">
                <description>Indicates the time the software version was installed.</description>
                <domainExtension domain="ECIM">
                    <extension name="isNillable" value="true"/>
                </domainExtension>
                <readOnly/>
                <dataType>
                    <derivedDataTypeRef name="DateTime">
                        <mimName>MSRBS_V1_SwIM</mimName>
                    </derivedDataTypeRef>
                </dataType>
            </attribute>
            <attribute name="timeOfActivation">
                <description>Indicates the time when the software version was activated. &#13;
If no time is presented, then current software version has not been activated.</description>
                <domainExtension domain="ECIM">
                    <extension name="isNillable" value="true"/>
                </domainExtension>
                <readOnly/>
                <dataType>
                    <derivedDataTypeRef name="DateTime">
                        <mimName>MSRBS_V1_SwIM</mimName>
                    </derivedDataTypeRef>
                </dataType>
            </attribute>
            <attribute name="timeOfDeactivation">
                <description>Indicates the time when the software version was deactivated. &#13;
If no time is presented, then current software version has not been deactivated.</description>
                <domainExtension domain="ECIM">
                    <extension name="isNillable" value="true"/>
                </domainExtension>
                <readOnly/>
                <dataType>
                    <derivedDataTypeRef name="DateTime">
                        <mimName>MSRBS_V1_SwIM</mimName>
                    </derivedDataTypeRef>
                </dataType>
            </attribute>
            <attribute name="consistsOf">
                <description>List of references to the software items the software version consists of.</description>
                <readOnly/>
                <dataType>
                    <sequence>
                        <moRef name="SwItem">
                            <mimName>MSRBS_V1_SwIM</mimName>
                        </moRef>
                        <minLength>0</minLength>
                    </sequence>
                </dataType>
            </attribute>
        </class>
        <class name="SwItem">
            <description>A software item holds information about an executable software product.&#13;
A software item can also represent a container product that contains other software items, which represents a subordinate container and/or executable software products.</description>
            <systemCreated/>
            <attribute name="swItemId">
                <description>The value component of RDN.</description>
                <mandatory/>
                <noNotification/>
                <restricted/>
                <key/>
                <dataType>
                    <string/>
                </dataType>
            </attribute>
            <attribute name="userLabel">
                <description>A label for free usage.</description>
                <domainExtension domain="ECIM">
                    <extension name="isNillable" value="true"/>
                </domainExtension>
                <dataType>
                    <string/>
                </dataType>
            </attribute>
            <attribute name="administrativeData">
                <description>The product identification of the software item.</description>
                <domainExtension domain="ECIM">
                    <extension name="isNillable" value="true"/>
                </domainExtension>
                <readOnly/>
                <dataType>
                    <structRef name="ProductData">
                        <mimName>MSRBS_V1_SwIM</mimName>
                    </structRef>
                </dataType>
            </attribute>
            <attribute name="additionalInfo">
                <description>Describes any additional relevant aspects of the software item.</description>
                <domainExtension domain="ECIM">
                    <extension name="isNillable" value="true"/>
                </domainExtension>
                <readOnly/>
                <dataType>
                    <string/>
                </dataType>
            </attribute>
            <attribute name="consistsOf">
                <description>Describes a hierarchical relationship between software items.&#13;
An empty value indicates that current software item is not a container that includes subordinate software items.</description>
                <readOnly/>
                <dataType>
                    <sequence>
                        <moRef name="SwItem">
                            <mimName>MSRBS_V1_SwIM</mimName>
                        </moRef>
                        <minLength>0</minLength>
                    </sequence>
                </dataType>
            </attribute>
        </class>
        <relationship name="SwInventory_to_SwItem">
            <description>The software inventory may contain software items.</description>
            <containment>
                <parent>
                    <hasClass name="SwInventory">
                        <mimName>MSRBS_V1_SwIM</mimName>
                    </hasClass>
                </parent>
                <child>
                    <hasClass name="SwItem">
                        <mimName>MSRBS_V1_SwIM</mimName>
                    </hasClass>
                    <cardinality>
                        <min>0</min>
                        <max>1000</max>
                    </cardinality>
                </child>
            </containment>
        </relationship>
        <relationship name="SwInventory_to_SwVersion">
            <description>The software inventory may contain software versions.</description>
            <containment>
                <parent>
                    <hasClass name="SwInventory">
                        <mimName>MSRBS_V1_SwIM</mimName>
                    </hasClass>
                </parent>
                <child>
                    <hasClass name="SwVersion">
                        <mimName>MSRBS_V1_SwIM</mimName>
                    </hasClass>
                    <cardinality>
                        <min>0</min>
                        <max>4</max>
                    </cardinality>
                </child>
            </containment>
        </relationship>
    </mim>
    
    
    
    
    
    
    
    
    
    
    
    
    
    
    
    
    
    
    
    
    
    
    
    
    
    
    
    
    
    
    <interMim>
        <relationship name="SystemFunctions_to_SwInventory">
            <containment>
                <parent>
                    <hasClass name="SystemFunctions">
                        <mimName>ComTop</mimName>
                    </hasClass>
                </parent>
                <child>
                    <hasClass name="SwInventory">
                        <mimName>MSRBS_V1_SwIM</mimName>
                    </hasClass>
                    <cardinality>
                        <min>1</min>
                        <max>1</max>
                    </cardinality>
                </child>
            </containment>
        </relationship>
    </interMim>
    
    
    
    
    
    
    
    
    
    
    
    
    
    
    
    
    
    
    
    
    
    
    
    
    
    
    
    
    
    
    
    
    
    
    
    
</models>