<?xml version="1.0" encoding="UTF-8"?><!--
	Copyright (c) 2013 Ericsson AB. 
	All rights reserved 

	DX ECIM Tool-chain generated this file on Jun 28, 2013 1:54:33 PM using:
	* com.ericsson.ecim.m2m 2.6.3.201303181606
	* com.ericsson.ecim.dsl 2.6.3.201303181606
	* com.ericsson.ecim.edm 2.6.3.201303181606
--><!DOCTYPE models SYSTEM "mp.dtd">
<models>
    <dtdVersion>E1</dtdVersion>
    <momMetaData>
        <momTitle>MSRBS_V1</momTitle>
        <momSubTitle>Version CXP R1A</momSubTitle>
        <momIdentity>
            <docNum>0</docNum>
            <docLang>English</docLang>
            <docRev>0</docRev>
            <docDate>28.06.2013</docDate>
        </momIdentity>
    </momMetaData>
    
    
    
    
    
    
    
    
    
    
    
    
    
    
    
    
    
    
    <mim author="Sampo Rahikkala" contact="Saija Sipola" date="26.06.2013" docNo="" name="MSRBS_V1_T_TimeSyncIO" namespace="urn:com:ericsson:ecim:MSRBS_V1_T_TimeSyncIO" namespacePrefix="scp_t_timesyncio" organization="Albatross" release="0" revision="" version="1">
        <description>MSRBS_V1 Transport time SyncIO Model based on ECIM Transport time SyncIO Model release=1, version=0.</description>
        <domainExtension domain="ECIM">
            <extension name="ecimMomName" value="ECIM_T_TimeSyncIO"/>
            <extension name="ecimMomVersion" value="0"/>
            <extension name="ecimMomRelease" value="1"/>
            <extension name="immNamespace" value="NONE"/>
        </domainExtension>
        <enum name="GpsSyncRef">
            <description>Enumeration for Gps synchronization references</description>
            <enumMember name="HW_FAULT">
                <value>0</value>
            </enumMember>
            <enumMember name="OK">
                <value>1</value>
            </enumMember>
            <enumMember name="NO_TIME">
                <value>2</value>
            </enumMember>
        </enum>
        <class name="TimeSyncIo">
            <description>Time SyncIO is the interface that encapsulates the connector to carry the time synchronous signal.
It is connected to the pRBS Global Positioning System (GPS) synchronization reference.

The RDN of this MO is TimeSyncIo=1.</description>
            <systemCreated/>
            <root/>
            <attribute name="timeSyncIOId">
                <description>The value component of the RDN.</description>
                <mandatory/>
                <noNotification/>
                <restricted/>
                <key/>
                <dataType>
                    <string/>
                </dataType>
            </attribute>
            <attribute name="gpsRefState">
                <description>Indicates the GPS receiver  status.</description>
                <domainExtension domain="ECIM">
                    <extension name="isNillable" value="true"/>
                </domainExtension>
                <nonPersistent/>
                <readOnly/>
                <dataType>
                    <enumRef name="GpsSyncRef">
                        <mimName>MSRBS_V1_T_TimeSyncIO</mimName>
                    </enumRef>
                </dataType>
            </attribute>
            <attribute name="altitude">
                <description>This attribute shows the altitude in meters.</description>
                <domainExtension domain="ECIM">
                    <extension name="isNillable" value="true"/>
                </domainExtension>
                <nonPersistent/>
                <readOnly/>
                <dataType>
                    <string/>
                </dataType>
            </attribute>
            <attribute name="latitude">
                <description>Indicates the latitude in degrees.</description>
                <domainExtension domain="ECIM">
                    <extension name="isNillable" value="true"/>
                </domainExtension>
                <nonPersistent/>
                <readOnly/>
                <dataType>
                    <string/>
                </dataType>
            </attribute>
            <attribute name="longitude">
                <description>Indicates the longitude in degrees.</description>
                <domainExtension domain="ECIM">
                    <extension name="isNillable" value="true"/>
                </domainExtension>
                <nonPersistent/>
                <readOnly/>
                <dataType>
                    <string/>
                </dataType>
            </attribute>
            <attribute name="noOfSatellitesInView">
                <description>Shows the number of satellites in view.</description>
                <domainExtension domain="ECIM">
                    <extension name="isNillable" value="true"/>
                </domainExtension>
                <nonPersistent/>
                <readOnly/>
                <dataType>
                    <int32/>
                </dataType>
            </attribute>
        </class>
    </mim>
    
    
    
    
    
    
    
    
    
    
    
    
    
    
    
    
    
    
    
    
    
    
    
    
    
    
    
    
    
    
    <interMim>
        <relationship name="Synchronization_to_TimeSyncIo">
            <containment>
                <parent>
                    <hasClass name="Synchronization">
                        <mimName>MSRBS_V1_T_Synchronization</mimName>
                    </hasClass>
                </parent>
                <child>
                    <hasClass name="TimeSyncIo">
                        <mimName>MSRBS_V1_T_TimeSyncIO</mimName>
                    </hasClass>
                    <cardinality>
                        <min>1</min>
                        <max>1</max>
                    </cardinality>
                </child>
            </containment>
        </relationship>
    </interMim>
    
    
    
    
    
    
    
    
    
    
    
    
    
    
    
    
    
    
    
    
    
    
    
    
    
    
    
    
    
</models>