<?xml version="1.0" encoding="UTF-8"?><!--
	Copyright (c) 2013 Ericsson AB. 
	All rights reserved 

	DX ECIM Tool-chain generated this file on Jun 28, 2013 1:54:33 PM using:
	* com.ericsson.ecim.m2m 2.6.3.201303181606
	* com.ericsson.ecim.dsl 2.6.3.201303181606
	* com.ericsson.ecim.edm 2.6.3.201303181606
--><!DOCTYPE models SYSTEM "mp.dtd">
<models>
    <dtdVersion>E1</dtdVersion>
    <momMetaData>
        <momTitle>MSRBS_V1</momTitle>
        <momSubTitle>Version CXP R1A</momSubTitle>
        <momIdentity>
            <docNum>0</docNum>
            <docLang>English</docLang>
            <docRev>0</docRev>
            <docDate>28.06.2013</docDate>
        </momIdentity>
    </momMetaData>
    
    
    
    
    
    
    
    
    <mim author="Sampo Rahikkala" contact="Saija Sipola" date="26.06.2013" docNo="" name="MSRBS_V1_BrM" namespace="urn:com:ericsson:ecim:MSRBS_V1_BrM" namespacePrefix="msrbs_v1_brm" organization="Albatross" release="0" revision="0" version="1">
        <description>BRM model.&#13;
&#13;
</description>
        <domainExtension domain="ECIM">
            <extension name="ecimMomName" value="ECIM_BrM"/>
            <extension name="ecimMomVersion" value="3"/>
            <extension name="ecimMomRelease" value="0"/>
        </domainExtension>
        <struct name="AsyncActionProgress">
            <description>This records the progress of an asyncronous action.</description>
            <structMember name="actionName">
                <description>The name of the invoked asynchronous action.</description>
                <domainExtension domain="ECIM">
                    <extension name="isNillable" value="true"/>
                </domainExtension>
                <string/>
            </structMember>
            <structMember name="additionalInfo">
                <description>Used for logging significant messages during execution of an action.&#13;
 </description>
                <sequence>
                    <string/>
                    <minLength>0</minLength>
                </sequence>
            </structMember>
            <structMember name="progressInfo">
                <description>Textual information describing the actual state of the execution of the action.&#13;
</description>
                <domainExtension domain="ECIM">
                    <extension name="isNillable" value="true"/>
                </domainExtension>
                <string/>
            </structMember>
            <structMember name="progressPercentage">
                <description>Progress of the action. &#13;
The range is between 0 and 100.&#13;
&#13;
</description>
                <domainExtension domain="ECIM">
                    <extension name="isNillable" value="true"/>
                </domainExtension>
                <uint8/>
            </structMember>
            <structMember name="result">
                <description>Result state of completed action.&#13;
This field has the value NOT_AVAILABLE if the action is not finished.</description>
                <domainExtension domain="ECIM">
                    <extension name="isNillable" value="true"/>
                </domainExtension>
                <enumRef name="ActionResultType">
                    <mimName>MSRBS_V1_BrM</mimName>
                </enumRef>
            </structMember>
            <structMember name="resultInfo">
                <description>Textual description of the outcome/result of the action containing useful info for the NMS.&#13;
It can contain an error message if the action failed.&#13;
&#13;
</description>
                <domainExtension domain="ECIM">
                    <extension name="isNillable" value="true"/>
                </domainExtension>
                <string/>
            </structMember>
            <structMember name="state">
                <description>Current state of the action.</description>
                <domainExtension domain="ECIM">
                    <extension name="isNillable" value="true"/>
                </domainExtension>
                <enumRef name="ActionStateType">
                    <mimName>MSRBS_V1_BrM</mimName>
                </enumRef>
            </structMember>
            <structMember name="actionId">
                <description>Uniquely identifies the invocation of an action, when the MO allows invocation of more than one action at the time</description>
                <uint16/>
            </structMember>
            <structMember name="timeActionStarted">
                <description>The date and time when the current action was started.</description>
                <derivedDataTypeRef name="DateTime">
                    <mimName>MSRBS_V1_BrM</mimName>
                </derivedDataTypeRef>
            </structMember>
            <structMember name="timeActionCompleted">
                <description>The date and time when the action was completed (successfully or unsuccessfully).</description>
                <derivedDataTypeRef name="DateTime">
                    <mimName>MSRBS_V1_BrM</mimName>
                </derivedDataTypeRef>
            </structMember>
            <structMember name="timeOfLastStatusUpdate">
                <description>The date and time when the struct member state was last updated.</description>
                <derivedDataTypeRef name="DateTime">
                    <mimName>MSRBS_V1_BrM</mimName>
                </derivedDataTypeRef>
            </structMember>
        </struct>
        <enum name="DayOfWeekOccurrence">
            <description>The occurrence of a day in the month  for example the first Monday of the month.&#13;
This attribute is used in combination with DayOfWeek to schedule an event on a certain occurence of that day in the month, for example first Monday or last Friday of the month.</description>
            <enumMember name="FIRST">
                <description>First occurrence.</description>
                <value>1</value>
            </enumMember>
            <enumMember name="SECOND">
                <description>Second occurrence.</description>
                <value>2</value>
            </enumMember>
            <enumMember name="THIRD">
                <description>Third Occurrence.</description>
                <value>3</value>
            </enumMember>
            <enumMember name="FOURTH">
                <description>Fourth occurrence.</description>
                <value>4</value>
            </enumMember>
            <enumMember name="LAST">
                <description>The last occurrence.</description>
                <value>5</value>
            </enumMember>
            <enumMember name="ALL">
                <description>All occurrences.</description>
                <value>0</value>
            </enumMember>
        </enum>
        <enum name="BrmBackupCreationType">
            <description>Backup creation type.</description>
            <enumMember name="MANUAL">
                <description>Backup NOT created via BrmBackupScheduler MO.&#13;
This creation type describes backups created by any means other than BrmBackupScheduler MO; for example, by invoking createBackup() action on BrmBackupManager MO or by the implementation of ECIM SWM as preparation for a system upgrade.</description>
                <value>1</value>
            </enumMember>
            <enumMember name="SCHEDULED">
                <description>Backup created automatically via BrmBackupScheduler MO.</description>
                <value>2</value>
            </enumMember>
        </enum>
        <enum name="DayOfWeek">
            <description>Presents the day of the week.</description>
            <enumMember name="SUNDAY">
                <description>Sunday</description>
                <value>7</value>
            </enumMember>
            <enumMember name="MONDAY">
                <description>Monday</description>
                <value>1</value>
            </enumMember>
            <enumMember name="TUESDAY">
                <description>Tuesday</description>
                <value>2</value>
            </enumMember>
            <enumMember name="WEDNESDAY">
                <description>Wednesday</description>
                <value>3</value>
            </enumMember>
            <enumMember name="THURSDAY">
                <description>Thursday</description>
                <value>4</value>
            </enumMember>
            <enumMember name="FRIDAY">
                <description>Friday</description>
                <value>5</value>
            </enumMember>
            <enumMember name="SATURDAY">
                <description>Saturday</description>
                <value>6</value>
            </enumMember>
            <enumMember name="ALL">
                <description>All days.</description>
                <value>0</value>
            </enumMember>
        </enum>
        <enum name="ActionResultType">
            <description>Lists the different results of an action.&#13;
</description>
            <enumMember name="SUCCESS">
                <description>The asynchronous action has ended with success.</description>
                <value>1</value>
            </enumMember>
            <enumMember name="FAILURE">
                <description>The asynchronous action has ended with failure.</description>
                <value>2</value>
            </enumMember>
            <enumMember name="NOT_AVAILABLE">
                <description>No result is available yet.</description>
                <value>3</value>
            </enumMember>
        </enum>
        <enum name="BrmManualBackupAutoDelete">
            <description>Indicates whether or not BRM automatically does the housekeeping of manual backups.</description>
            <enumMember name="ENABLED">
                <description>Enabled</description>
                <value>1</value>
            </enumMember>
            <enumMember name="DISABLED">
                <description>Disabled.</description>
                <value>2</value>
            </enumMember>
        </enum>
        <enum name="ActionStateType">
            <description>Lists Action states.</description>
            <enumMember name="CANCELLING">
                <description>Cancellation is in progress.</description>
                <value>1</value>
            </enumMember>
            <enumMember name="RUNNING">
                <description>The execution of the action is currently executing.</description>
                <value>2</value>
            </enumMember>
            <enumMember name="FINISHED">
                <description>The action is finished.</description>
                <value>3</value>
            </enumMember>
            <enumMember name="CANCELLED">
                <description>The action has been cancelled and the cancellation is done.</description>
                <value>4</value>
            </enumMember>
        </enum>
        <enum name="BrmBackupStatus">
            <description>Indicates the status of a Backup. &#13;
The status will be INCOMPLETE during creation or deletion of a backup. Once a backup is successfully created, its status is COMPLETE. If the integrity of the backup is violated, then it is marked as CORRUPTED.</description>
            <enumMember name="BRM_BACKUP_COMPLETE">
                <description>The backup is complete and can be safely restored.</description>
                <value>1</value>
            </enumMember>
            <enumMember name="BRM_BACKUP_INCOMPLETE">
                <description>The backup is incomplete. The reason could be failure during creation or deletion.&#13;
An incomplete backup is never allowed to be restored. The only permissible operation on the incomplete backup is to delete it.</description>
                <value>2</value>
            </enumMember>
            <enumMember name="BRM_BACKUP_CORRUPTED">
                <description>The backup is corrupted. &#13;
A corrupted backup is never allowed to be restored. The only permissible operation on the corrupted backup is to delete it.</description>
                <value>3</value>
            </enumMember>
        </enum>
        <enum name="OperState">
            <description>The operational states of a resource.</description>
            <enumMember name="DISABLED">
                <description> The resource is  totally inoperable.</description>
                <value>0</value>
            </enumMember>
            <enumMember name="ENABLED">
                <description> The resource is partially or fully operable&#13;
</description>
                <value>1</value>
            </enumMember>
        </enum>
        <enum name="BasicAdmState">
            <description>The basic administrative states for a resource.&#13;
</description>
            <enumMember name="LOCKED">
                <description> The resource is administratively prohibited from performing services for its users.</description>
                <value>0</value>
            </enumMember>
            <enumMember name="UNLOCKED">
                <description> The resource is administratively permitted to perform services for its users. This is independent of its inherent operability.</description>
                <value>1</value>
            </enumMember>
        </enum>
        <derivedDataType name="Month">
            <description>Represents a month in digits.&#13;
The string format is "M" or "MM" (excluding quotes).&#13;
M or MM = One or two digit month (1 or 0 1=January, etc.)&#13;
0 denotes All Months.</description>
            <baseType>
                <int16>
                    <range>
                        <min>0</min>
                        <max>12</max>
                    </range>
                </int16>
            </baseType>
        </derivedDataType>
        <derivedDataType name="DateTime">
            <description>Represents the International Standard for the representation of date and time ( ISO 8601) . &#13;
The string format is "YYYY-MM-DDThh:mm:ss.SSSZ" (excluding quotes).&#13;
A DateTime string consists of a date part, a time part, and an optional time zone information part. The time zone part may be a "Z" representing UTC time zone (equals to +00) or a time zone offset (e.g., +02:00).&#13;
If the time zone part is not present, the DateTime value represents local time.&#13;
&#13;
The following pattern describes the DateTime format in detail:&#13;
YYYY-MM-DDThh:mm:ss[.S+][Z|+-hh:mm]&#13;
Where:&#13;
YYYY = four digit year&#13;
MM = two digit month (01=January, etc.)&#13;
DD = two digit day of month (01 through 31)&#13;
T = time designator (shows start of time component)&#13;
hh = two digits of hour (00 through 23, AM/PM not allowed)&#13;
mm = two digits of minute (00 through 59)&#13;
ss = two digits of second (00 through 59, leap second not allowed)&#13;
S+ = one or more digits of decimal fraction of a second&#13;
Z = time is Coordinated Universal Time (UTC)&#13;
+- = + or - character indicating positive or negative offset to UTC &#13;
&#13;
DateTime values are compliant with ISO 8601 "Representation of dates and times" but are restricted according to RFC 3339 "Date and Time on the Internet: Timestamps". The DateTime format is further restricted:&#13;
- T and Z designators are upper case.&#13;
- . (dot) is used to indicate start of fractions of seconds (ISO 8601 also allows comma)&#13;
&#13;
</description>
            <baseType>
                <string>
                    <lengthRange>
                        <min>19</min>
                        <max>31</max>
                    </lengthRange>
                    <validValues>^([0-9]{4})-(1[0-2]|0[1-9])-(0[1-9]|[1|2][0-9]|3[0-1])T(0[0-9]|1[0-9]|2[0-3]):([0-5][0-9]):([0-5][0-9])([\.][0-9]+){0,1}(([\+|\-](0[0-9]|1[0-9]|2[0-4])(:[0-5][0-9])?)|(Z)?)$</validValues>
                </string>
            </baseType>
        </derivedDataType>
        <derivedDataType name="Time">
            <description>Represents the local time ( ISO 8601) . &#13;
The following pattern describes the Time format in detail:&#13;
hh:mm:ss&#13;
Where:&#13;
hh      = two digits of hour (00 through 23, AM/PM not allowed)&#13;
mm      = two digits of minute (00 through 59)&#13;
ss      = two digits of second (00 through 59, leap second not allowed)&#13;
</description>
            <baseType>
                <string>
                    <validValues>^(0[0-9]|1[0-9]|2[0-3]):([0-5][0-9]):([0-5][0-9])$</validValues>
                </string>
            </baseType>
        </derivedDataType>
        <derivedDataType name="DayOfMonth">
            <description>Represents a day in  month in digits.&#13;
The string format is "D" or "DD"(excluding quotes).&#13;
D or DD = One or Two digit Day (1 through 31)&#13;
0 denotes All days.</description>
            <baseType>
                <int16>
                    <range>
                        <min>0</min>
                        <max>31</max>
                    </range>
                </int16>
            </baseType>
        </derivedDataType>
        <derivedDataType name="EcimPasswordString">
            <description>Holds the password string.</description>
            <baseType>
                <string/>
            </baseType>
        </derivedDataType>
        <derivedDataType name="ActionInvocationResult">
            <description>Indicates whether an asynchronous operation was successfully invoked. (The actual result of the operation will be communicated by other means.)

A value of zero indicates success. Non-zero error codes are implementation-specific.</description>
            <baseType>
                <int32/>
            </baseType>
        </derivedDataType>
        <class name="BrM">
            <description>ECIM Backup and Restore Management top-level class.&#13;
&#13;
ECIM BRM encompasses all the operations associated to the backup and restore of the managed element.</description>
            <systemCreated/>
            <root/>
            <attribute name="brMId">
                <description>The value component of the RDN. &#13;
</description>
                <mandatory/>
                <noNotification/>
                <restricted/>
                <key/>
                <dataType>
                    <string/>
                </dataType>
            </attribute>
            <attribute name="exportPackageLabelPrefix">
                <description>Free text to help better identify a backup export package when residing outside the ME.&#13;
If specified, BRM prepends this prefix to the label that it generates for the backup export package.</description>
                <domainExtension domain="ECIM">
                    <extension name="isNillable" value="true"/>
                </domainExtension>
                <dataType>
                    <string/>
                </dataType>
            </attribute>
        </class>
        <class name="BrmBackupManager">
            <description>Serves as container for Backup instances of a particular backupType and backupDomain.&#13;
&#13;
This class also provides the actions for creating new backups, importing backups from other locations, and deleting existing backups of the corresponding type and domain.</description>
            <systemCreated/>
            <action name="createBackup">
                <description>Create a new backup of the backupType and backupDomain managed by this BackupManager.&#13;
This is an asynchronous action - progress and result will be reported in the progressReport  attribute.</description>
                <returnType>
                    <derivedDataTypeRef name="ActionInvocationResult">
                        <mimName>MSRBS_V1_BrM</mimName>
                    </derivedDataTypeRef>
                </returnType>
                <parameter name="name">
                    <description>The name of the backup to create.&#13;
Input name validation is done by the implementation to disallow illegal names. Backup name validation rules are defined by the implementation and include duplicate backup names, names exceeding maximum allowed length, etc.</description>
                    <in/>
                    <dataType>
                        <string/>
                    </dataType>
                </parameter>
            </action>
            <action name="deleteBackup">
                <description>Delete a backup specified by its name and of the backupType and backupDomain managed by this BackupManager.&#13;
This is an asynchronous action - progress and result will be reported in the progressReport attribute.</description>
                <returnType>
                    <derivedDataTypeRef name="ActionInvocationResult">
                        <mimName>MSRBS_V1_BrM</mimName>
                    </derivedDataTypeRef>
                </returnType>
                <parameter name="name">
                    <description>The name of the backup to delete.</description>
                    <in/>
                    <dataType>
                        <string/>
                    </dataType>
                </parameter>
            </action>
            <action name="cancelCurrentAction">
                <description>Cancel an ongoing asychronous createBackup, deleteBackup, or importBackup operation.</description>
                <returnType>
                    <derivedDataTypeRef name="ActionInvocationResult">
                        <mimName>MSRBS_V1_BrM</mimName>
                    </derivedDataTypeRef>
                </returnType>
            </action>
            <action name="importBackup">
                <description>Import a backup using the specified uri.&#13;
This is an asynchronous action; progress and result will be reported in the progressReport attribute. Note that the type and domain of the backup to be imported must match the backup type and domain indicated by the instance of the backup manager on which this action is invoked.</description>
                <returnType>
                    <derivedDataTypeRef name="ActionInvocationResult">
                        <mimName>MSRBS_V1_BrM</mimName>
                    </derivedDataTypeRef>
                </returnType>
                <parameter name="uri">
                    <description>Specifies the location (url) of the backup to import or the resource name (urn) that encapsulates the backup import procedure.&#13;
&#13;
</description>
                    <in/>
                    <dataType>
                        <string/>
                    </dataType>
                </parameter>
                <parameter name="password">
                    <description>The password required to access the location specified by the uri.&#13;
If no password is required, this parameter is ignored.</description>
                    <in/>
                    <dataType>
                        <derivedDataTypeRef name="EcimPasswordString">
                            <mimName>MSRBS_V1_BrM</mimName>
                        </derivedDataTypeRef>
                    </dataType>
                </parameter>
            </action>
            <attribute name="brmBackupManagerId">
                <description>The value component of the RDN. &#13;
</description>
                <mandatory/>
                <noNotification/>
                <restricted/>
                <key/>
                <dataType>
                    <string/>
                </dataType>
            </attribute>
            <attribute name="backupType">
                <description> Type of backup, for example System Data or User Data &#13;
            </description>
                <readOnly/>
                <dataType>
                    <string/>
                </dataType>
            </attribute>
            <attribute name="backupDomain">
                <description>Backup domain, for example System</description>
                <readOnly/>
                <dataType>
                    <string/>
                </dataType>
            </attribute>
            <attribute name="progressReport">
                <description>Represents the progress report and  final result of the ongoing (asynchronous) action, for example createBackup. &#13;
This MO supports only one action to be executed at a time.&#13;
            </description>
                <readOnly/>
                <dataType>
                    <structRef name="AsyncActionProgress">
                        <mimName>MSRBS_V1_BrM</mimName>
                    </structRef>
                </dataType>
            </attribute>
        </class>
        <class name="BrmBackup">
            <description>Represents one backup of the type and domain specified by the BrmBackupManager in which it is contained.</description>
            <systemCreated/>
            <action name="restore">
                <description>Restore from this backup. This is an asynchronous action - progress and result will be reported in the progressReport attribute.</description>
                <returnType>
                    <derivedDataTypeRef name="ActionInvocationResult">
                        <mimName>MSRBS_V1_BrM</mimName>
                    </derivedDataTypeRef>
                </returnType>
            </action>
            <action name="cancelCurrentAction">
                <description>Cancel an ongoing asychronous restore or export operation.</description>
                <returnType>
                    <derivedDataTypeRef name="ActionInvocationResult">
                        <mimName>MSRBS_V1_BrM</mimName>
                    </derivedDataTypeRef>
                </returnType>
            </action>
            <action name="export">
                <description>Export the backup using the specified uri.&#13;

This is an asynchronous action; progress and result will be reported in the progressReport attribute. Note that when finished successfully, a copy of the backup has been transferred and the original backup remains in the ME.</description>
                <returnType>
                    <derivedDataTypeRef name="ActionInvocationResult">
                        <mimName>MSRBS_V1_BrM</mimName>
                    </derivedDataTypeRef>
                </returnType>
                <parameter name="uri">
                    <description>Specifies the location (url) where the backup is to be exported or the resource name (urn) that encapsulates the backup export procedure.&#13;
</description>
                    <in/>
                    <dataType>
                        <string/>
                    </dataType>
                </parameter>
                <parameter name="password">
                    <description>The password required to access the location specified by the uri.&#13;
If no password is required, this parameter is ignored.</description>
                    <in/>
                    <dataType>
                        <derivedDataTypeRef name="EcimPasswordString">
                            <mimName>MSRBS_V1_BrM</mimName>
                        </derivedDataTypeRef>
                    </dataType>
                </parameter>
            </action>
            <attribute name="brmBackupId">
                <description>The value component of the RDN. &#13;
</description>
                <mandatory/>
                <noNotification/>
                <restricted/>
                <key/>
                <dataType>
                    <string/>
                </dataType>
            </attribute>
            <attribute name="backupName">
                <description>Backup name, provided by the operator. </description>
                <readOnly/>
                <dataType>
                    <string/>
                </dataType>
            </attribute>
            <attribute name="creationTime">
                <description>Date and time when the backup was created (start time of backup procedure)</description>
                <readOnly/>
                <dataType>
                    <derivedDataTypeRef name="DateTime">
                        <mimName>MSRBS_V1_BrM</mimName>
                    </derivedDataTypeRef>
                </dataType>
            </attribute>
            <attribute name="status">
                <description>Status of the backup.</description>
                <readOnly/>
                <dataType>
                    <enumRef name="BrmBackupStatus">
                        <mimName>MSRBS_V1_BrM</mimName>
                    </enumRef>
                </dataType>
            </attribute>
            <attribute name="progressReport">
                <description>Represents the progress report and  final result of the ongoing (asynchronous) action in this MO, for example restore. &#13;
This MO supports only one action to be executed at a time.&#13;
            </description>
                <readOnly/>
                <dataType>
                    <structRef name="AsyncActionProgress">
                        <mimName>MSRBS_V1_BrM</mimName>
                    </structRef>
                </dataType>
            </attribute>
            <attribute name="creationType">
                <description>Creation type; whether manually created or automatically via BrmBackupScheduler.</description>
                <readOnly/>
                <dataType>
                    <enumRef name="BrmBackupCreationType">
                        <mimName>MSRBS_V1_BrM</mimName>
                    </enumRef>
                </dataType>
            </attribute>
        </class>
        <class name="BrmSingleEvent">
            <description>A single scheduled backup event.&#13;
This construct can be used to configure a single (one-shot) scheduled backup event by specifying the desired date and time.</description>
            <attribute name="brmSingleEventId">
                <description>The value component of the RDN. &#13;
</description>
                <mandatory/>
                <noNotification/>
                <restricted/>
                <key/>
                <dataType>
                    <string/>
                </dataType>
            </attribute>
            <attribute name="scheduledTime">
                <description>Scheduled time.</description>
                <mandatory/>
                <dataType>
                    <derivedDataTypeRef name="DateTime">
                        <mimName>MSRBS_V1_BrM</mimName>
                    </derivedDataTypeRef>
                </dataType>
            </attribute>
        </class>
        <class name="BrmPeriodicEvent">
            <description>Periodic backup event.&#13;
This construct can be used to configure a periodic scheduled backup event by specifying the number of months, weeks, days, hours, or minutes.  For instance, in order to configure a scheduled backup event to occur every 12 hours, the following setup must be done:&#13;&#13;
hours=12&#13;
The start time for calculating scheduled events is assumed to be the current system time by default, unless explicitly set using the startTime attribute. Furthermore, if the configured event is to stop at a specific date, stopTime attribute must be set accordingly. Note that the default value of stopTime is the end of century.</description>
            <attribute name="brmPeriodicEventId">
                <description>The value component of the RDN. &#13;
</description>
                <mandatory/>
                <noNotification/>
                <restricted/>
                <key/>
                <dataType>
                    <string/>
                </dataType>
            </attribute>
            <attribute name="startTime">
                <description>Start time. It is an optional attribute. If not specified, the implementation uses the current system time as the default value.</description>
                <domainExtension domain="ECIM">
                    <extension name="isNillable" value="true"/>
                </domainExtension>
                <dataType>
                    <derivedDataTypeRef name="DateTime">
                        <mimName>MSRBS_V1_BrM</mimName>
                    </derivedDataTypeRef>
                </dataType>
            </attribute>
            <attribute name="weeks">
                <description>The number of weeks.</description>
                <dataType>
                    <uint16>
                        <defaultValue>0</defaultValue>
                    </uint16>
                </dataType>
            </attribute>
            <attribute name="hours">
                <description>The number of hours.</description>
                <mandatory/>
                <dataType>
                    <uint16/>
                </dataType>
            </attribute>
            <attribute name="days">
                <description>The number of days.</description>
                <dataType>
                    <uint16>
                        <defaultValue>0</defaultValue>
                    </uint16>
                </dataType>
            </attribute>
            <attribute name="stopTime">
                <description>Stop time. It is an optional attribute. The default value is the end of the century.</description>
                <domainExtension domain="ECIM">
                    <extension name="isNillable" value="true"/>
                </domainExtension>
                <dataType>
                    <derivedDataTypeRef name="DateTime">
                        <defaultValue>2099-12-31T23:59:59</defaultValue>
                        <mimName>MSRBS_V1_BrM</mimName>
                    </derivedDataTypeRef>
                </dataType>
            </attribute>
            <attribute name="months">
                <description>The number of months.</description>
                <dataType>
                    <uint16>
                        <defaultValue>0</defaultValue>
                    </uint16>
                </dataType>
            </attribute>
            <attribute name="minutes">
                <description>The number of minutes.</description>
                <dataType>
                    <uint16>
                        <defaultValue>0</defaultValue>
                    </uint16>
                </dataType>
            </attribute>
        </class>
        <class name="BrmBackupHousekeeping">
            <description>Provides optional support for automated housekeeping of manually created backups. &#13;
&#13;
If autoDelete is set to ENABLED, before creating a new manual backup, BRM first checks the number of manual backups and if the limit specified by the value of maxStoredManualBackups is reached, BRM removes the oldest manual backup before creating a new one.</description>
            <systemCreated/>
            <attribute name="brmBackupHousekeepingId">
                <description>The value component of the RDN. &#13;
</description>
                <mandatory/>
                <noNotification/>
                <restricted/>
                <key/>
                <dataType>
                    <string/>
                </dataType>
            </attribute>
            <attribute name="maxStoredManualBackups">
                <description>Maximum number of manual backups (per backup type) to store in the ME. &#13;
When this limit is reached, if autoDelete=ENABLED, BRM removes the oldest manual backup before creating a new one; otherwise, an error is returned when createBackup() is invoked and the NMS must do the required housekeeping before attempting to create a new backup.</description>
                <dataType>
                    <uint16>
                        <defaultValue>5</defaultValue>
                    </uint16>
                </dataType>
            </attribute>
            <attribute name="autoDelete">
                <description>Determines whether automated housekeeping of manual backups is enabled. &#13;
If ENABLED and the number of backups already stored on the ME is equal to the value of maxStoredManualBackups, BRM removes the oldest backup before creating a new one. If set to DISABLED, BRM does not attempt to remove the oldest backup and instead returns failure when createBackup() is invoked.</description>
                <dataType>
                    <enumRef name="BrmManualBackupAutoDelete">
                        <defaultValue>ENABLED</defaultValue>
                        <mimName>MSRBS_V1_BrM</mimName>
                    </enumRef>
                </dataType>
            </attribute>
        </class>
        <class name="BrmBackupScheduler">
            <description>Provides optional support for scheduling of backup creation.&#13;
&#13;
Each instance of BrmBackupScheduler MOC serves as the backup scheduler for the backup type indicated by its parent instance of BrmBackupManager. The scheduled backup event(s) can be instance(s) of BrmSingleEvent MOC, BrmCalnedarBasedPeriodicEvent MOC, or BrmPeriodicEvent MOC contained in the instance of BrmBackupScheduler.</description>
            <systemCreated/>
            <attribute name="brmBackupSchedulerId">
                <description>The value component of the RDN.</description>
                <mandatory/>
                <noNotification/>
                <restricted/>
                <key/>
                <dataType>
                    <string/>
                </dataType>
            </attribute>
            <attribute name="maxStoredScheduledBackups">
                <description>The maximum number of scheduled backups (per backup type) to store in the ME.&#13;
When this limit is reached, the oldest scheduled backup is deleted by BRM before creating a new one.</description>
                <domainExtension domain="ECIM">
                    <extension name="isNillable" value="true"/>
                </domainExtension>
                <dataType>
                    <uint16>
                        <defaultValue>5</defaultValue>
                    </uint16>
                </dataType>
            </attribute>
            <attribute name="scheduledBackupName">
                <description>The configurable portion of the scheduled backup name.&#13;
The scheduled backups are named &lt;scheduledBackupName&gt;-&lt;creation date and time&gt;, where creation date and time is of type DateTime defined in the common library.</description>
                <domainExtension domain="ECIM">
                    <extension name="isNillable" value="true"/>
                </domainExtension>
                <dataType>
                    <string>
                        <defaultValue>BACKUP</defaultValue>
                    </string>
                </dataType>
            </attribute>
            <attribute name="progressReport">
                <description>Reports the progress and final result of the ongoing (asynchronous) scheduled backup operation.</description>
                <domainExtension domain="ECIM">
                    <extension name="isNillable" value="true"/>
                </domainExtension>
                <readOnly/>
                <dataType>
                    <structRef name="AsyncActionProgress">
                        <mimName>MSRBS_V1_BrM</mimName>
                    </structRef>
                </dataType>
            </attribute>
            <attribute name="mostRecentlyCreatedAutoBackup">
                <description>The name of the scheduled backup created most recently by the backup scheduler.</description>
                <domainExtension domain="ECIM">
                    <extension name="isNillable" value="true"/>
                </domainExtension>
                <readOnly/>
                <dataType>
                    <string/>
                </dataType>
            </attribute>
            <attribute name="adminState">
                <description>Administrative state of the scheduler.</description>
                <dataType>
                    <enumRef name="BasicAdmState">
                        <defaultValue>UNLOCKED</defaultValue>
                        <mimName>MSRBS_V1_BrM</mimName>
                    </enumRef>
                </dataType>
            </attribute>
            <attribute name="schedulerState">
                <description>Operational state of the scheduler.&#13;
&#13;
The state ENABLED confirms that the scheduler is successfully configured and that the next event has been calculated. The state DISABLED indicates that no more scheduled events will be triggered by the scheduler.</description>
                <domainExtension domain="ECIM">
                    <extension name="isNillable" value="true"/>
                </domainExtension>
                <readOnly/>
                <dataType>
                    <enumRef name="OperState">
                        <mimName>MSRBS_V1_BrM</mimName>
                    </enumRef>
                </dataType>
            </attribute>
            <attribute name="nextScheduledTime">
                <description>The date and time when the next scheduled event will be triggered.&#13;
This is the earliest scheduled event from among the set of configured events (single, periodic and calendar-based periodic events).</description>
                <domainExtension domain="ECIM">
                    <extension name="isNillable" value="true"/>
                </domainExtension>
                <readOnly/>
                <dataType>
                    <derivedDataTypeRef name="DateTime">
                        <mimName>MSRBS_V1_BrM</mimName>
                    </derivedDataTypeRef>
                </dataType>
            </attribute>
        </class>
        <class name="BrmCalendarBasedPeriodicEvent">
            <description>Periodic backup event using calendar-based interval.&#13;
This construct can be used to configure a periodic scheduled backup event by specifying the desired interval using calendar. For instance, in order to configure a scheduled backup event to occur every night at 2:00 am, the following setup must be done:&#13;
time=02:00:00&#13;
The start time for calculating scheduled events is assumed to be the current system time by default, unless explicitly set using the startTime attribute. Furthermore, if the configured event is to stop at a specific date, stopTime attribute must be set accordingly. Note that the default value of stopTime is the end of century.&#13;
A scheduled backup event of this type is triggered only if ALL the conditions with regard to attribute values are satisfied. For example, if "dayOfWeek" is set to Monday and "dayOfMonth" is set to 1, the event will be triggered only if the first day of month is Monday.&#13;
Daylight saving adjustments in Spring and Fall are addressed such that the affected scheduled backup events are triggered exactly once.</description>
            <attribute name="brmCalendarBasedPeriodicEventId">
                <description>The value component of the RDN.</description>
                <mandatory/>
                <noNotification/>
                <restricted/>
                <key/>
                <dataType>
                    <string/>
                </dataType>
            </attribute>
            <attribute name="dayOfWeek">
                <description>Day of week.</description>
                <dataType>
                    <enumRef name="DayOfWeek">
                        <defaultValue>ALL</defaultValue>
                        <mimName>MSRBS_V1_BrM</mimName>
                    </enumRef>
                </dataType>
            </attribute>
            <attribute name="month">
                <description>Month.&#13;
</description>
                <dataType>
                    <derivedDataTypeRef name="Month">
                        <defaultValue>0</defaultValue>
                        <mimName>MSRBS_V1_BrM</mimName>
                    </derivedDataTypeRef>
                </dataType>
            </attribute>
            <attribute name="stopTime">
                <description>Stop time. It is an optional attribute. The default value is the end of the century.</description>
                <dataType>
                    <derivedDataTypeRef name="DateTime">
                        <defaultValue>2099-12-31T23:59:59</defaultValue>
                        <mimName>MSRBS_V1_BrM</mimName>
                    </derivedDataTypeRef>
                </dataType>
            </attribute>
            <attribute name="dayOfMonth">
                <description>Day of month. &#13;
</description>
                <dataType>
                    <derivedDataTypeRef name="DayOfMonth">
                        <defaultValue>0</defaultValue>
                        <mimName>MSRBS_V1_BrM</mimName>
                    </derivedDataTypeRef>
                </dataType>
            </attribute>
            <attribute name="dayOfWeekOccurrence">
                <description>The occurrence of the day of week specified by dayOfWeek attribute in the month.</description>
                <dataType>
                    <enumRef name="DayOfWeekOccurrence">
                        <defaultValue>ALL</defaultValue>
                        <mimName>MSRBS_V1_BrM</mimName>
                    </enumRef>
                </dataType>
            </attribute>
            <attribute name="time">
                <description>This is the time (hour and minute) when the scheduled event must occur.&#13;
The string format is "hh:mm"&#13;
where&#13;
hh= two digits of hour (00 through 23, AM/PM not allowed)&#13;
mm= two digits of minute(00 to 59)&#13;
</description>
                <mandatory/>
                <dataType>
                    <derivedDataTypeRef name="Time">
                        <mimName>MSRBS_V1_BrM</mimName>
                    </derivedDataTypeRef>
                </dataType>
            </attribute>
            <attribute name="startTime">
                <description>Start time. It is an optional attribute. If not specified, the implementation uses the current system time as the default value.</description>
                <domainExtension domain="ECIM">
                    <extension name="isNillable" value="true"/>
                </domainExtension>
                <dataType>
                    <derivedDataTypeRef name="DateTime">
                        <mimName>MSRBS_V1_BrM</mimName>
                    </derivedDataTypeRef>
                </dataType>
            </attribute>
        </class>
        <class name="BrmRollbackAtRestore">
            <description>Provides support for confirmation of a restore action or automatic rollback after a restore operation that is not confirmed.&#13;
The existence of an instance of this class indicates that this feature is supported by the implementation. </description>
            <systemCreated/>
            <action name="confirmRestore">
                <description>Invoking this action indicates acceptance of the previously executed restore operation.&#13;
The restore supervision timer (counting down from the initial value indicated by the timeAllowedBeforeRollback attribute) will be stopped upon the invocation of this action. If this action is not invoked before the supervision timer expires, the system will be restored to the state it was in before the last restore operation was invoked. This is a synchronous action.</description>
                <returnType>
                    <derivedDataTypeRef name="ActionInvocationResult">
                        <mimName>MSRBS_V1_BrM</mimName>
                    </derivedDataTypeRef>
                </returnType>
            </action>
            <attribute name="brmRollbackAtRestoreId">
                <description>The value component of the RDN.</description>
                <mandatory/>
                <noNotification/>
                <restricted/>
                <key/>
                <dataType>
                    <string/>
                </dataType>
            </attribute>
            <attribute name="timeAllowedBeforeRollback">
                <description>Number of seconds to wait for confirmRestore action invocation before performing the rollback to the state before restore.</description>
                <domainExtension domain="ECIM">
                    <extension name="isNillable" value="true"/>
                </domainExtension>
                <dataType>
                    <uint16>
                        <defaultValue>3600</defaultValue>
                    </uint16>
                </dataType>
            </attribute>
            <attribute name="timeRemainingBeforeRollback">
                <description>Remaining number of seconds before performing the rollback to the state before restore.&#13;
The countdown stops after confirmRestore action is invoked on the BrmBackup MO representing the restored backup. If confirmRestore action is not invoked before the expiration of the rollback timer, an automatic rollback is triggered. Countdown starts at restore and stops when confirmRestore() is invoked.&#13;

</description>
                <domainExtension domain="ECIM">
                    <extension name="isNillable" value="true"/>
                </domainExtension>
                <readOnly/>
                <dataType>
                    <uint16/>
                </dataType>
            </attribute>
        </class>
        <relationship name="BrM_to_BrmBackupManager">
            <containment>
                <parent>
                    <hasClass name="BrM">
                        <mimName>MSRBS_V1_BrM</mimName>
                    </hasClass>
                </parent>
                <child>
                    <hasClass name="BrmBackupManager">
                        <mimName>MSRBS_V1_BrM</mimName>
                    </hasClass>
                    <cardinality>
                        <min>0</min>
                    </cardinality>
                </child>
            </containment>
        </relationship>
        <relationship name="BrmBackupManager_to_BrmBackup">
            <containment>
                <parent>
                    <hasClass name="BrmBackupManager">
                        <mimName>MSRBS_V1_BrM</mimName>
                    </hasClass>
                </parent>
                <child>
                    <hasClass name="BrmBackup">
                        <mimName>MSRBS_V1_BrM</mimName>
                    </hasClass>
                    <cardinality>
                        <min>0</min>
                    </cardinality>
                </child>
            </containment>
        </relationship>
        <relationship name="BrmBackupManager_to_BrmBackupHousekeeping">
            <containment>
                <parent>
                    <hasClass name="BrmBackupManager">
                        <mimName>MSRBS_V1_BrM</mimName>
                    </hasClass>
                </parent>
                <child>
                    <hasClass name="BrmBackupHousekeeping">
                        <mimName>MSRBS_V1_BrM</mimName>
                    </hasClass>
                    <cardinality>
                        <min>0</min>
                        <max>1</max>
                    </cardinality>
                </child>
            </containment>
        </relationship>
        <relationship name="BrmBackupScheduler_to_BrmSingleEvent">
            <containment>
                <parent>
                    <hasClass name="BrmBackupScheduler">
                        <mimName>MSRBS_V1_BrM</mimName>
                    </hasClass>
                </parent>
                <child>
                    <hasClass name="BrmSingleEvent">
                        <mimName>MSRBS_V1_BrM</mimName>
                    </hasClass>
                    <cardinality>
                        <min>0</min>
                        <max>5</max>
                    </cardinality>
                </child>
            </containment>
        </relationship>
        <relationship name="BrmBackupScheduler_to_BrmPeriodicEvent">
            <containment>
                <parent>
                    <hasClass name="BrmBackupScheduler">
                        <mimName>MSRBS_V1_BrM</mimName>
                    </hasClass>
                </parent>
                <child>
                    <hasClass name="BrmPeriodicEvent">
                        <mimName>MSRBS_V1_BrM</mimName>
                    </hasClass>
                    <cardinality>
                        <min>0</min>
                        <max>5</max>
                    </cardinality>
                </child>
            </containment>
        </relationship>
        <relationship name="BrmBackupManager_to_BrmBackupScheduler">
            <containment>
                <parent>
                    <hasClass name="BrmBackupManager">
                        <mimName>MSRBS_V1_BrM</mimName>
                    </hasClass>
                </parent>
                <child>
                    <hasClass name="BrmBackupScheduler">
                        <mimName>MSRBS_V1_BrM</mimName>
                    </hasClass>
                    <cardinality>
                        <min>0</min>
                        <max>1</max>
                    </cardinality>
                </child>
            </containment>
        </relationship>
        <relationship name="BrmBackupScheduler_to_BrmCalendarBasedPeriodicEvent">
            <containment>
                <parent>
                    <hasClass name="BrmBackupScheduler">
                        <mimName>MSRBS_V1_BrM</mimName>
                    </hasClass>
                </parent>
                <child>
                    <hasClass name="BrmCalendarBasedPeriodicEvent">
                        <mimName>MSRBS_V1_BrM</mimName>
                    </hasClass>
                    <cardinality>
                        <min>0</min>
                        <max>5</max>
                    </cardinality>
                </child>
            </containment>
        </relationship>
        <relationship name="BrM_to_BrmRollbackAtRestore">
            <containment>
                <parent>
                    <hasClass name="BrM">
                        <mimName>MSRBS_V1_BrM</mimName>
                    </hasClass>
                </parent>
                <child>
                    <hasClass name="BrmRollbackAtRestore">
                        <mimName>MSRBS_V1_BrM</mimName>
                    </hasClass>
                    <cardinality>
                        <min>0</min>
                        <max>1</max>
                    </cardinality>
                </child>
            </containment>
        </relationship>
    </mim>
    
    
    
    
    
    
    
    
    
    
    
    
    
    
    
    
    
    
    
    
    
    
    
    
    
    
    
    
    
    
    <interMim>
        <relationship name="SystemFunctions_to_BrM">
            <containment>
                <parent>
                    <hasClass name="SystemFunctions">
                        <mimName>ComTop</mimName>
                    </hasClass>
                </parent>
                <child>
                    <hasClass name="BrM">
                        <mimName>MSRBS_V1_BrM</mimName>
                    </hasClass>
                    <cardinality>
                        <min>1</min>
                        <max>1</max>
                    </cardinality>
                </child>
            </containment>
        </relationship>
    </interMim>
    
    
    
    
    
    
    
    
    
    
    
    
    
    
    
    
    
    
    
    
    
    
    
    
    
    
    
    
    
    
    
    
    
    
    
    
    
    
    
</models>