<?xml version="1.0" encoding="UTF-8"?><!--
	Copyright (c) 2013 Ericsson AB. 
	All rights reserved 

	DX ECIM Tool-chain generated this file on Jun 28, 2013 1:54:33 PM using:
	* com.ericsson.ecim.m2m 2.6.3.201303181606
	* com.ericsson.ecim.dsl 2.6.3.201303181606
	* com.ericsson.ecim.edm 2.6.3.201303181606
--><!DOCTYPE models SYSTEM "mp.dtd">
<models>
    <dtdVersion>E1</dtdVersion>
    <momMetaData>
        <momTitle>MSRBS_V1</momTitle>
        <momSubTitle>Version CXP R1A</momSubTitle>
        <momIdentity>
            <docNum>0</docNum>
            <docLang>English</docLang>
            <docRev>0</docRev>
            <docDate>28.06.2013</docDate>
        </momIdentity>
    </momMetaData>
    
    
    
    
    
    
    
    
    
    
    
    
    
    
    
    
    
    
    
    
    
    
    
    
    
    
    
    <mim author="Sampo Rahikkala" contact="Saija Sipola" date="26.06.2013" docNo="" name="MSRBS_V1_T_L3_AddressIPv4" namespace="urn:com:ericsson:ecim:MSRBS_V1_T_L3_AddressIPv4" namespacePrefix="scp_t_l3_addressipv4" organization="Albatross" release="0" revision="" version="1">
        <description>Assigned IPv4 addresses.</description>
        <domainExtension domain="ECIM">
            <extension name="ecimMomName" value="ECIM_T_L3_Ipv4Address"/>
            <extension name="ecimMomVersion" value="0"/>
            <extension name="ecimMomRelease" value="2"/>
            <extension name="immNamespace" value="NONE"/>
        </domainExtension>
        <enum name="OriginIpv4">
            <description>The possible origins of an assigned IP address.</description>
            <enumMember name="DHCP">
                <description>DHCP Route Origin</description>
                <value>1</value>
            </enumMember>
            <enumMember name="IKEV2">
                <description>Internet Key Exchange Router Advertisement</description>
                <value>2</value>
            </enumMember>
            <enumMember name="STATIC">
                <description>Route Type system config</description>
                <value>0</value>
            </enumMember>
        </enum>
        <derivedDataType name="Ipv4AddressAndPrefixLengthStr">
            <description>'Unicast IPv4 address'/'prefix length' string.&#13;
&#13;
Address should be specified in dotted-quad decimal notation in accordance with RFC791.&#13;
IPv4 address within range [1-126,128-223].[0-255].[0-255].[0-255], 7-15 characters. Prefix is a number 0 to 32.&#13;
&#13;
 &#13;
Regex:&#13;
(^((0?0?[1-9]|22[0-3]|2[01][0-9]|1[013456789][0-9]|12[012345689]|0?[1-9][0-9])\.(25[0-5]|2[0-4][0-9]|[01]?[0-9][0-9]?)\.(25[0-5]|2[0-4][0-9]|[01]?[0-9][0-9]?)\.(25[0-5]|2[0-4][0-9]|[01]?[0-9][0-9]?))/([0-9]|[1-2][0-9]|3[0-2])$)&#13;
&#13;
Example: 01.001.2.2/28</description>
            <baseType>
                <string>
                    <validValues>(^((0?0?[1-9]|22[0-3]|2[01][0-9]|1[013456789][0-9]|12[012345689]|0?[1-9][0-9])\.(25[0-5]|2[0-4][0-9]|[01]?[0-9][0-9]?)\.(25[0-5]|2[0-4][0-9]|[01]?[0-9][0-9]?)\.(25[0-5]|2[0-4][0-9]|[01]?[0-9][0-9]?))/([0-9]|[1-2][0-9]|3[0-2])$)</validValues>
                </string>
            </baseType>
        </derivedDataType>
        <class name="AddressIPv4">
            <description>This Managed Object (MO) provides the Ipv4 assigned address and includes information about the subnet on which it resides.</description>
            <systemCreated/>
            <root/>
            <attribute name="addressIPv4Id">
                <description>The value component of the RDN.</description>
                <mandatory/>
                <noNotification/>
                <restricted/>
                <key/>
                <dataType>
                    <string/>
                </dataType>
            </attribute>
            <attribute name="address">
                <description>This attribute specifies the IPv4 address.</description>
				<domainExtension domain="RBS6401">
					<extension name="takesEffect" value="1"/>
				</domainExtension>
                <domainExtension domain="ECIM">
                    <extension name="isNillable" value="true"/>
                </domainExtension>
                <dataType>
                    <derivedDataTypeRef name="Ipv4AddressAndPrefixLengthStr">
                        <mimName>MSRBS_V1_T_L3_AddressIPv4</mimName>
                    </derivedDataTypeRef>
                </dataType>
                <takesEffect>at restart.</takesEffect>
            </attribute>
            <attribute name="userLabel">
                <description>Label for free use.</description>
                <domainExtension domain="ECIM">
                    <extension name="isNillable" value="true"/>
                </domainExtension>
                <dataType>
                    <string/>
                </dataType>
            </attribute>
            <attribute name="origin">
                <description>Specifies who provides this address. If the attribute origin is not STATIC, the address field is read-only.</description>
                <domainExtension domain="ECIM">
                    <extension name="isNillable" value="true"/>
                </domainExtension>
                <dataType>
                    <enumRef name="OriginIpv4">
                        <defaultValue>STATIC</defaultValue>
                        <mimName>MSRBS_V1_T_L3_AddressIPv4</mimName>
                    </enumRef>
                </dataType>
            </attribute>
        </class>
    </mim>
    
    
    
    
    
    
    
    
    
    
    
    
    
    
    
    
    
    
    
    
    
    
    
    
    
    
    
    
    
    
    <interMim>
        <relationship name="InterfaceIPv4_to_AddressIPv4">
            <containment>
                <parent>
                    <hasClass name="InterfaceIPv4">
                        <mimName>MSRBS_V1_T_L3_InterfaceIPv4</mimName>
                    </hasClass>
                </parent>
                <child>
                    <hasClass name="AddressIPv4">
                        <mimName>MSRBS_V1_T_L3_AddressIPv4</mimName>
                    </hasClass>
                    <cardinality>
                        <min>1</min>
                        <max>1</max>
                    </cardinality>
                </child>
            </containment>
        </relationship>
    </interMim>
    
    
    
    
    
    
    
    
    
    
    
    
    
    
    
    
    
    
    
    
</models>