<?xml version="1.0" encoding="UTF-8"?><!--
	Copyright (c) 2013 Ericsson AB. 
	All rights reserved 

	DX ECIM Tool-chain generated this file on Jun 28, 2013 1:54:33 PM using:
	* com.ericsson.ecim.m2m 2.6.3.201303181606
	* com.ericsson.ecim.dsl 2.6.3.201303181606
	* com.ericsson.ecim.edm 2.6.3.201303181606
--><!DOCTYPE models SYSTEM "mp.dtd">
<models>
    <dtdVersion>E1</dtdVersion>
    <momMetaData>
        <momTitle>MSRBS_V1</momTitle>
        <momSubTitle>Version CXP R1A</momSubTitle>
        <momIdentity>
            <docNum>0</docNum>
            <docLang>English</docLang>
            <docRev>0</docRev>
            <docDate>28.06.2013</docDate>
        </momIdentity>
    </momMetaData>
    
    
    
    
    
    
    
    
    
    
    
    
    
    
    
    
    
    
    
    
    
    
    
    <mim author="Sampo Rahikkala" contact="Saija Sipola" date="27.06.2013" docNo="" name="MSRBS_V1_T_EquipmentClock" namespace="urn:com:ericsson:ecim:MSRBS_V1_T_EquipmentClock" namespacePrefix="scp_t_equipmentclock" organization="Albatross" release="1" revision="" version="1">
        <description>MSRBS_V1 Transport Synchronization equipment clock Model, based on ECIM Transport Synchronization equipment clock Model release=1, version=0.</description>
        <domainExtension domain="ECIM">
            <extension name="immNamespace" value="NONE"/>
        </domainExtension>
        <enum name="EquipmentClockState">
            <description>State of equipment clock.</description>
            <enumMember name="FREE_RUN">
                <description>The equipment clock is in freerun state.</description>
                <value>1</value>
            </enumMember>
            <enumMember name="HOLDOVER">
                <description>The equipment clock is in holdover state.</description>
                <value>2</value>
            </enumMember>
            <enumMember name="LOCKED">
                <description>Equipment internal clock is in Locked state.</description>
                <value>3</value>
            </enumMember>
            <enumMember name="LOCKING">
                <description>The equipment clock is in locking state.&#13;
&#13;
The state indicates that the equipment clock is locking to a reference. It is a intermediate state.</description>
                <value>4</value>
            </enumMember>
        </enum>
        <enum name="EnableStatus">
            <description>Specifies the lock state of sync reference.</description>
            <enumMember name="DISABLED">
                <description>The reference can be considered available.</description>
                <value>0</value>
            </enumMember>
            <enumMember name="ENABLED">
                <description>The reference is in lockout state. This cause it to be no longer considered available by the selection process.</description>
                <value>1</value>
            </enumMember>
        </enum>
        <enum name="ReferenceStatus">
            <description>Status of sync reference.&#13;
The value is deceided by the current capability of underlying sync port.</description>
            <enumMember name="FAILED">
                <description>FAILED means this reference is not available.</description>
                <value>1</value>
            </enumMember>
            <enumMember name="SLAVE">
                <description>SLAVE - Sync reference can only receive sync signal, can't send.</description>
                <value>3</value>
            </enumMember>
        </enum>
        <derivedDataType name="ReferencePriority">
            <description>Priority of sync reference.&#13;
&#13;
Products implement specific max priority value '*'. &#13;
The relation is present as: “1” &gt; “2” &gt;“3” &gt; ..&gt;“*” &gt; disabled. 0 means the reference is disabled.</description>
            <baseType>
                <uint8>
                    <range>
                        <min>0</min>
                        <max>5</max>
                    </range>
                </uint8>
            </baseType>
        </derivedDataType>
        <class name="RadioEquipmentClock">
            <description>This Managed Object (MO) Implements the pRBS internal clock functionality.&#13;
&#13;
Several EquipmentClockReference instances can be associated with this MO in order to join the radio equipment clock selection algorithm.</description>
            <systemCreated/>
            <root/>
            <specification>ITU-T G.781</specification>
            <attribute name="radioEquipmentClockId">
                <description>The value component of the RDN.</description>
                <mandatory/>
                <noNotification/>
                <restricted/>
                <key/>
                <dataType>
                    <string/>
                </dataType>
            </attribute>
            <attribute name="clockState">
                <description>This attribute shows the state of the equipment clock.</description>
                <nonPersistent/>
                <readOnly/>
                <dataType>
                    <enumRef name="EquipmentClockState">
                        <mimName>MSRBS_V1_T_EquipmentClock</mimName>
                    </enumRef>
                </dataType>
            </attribute>
            <attribute name="equipmentClockPriorityTable">
                <description>Shows all the equipment clock references in one place.&#13;
If no equipment clock reference exists, the value is NULL.</description>
                <readOnly/>
                <dataType>
                    <sequence>
                        <moRef name="EquipmentClockReference">
                            <mimName>MSRBS_V1_T_EquipmentClock</mimName>
                        </moRef>
                        <minLength>0</minLength>
                        <maxLength>5</maxLength>
                        <nonUnique/>
                    </sequence>
                </dataType>
            </attribute>
        </class>
        <class name="EquipmentClockReference">
            <description>This Managed Object (MO) is the radio equipment clock Synchronization Reference.</description>
            <systemCreated/>
            <attribute name="equipmentClockReferenceId">
                <description>The value component of the RDN.</description>
                <mandatory/>
                <noNotification/>
                <restricted/>
                <key/>
                <dataType>
                    <string/>
                </dataType>
            </attribute>
            <attribute name="lockOut">
                <description>Specifies the lock state of sync reference.</description>
                <domainExtension domain="ECIM">
                    <extension name="isNillable" value="true"/>
                </domainExtension>
                <dataType>
                    <enumRef name="EnableStatus">
                        <defaultValue>DISABLED</defaultValue>
                        <mimName>MSRBS_V1_T_EquipmentClock</mimName>
                    </enumRef>
                </dataType>
                <specification>ITU-T G.781</specification>
            </attribute>
            <attribute name="encapsulation">
                <description>This attribute specifies the underlying encapsulation of the synchronization reference.</description>
                <readOnly/>
                <dataType>
                    <moRef name="ManagedObject"/>
                </dataType>
            </attribute>
            <attribute name="referenceStatus">
                <description>Shows the synchronization reference status.
The value is determined by the current capability of the underlying synchronization port.</description>
                <nonPersistent/>
                <readOnly/>
                <dataType>
                    <enumRef name="ReferenceStatus">
                        <defaultValue>FAILED</defaultValue>
                        <mimName>MSRBS_V1_T_EquipmentClock</mimName>
                    </enumRef>
                </dataType>
            </attribute>
            <attribute name="priority">
                <description>Specifies the synchronization reference priority.</description>
                <readOnly/>
                <dataType>
                    <derivedDataTypeRef name="ReferencePriority">
                        <mimName>MSRBS_V1_T_EquipmentClock</mimName>
                    </derivedDataTypeRef>
                </dataType>
                <specification>ITU-T G.781</specification>
            </attribute>
        </class>
        <relationship name="RadioEquipmentClock_to_EquipmentClockReference">
            <containment>
                <parent>
                    <hasClass name="RadioEquipmentClock">
                        <mimName>MSRBS_V1_T_EquipmentClock</mimName>
                    </hasClass>
                </parent>
                <child>
                    <hasClass name="EquipmentClockReference">
                        <mimName>MSRBS_V1_T_EquipmentClock</mimName>
                    </hasClass>
                    <cardinality>
                        <min>1</min>
                        <max>5</max>
                    </cardinality>
                </child>
            </containment>
        </relationship>
    </mim>
    
    
    
    
    
    
    
    
    
    
    
    
    
    
    
    
    
    
    
    
    
    
    
    
    
    
    
    
    
    
    <interMim>
        <relationship name="Synchronization_to_RadioEquipmentClock">
            <containment>
                <parent>
                    <hasClass name="Synchronization">
                        <mimName>MSRBS_V1_T_Synchronization</mimName>
                    </hasClass>
                </parent>
                <child>
                    <hasClass name="RadioEquipmentClock">
                        <mimName>MSRBS_V1_T_EquipmentClock</mimName>
                    </hasClass>
                    <cardinality>
                        <min>1</min>
                        <max>1</max>
                    </cardinality>
                </child>
            </containment>
        </relationship>
    </interMim>
    
    
    
    
    
    
    
    
    
    
    
    
    
    
    
    
    
    
    
    
    
    
    
    
</models>