<?xml version="1.0" encoding="UTF-8"?><!--
	Copyright (c) 2013 Ericsson AB. 
	All rights reserved 

	DX ECIM Tool-chain generated this file on Jun 28, 2013 1:54:33 PM using:
	* com.ericsson.ecim.m2m 2.6.3.201303181606
	* com.ericsson.ecim.dsl 2.6.3.201303181606
	* com.ericsson.ecim.edm 2.6.3.201303181606
--><!DOCTYPE models SYSTEM "mp.dtd">
<models>
    <dtdVersion>E1</dtdVersion>
    <momMetaData>
        <momTitle>MSRBS_V1</momTitle>
        <momSubTitle>Version CXP R1A</momSubTitle>
        <momIdentity>
            <docNum>0</docNum>
            <docLang>English</docLang>
            <docRev>0</docRev>
            <docDate>28.06.2013</docDate>
        </momIdentity>
    </momMetaData>
    
    
    
    
    
    
    
    
    
    
    
    
    
    <mim author="Sampo Rahikkala" contact="Saija Sipola" date="26.06.2013" docNo="" name="MSRBS_V1_T_DNSClient" namespace="urn:com:ericsson:ecim:MSRBS_V1_T_DNSClient" namespacePrefix="scp_t_dnsclient" organization="Albatross" release="0" revision="" version="1">
        <description>Origin version is from ECIM_Transport_IP version="0" release="1"</description>
        <domainExtension domain="ECIM">
            <extension name="immNamespace" value="NONE"/>
        </domainExtension>
        <derivedDataType name="IpUnicastAddressStr">
            <description>IPv4 address string, controlled by a regular expression.&#13;
&#13;
Address should be specified in dotted-quad decimal notation in accordance with RFC791.&#13;
IPv4 address within range [1-126,128-223].[0-255].[0-255].[0-255], 7-15 characters. &#13;
Valid characters: 0123456789.&#13;
&#13;
Regex:&#13;
(^(0?0?[1-9]|22[0-3]|2[01][0-9]|1[013456789][0-9]|12[012345689]|0?[1-9][0-9])\.(25[0-5]|2[0-4][0-9]|[01]?[0-9][0-9]?)\.(25[0-5]|2[0-4][0-9]|[01]?[0-9][0-9]?)\.(25[0-5]|2[0-4][0-9]|[01]?[0-9][0-9]?))&#13;
&#13;
Examples: 1.1.1.1, 01.001.255.255 </description>
            <baseType>
                <string>
                    <lengthRange>
                        <min>1</min>
                        <max>253</max>
                    </lengthRange>
                    <validValues>(^(0?0?[1-9]|22[0-3]|2[01][0-9]|1[013456789][0-9]|12[012345689]|0?[1-9][0-9])\.(25[0-5]|2[0-4][0-9]|[01]?[0-9][0-9]?)\.(25[0-5]|2[0-4][0-9]|[01]?[0-9][0-9]?)\.(25[0-5]|2[0-4][0-9]|[01]?[0-9][0-9]?))|(^(0\.0\.0\0?))</validValues>
                </string>
            </baseType>
        </derivedDataType>
        <class name="DnsClient">
            <description>The DNS client.</description>
            <systemCreated/>
            <root/>
            <attribute name="dnsClientId">
                <description>The value component of the RDN.</description>
                <mandatory/>
                <noNotification/>
                <restricted/>
                <key/>
                <dataType>
                    <string/>
                </dataType>
            </attribute>
            <attribute name="serverAddress">
                <description>The address of the DNS server.</description>
				<domainExtension domain="RBS6401">
					<extension name="takesEffect" value="1"/>
				</domainExtension>
                <dataType>
                    <sequence>
                        <derivedDataTypeRef name="IpUnicastAddressStr">
                            <mimName>MSRBS_V1_T_DNSClient</mimName>
                        </derivedDataTypeRef>
                        <minLength>0</minLength>
                        <maxLength>3</maxLength>
                        <nonUnique/>
                    </sequence>
                </dataType>
                <takesEffect>at restart.</takesEffect>
            </attribute>
        </class>
    </mim>
    
    
    
    
    
    
    
    
    
    
    
    
    
    
    
    
    
    
    
    
    
    
    
    
    
    
    
    
    
    
    <interMim>
        <relationship name="Host_to_DnsClient">
            <containment>
                <parent>
                    <hasClass name="Host">
                        <mimName>MSRBS_V1_T_L3_Host</mimName>
                    </hasClass>
                </parent>
                <child>
                    <hasClass name="DnsClient">
                        <mimName>MSRBS_V1_T_DNSClient</mimName>
                    </hasClass>
                    <cardinality>
                        <min>0</min>
                        <max>1</max>
                    </cardinality>
                </child>
            </containment>
        </relationship>
    </interMim>
    
    
    
    
    
    
    
    
    
    
    
    
    
    
    
    
    
    
    
    
    
    
    
    
    
    
    
    
    
    
    
    
    
    
</models>